up_id,uname,fans,tid_gen,tid_sub,biz_scale_rank,biz_active_rank,biz_trend_rank,biz_score,gmv_30d,avg_daily_gmv,ecpvv,charge_users,cvr,charge_level,biz_level,conclusion
39627524,食贫道,9378267,美食,美食侦探,5,5,2,3.5,2063651,68788.37,323.79,194509,3.05,高,中,双栖偏充电：商单一般，充电已成主要收入来源
23947287,小约翰可汗,10724888,知识,人文历史,4,3,1,2.25,351613,11720.43,217.81,33796,2.09,高,低,充电主力型：商单下行+充电强，充电意愿极高
14583962,思维实验室,8205962,知识,人文历史,3,3,1,2,342616,11420.53,133,32427,1.26,高,低,充电主力型：商单下行+充电强，充电意愿极高
1039025435,战国时代_姜汁汽水,746478,知识,财经商业,2,4,4,3.5,272714,9090.47,419.03,8829,1.36,高,中,双栖偏充电：商单一般，充电已成主要收入来源
504934876,渤海小吏,4217046,知识,人文历史,4,4,3,3.5,247289,8242.97,168.35,23241,1.58,高,中,双栖偏充电：商单一般，充电已成主要收入来源
648113003,沈逸老师,2894272,知识,社科·法律·心理,2,2,1,1.5,202191,6739.7,270.82,7194,0.96,高,低,充电主力型：商单下行+充电强，充电意愿极高
942755,迷影至下Filmlast,2447528,影视,影视杂谈,3,5,4,4,191832,6394.4,135.88,12095,0.86,高,高,双栖强势型：商单充电双高，变现能力极强
316627722,世界见闻录,2197623,知识,人文历史,4,5,4,4.25,125729,4190.97,75.29,6575,0.39,高,高,双栖强势型：商单充电双高，变现能力极强
8049684,绝命墨菲,1937369,影视,影视杂谈,2,4,5,4,106186,3539.53,176.03,6747,1.12,高,高,双栖强势型：商单充电双高，变现能力极强
27756330,好笑那个小鹿,195949,娱乐,综艺,2,2,3,2.5,105560,3518.67,348.99,6647,2.2,高,中,双栖偏充电：商单一般，充电已成主要收入来源
1191790767,世界大抬杠,1285392,知识,人文历史,3,4,4,3.75,90349,3011.63,60.85,8516,0.57,中,中,双栖均衡型：商单充电均中等，需观察趋势
1054162081,天秤Dav,352011,音乐,乐评盘点,2,4,2,2.5,83946,2798.2,262.08,3230,1.01,中,中,双栖均衡型：商单充电均中等，需观察趋势
654552,圆桌动漫,5572145,动画,国产原创相关,3,4,2,2.75,73810,2460.33,113.11,4726,0.72,中,中,双栖均衡型：商单充电均中等，需观察趋势
618442764,树懒小结界,486188,影视,影视杂谈,2,2,1,1.5,71501,2383.37,84.19,4289,0.51,中,低,充电成长型：商单下行，充电有基础，重点培养对象
10119428,小片片说大片,7974185,影视,影视杂谈,4,5,1,2.75,70406,2346.87,82.35,4494,0.53,中,中,双栖均衡型：商单充电均中等，需观察趋势
7481602,安州牧,2497910,知识,人文历史,3,2,4,3.25,70289,2342.97,130.81,5995,1.12,中,中,双栖均衡型：商单充电均中等，需观察趋势
454719565,奇闻观察室,4005551,知识,人文历史,2,4,3,3,59912,1997.07,78.26,2233,0.29,中,中,双栖均衡型：商单充电均中等，需观察趋势
10330740,观察者网,7308441,资讯,环球,3,2,1,1.75,56534,1884.47,239.15,1240,0.52,中,低,充电成长型：商单下行，充电有基础，重点培养对象
2539073,女王泡面,1080123,影视,影视杂谈,2,3,3,2.75,53754,1791.8,122.65,3237,0.74,中,中,双栖均衡型：商单充电均中等，需观察趋势
346563107,波士顿圆脸,5548342,资讯,环球,4,5,4,4.25,51803,1726.77,55.23,1844,0.2,中,高,商单主力试水型：商单仍强但已开始充电，观察转化
601599567,不嘚瑟都掉毛,1621780,知识,人文历史,2,2,2,2,48638,1621.27,89.48,4562,0.84,中,低,充电成长型：商单下行，充电有基础，重点培养对象
596847138,棱镜Talk,1959752,知识,社科·法律·心理,2,4,5,4,47772,1592.4,59.43,1790,0.22,中,高,商单主力试水型：商单仍强但已开始充电，观察转化
322595106,圆某人和四某人,1394415,游戏,电子竞技,3,4,5,4.25,45753,1525.1,135.3,2910,0.86,中,高,商单主力试水型：商单仍强但已开始充电，观察转化
617213164,飞奔啊蜗牛,588692,影视,影视杂谈,2,4,3,3,43632,1454.4,195.23,1522,0.68,中,中,双栖均衡型：商单充电均中等，需观察趋势
693450094,嗑书的阿冉叔,1431034,知识,人文历史,2,3,3,2.75,42749,1424.97,138.65,1605,0.52,中,中,双栖均衡型：商单充电均中等，需观察趋势
3629946,红色社畜,775844,动画,同人·手书,2,3,5,3.75,41482,1382.73,60.56,2647,0.39,中,中,双栖均衡型：商单充电均中等，需观察趋势
486633990,我是江无情,2231657,知识,人文历史,3,5,2,3,39921,1330.7,60.42,2526,0.38,中,中,双栖均衡型：商单充电均中等，需观察趋势
238365787,老猫鱼不吃鱼,818783,知识,财经商业,3,5,4,4,37768,1258.93,66.29,1433,0.25,中,高,商单主力试水型：商单仍强但已开始充电，观察转化
438173577,卢克文工作室,4609692,资讯,人文历史,4,5,5,4.75,37553,1251.77,78.07,1046,0.22,中,高,商单主力试水型：商单仍强但已开始充电，观察转化
927587,木鱼水心,14567017,影视,影视杂谈,2,1,3,2.25,36895,1229.83,86.59,3544,0.83,中,低,充电成长型：商单下行，充电有基础，重点培养对象
8096990,啊粥粥啊粥,3577728,影视,影视杂谈,3,3,3,3,35515,1183.83,65.08,3348,0.61,中,中,双栖均衡型：商单充电均中等，需观察趋势
1575688490,CLS同学,1075566,知识,财经商业,3,4,2,2.75,35486,1182.87,226.93,1281,0.82,中,中,双栖均衡型：商单充电均中等，需观察趋势
14048220,马刀刻森,2470301,动画,同人·手书,4,3,1,2.25,30139,1004.63,56.66,1897,0.36,中,低,充电成长型：商单下行，充电有基础，重点培养对象
63486758,范李猿,2762815,付费,综合,3,2,2,2.25,29802,993.4,167.56,1090,0.61,中,低,充电成长型：商单下行，充电有基础，重点培养对象
664086886,鹏城杰森,1031179,知识,人文历史,3,5,4,4,27241,908.03,85.83,1018,0.32,中,高,商单主力试水型：商单仍强但已开始充电，观察转化
119801456,老蒋巨靠谱,1423343,生活,其他,4,4,1,2.5,26677,889.23,124.56,2542,1.19,中,中,双栖均衡型：商单充电均中等，需观察趋势
601367419,破壁狗,680273,知识,人文历史,2,3,1,1.75,26235,874.5,71.72,959,0.26,中,低,充电成长型：商单下行，充电有基础，重点培养对象
216025,尕丶天堂,1631505,动画,动漫杂谈,3,5,2,3,26073,869.1,196.14,1676,1.26,中,中,双栖均衡型：商单充电均中等，需观察趋势
4134740,咸鱼小汉堡,1104311,娱乐,娱乐杂谈,2,3,5,3.75,25423,847.43,47.13,1634,0.3,中,中,双栖均衡型：商单充电均中等，需观察趋势
34840587,海棠家的大肥鱼,1843286,影视,影视剪辑,3,3,5,4,23513,783.77,58.76,2241,0.56,中,高,商单主力试水型：商单仍强但已开始充电，观察转化
1611053412,杨升Alex,173908,知识,人文历史,2,4,5,4,23475,782.5,206,862,0.76,中,高,商单主力试水型：商单仍强但已开始充电，观察转化
18127732,让让悠哉大王,427679,影视,影视杂谈,2,4,4,3.5,21146,704.87,81.97,1988,0.77,中,中,双栖均衡型：商单充电均中等，需观察趋势
316568752,马督工,2206373,知识,社科·法律·心理,4,5,4,4.25,20444,681.47,172.77,1271,1.07,中,高,商单主力试水型：商单仍强但已开始充电，观察转化
23326926,柳行长,1545657,知识,财经商业,2,3,5,3.75,19974,665.8,181.48,742,0.67,中,中,双栖均衡型：商单充电均中等，需观察趋势
2920960,大祥哥来了,4527258,美食,美食测评,3,4,2,2.75,19791,659.7,104.71,1838,0.97,中,中,双栖均衡型：商单充电均中等，需观察趋势
386869863,培根悖论唠唠嗑,2757541,影视,影视杂谈,3,4,2,2.75,19457,648.57,87.28,1222,0.55,中,中,双栖均衡型：商单充电均中等，需观察趋势
646732586,瞎问虾猜丶,2100717,生活,搞笑,3,5,2,3,17855,595.17,51.29,1140,0.33,中,中,双栖均衡型：商单充电均中等，需观察趋势
283195854,小说家Puckio,1222407,知识,人文历史,2,3,3,2.75,17643,588.1,129.41,670,0.49,中,中,双栖均衡型：商单充电均中等，需观察趋势
1570971364,追娘娘特别肝,823400,影视,影视杂谈,2,4,2,2.5,16874,562.47,60,1094,0.39,中,中,双栖均衡型：商单充电均中等，需观察趋势
559186307,前进四放映室,986162,影视,影视杂谈,3,2,5,3.75,16202,540.07,103.05,617,0.39,中,中,双栖均衡型：商单充电均中等，需观察趋势
489640651,新石器公园,971650,知识,科学科普,2,2,5,3.5,14957,498.57,129.64,942,0.82,中,中,双栖均衡型：商单充电均中等，需观察趋势
13611123,投研部杨摸鱼,629579,知识,财经商业,2,2,5,3.5,14740,491.33,160.18,491,0.53,中,中,双栖均衡型：商单充电均中等，需观察趋势
450057491,新雨_Paul,585728,知识,人文历史,2,4,2,2.5,14564,485.47,184.01,911,1.15,中,中,双栖均衡型：商单充电均中等，需观察趋势
731771,点金小侯,344510,知识,财经商业,2,3,2,2.25,13372,445.73,311.4,340,0.79,中,低,充电成长型：商单下行，充电有基础，重点培养对象
41801982,李翔看世界,187273,资讯,日常,2,3,1,1.75,13278,442.6,131.45,447,0.44,中,低,充电成长型：商单下行，充电有基础，重点培养对象
11646119,正直讲史-李正Str,2973179,知识,人文历史,3,3,5,4,12905,430.17,12.27,1110,0.11,中,高,商单主力试水型：商单仍强但已开始充电，观察转化
383551518,水论文的程序猿-水导,1116176,知识,校园学习,2,3,1,1.75,11435,381.17,189.27,411,0.68,中,低,充电成长型：商单下行，充电有基础，重点培养对象
94281836,文西与阿漆,4076206,影视,搞笑,3,5,5,4.5,11381,379.37,22.89,911,0.18,中,高,商单主力试水型：商单仍强但已开始充电，观察转化
9596327,卡慕SaMa,2529739,游戏,单机游戏,3,4,1,2.25,11038,367.93,30.26,718,0.2,中,低,充电成长型：商单下行，充电有基础，重点培养对象
98666360,汉森白JW,1556342,知识,人文历史,2,3,1,1.75,10278,342.6,107.75,660,0.69,中,低,充电成长型：商单下行，充电有基础，重点培养对象
13716885,猫叔慢跑,970947,运动,健身,2,2,3,2.5,9157,305.23,174.31,300,0.57,低,中,待激活型：商单一般充电弱，需运营介入
14081338,白夜梦的摸鱼时间,1139708,动画,同人·手书,2,2,3,2.5,6931,231.03,211.02,445,1.35,低,中,待激活型：商单一般充电弱，需运营介入
2196632,兰矛RS,1167742,动画,同人·手书,3,4,4,3.75,6658,221.93,65.41,641,0.63,低,中,待激活型：商单一般充电弱，需运营介入
33064694,夜车Azuya,1406065,动画,综合,2,4,2,2.5,6131,204.37,32.43,299,0.16,低,中,待激活型：商单一般充电弱，需运营介入
81824112,导演小策,3350569,生活,搞笑,4,3,5,4.25,6105,203.5,80.31,396,0.52,低,高,商单依赖型：商单强且趋势好，短期转充电可能性极低
289189019,戏京同志,2460197,知识,社科·法律·心理,2,2,1,1.5,5799,193.3,26.84,276,0.13,低,低,低活跃型：商单充电均弱，需评估内容潜力
4925207,芙芙家的洗碗君,3335104,动画,动漫杂谈,3,4,3,3.25,5616,187.2,67.34,357,0.43,低,中,待激活型：商单一般充电弱，需运营介入
397180707,油管小王子Terry,454200,运动,篮球,2,4,5,4,5585,186.17,31.78,354,0.2,低,高,商单依赖型：商单强且趋势好，短期转充电可能性极低
1968595,鹦鹉梨,2166138,时尚,穿搭,4,4,5,4.5,5523,184.1,24.64,355,0.16,低,高,商单依赖型：商单强且趋势好，短期转充电可能性极低
613668875,攻心与汉桑,207352,知识,人文历史,2,4,3,3,5298,176.6,77.7,203,0.3,低,中,待激活型：商单一般充电弱，需运营介入
325864133,飞天闪客,423888,科技,计算机技术,3,3,5,4,5147,171.57,159.21,488,1.51,低,高,商单依赖型：商单强且趋势好，短期转充电可能性极低
74112426,倓张TanZ,325554,时尚,运动文化,2,3,2,2.25,5133,171.1,90.57,296,0.52,低,低,低活跃型：商单充电均弱，需评估内容潜力
124542069,图图凸凸凸耶,1038648,动画,同人·手书,2,2,1,1.5,4839,161.3,80.67,299,0.5,低,低,低活跃型：商单充电均弱，需评估内容潜力
1117551831,江湖弃子,1071361,知识,人文历史,2,3,5,3.75,4782,159.4,48.47,286,0.29,低,中,待激活型：商单一般充电弱，需运营介入
593251783,本子在隔壁,1297173,知识,社科·法律·心理,3,3,5,4,4700,156.67,297.04,178,1.12,低,高,商单依赖型：商单强且趋势好，短期转充电可能性极低
302299393,张志浩在剥柚,1350348,影视,影视杂谈,2,3,1,1.75,3956,131.87,132.11,257,0.86,低,低,低活跃型：商单充电均弱，需评估内容潜力
496688267,凉子访谈录,2425834,生活,日常,2,2,3,2.5,2955,98.5,159.2,270,1.45,低,中,待激活型：商单一般充电弱，需运营介入
503302,高原守Channel,638553,游戏,桌游棋牌,2,5,4,3.75,2887,96.23,26.81,164,0.15,低,中,待激活型：商单一般充电弱，需运营介入
43831821,百里浪丶,435197,游戏,单机游戏,2,5,2,2.75,2237,74.57,140.24,84,0.53,低,中,待激活型：商单一般充电弱，需运营介入
11684621,太阳星sunstar,3175594,知识,人文历史,3,3,4,3.5,1863,62.1,132.43,117,0.83,低,中,待激活型：商单一般充电弱，需运营介入
26032219,FoFTG,4036095,游戏,单机游戏,4,4,2,3,1592,53.07,8.97,105,0.06,低,中,待激活型：商单一般充电弱，需运营介入
285499073,东尼ookii,5244437,生活,日常,4,3,2,2.75,1532,51.07,136.97,146,1.31,低,中,待激活型：商单一般充电弱，需运营介入
1442646750,星霜喵,668285,知识,人文历史,2,4,3,3,1491,49.7,17.45,94,0.11,低,中,待激活型：商单一般充电弱，需运营介入
290548469,冲浪普拉斯,1621484,知识,财经商业,4,3,1,2.25,1258,41.93,71.6,17,0.1,低,低,商单衰退型：曾经商单强但趋势下行，充电转化黄金窗口
17054540,小丙摩托车评中心,715532,汽车,摩托车,2,4,1,2,1139,37.97,40.53,96,0.34,低,低,商单衰退型：曾经商单强但趋势下行，充电转化黄金窗口
31261235,L另唐,1453515,国创,国产原创相关,3,3,3,3,923,30.77,46.7,59,0.3,低,中,待激活型：商单一般充电弱，需运营介入
1265680561,永雏塔菲,2192545,动画,综合,3,5,2,3,900,30,192.6,65,1.39,低,中,待激活型：商单一般充电弱，需运营介入
14097567,花叔v,199781,科技,计算机技术,3,3,5,4,822,27.4,103.61,30,0.38,低,高,商单依赖型：商单强且趋势好，短期转充电可能性极低
4477242,文化遗产搬运委员会,1180130,知识,人文历史,3,3,1,2,658,21.93,135.09,62,1.27,低,低,低活跃型：商单充电均弱，需评估内容潜力
8937568,特别中二的q3君,2852643,游戏,单机游戏,2,2,5,3.5,624,20.8,4.2,37,0.02,低,中,待激活型：商单一般充电弱，需运营介入
13736113,有机社会,1269680,知识,人文历史,2,3,5,3.75,516,17.2,80.89,50,0.78,低,中,待激活型：商单一般充电弱，需运营介入
355805783,深秋不是鸡腿子,400244,知识,科学科普,2,5,2,2.75,516,17.2,69.73,49,0.66,低,中,待激活型：商单一般充电弱，需运营介入
286187082,大耳朵TV,1112888,科技,数码,2,3,1,1.75,490,16.33,13.48,32,0.09,低,低,低活跃型：商单充电均弱，需评估内容潜力
373448384,MK的鹦鹉,1124288,动物圈,小宠异宠,2,5,3,3.25,487,16.23,101.56,24,0.5,低,中,待激活型：商单一般充电弱，需运营介入
584762039,多明海,1318339,知识,人文历史,3,5,3,3.5,482,16.07,120.23,31,0.77,低,中,待激活型：商单一般充电弱，需运营介入
421912906,天下一场梦,1790738,动物圈,小宠异宠,2,5,2,2.75,456,15.2,9.44,21,0.04,低,中,待激活型：商单一般充电弱，需运营介入
314216,随义のfreely,448531,游戏,单机游戏,2,5,2,2.75,437,14.57,128.72,20,0.59,低,中,待激活型：商单一般充电弱，需运营介入
73528331,摩斯神探,3621617,影视,影视杂谈,3,5,4,4,408,13.6,47.24,25,0.29,低,高,商单依赖型：商单强且趋势好，短期转充电可能性极低
1628139107,真实电竞,1027600,游戏,电子竞技,2,5,2,2.75,399,13.3,7.79,26,0.05,低,中,待激活型：商单一般充电弱，需运营介入
517986781,南半球聊财经,874124,知识,财经商业,2,4,2,2.5,391,13.03,115.34,15,0.44,低,中,待激活型：商单一般充电弱，需运营介入
4976111,龚琳娜,588061,音乐,音乐现场,2,1,3,2.25,387,12.9,71.09,25,0.46,低,低,低活跃型：商单充电均弱，需评估内容潜力
169896163,一拳人OPM,1007239,游戏,单机游戏,2,3,1,1.75,372,12.4,33.84,23,0.21,低,低,低活跃型：商单充电均弱，需评估内容潜力
266765166,漫士沉思录,1379517,知识,科学科普,3,3,4,3.5,369,12.3,243.56,24,1.58,低,中,待激活型：商单一般充电弱，需运营介入
69837092,战争研究所,543836,知识,人文历史,2,5,1,2.25,363,12.1,43.3,13,0.16,低,低,商单衰退型：曾经商单强但趋势下行，充电转化黄金窗口
39101587,虾米大模王,1156931,动画,模玩·周边,2,4,2,2.5,354,11.8,173.96,8,0.39,低,中,待激活型：商单一般充电弱，需运营介入
401315430,星瞳_Official,1108814,动画,综合,2,3,5,3.75,340,11.33,131.12,13,0.5,低,中,待激活型：商单一般充电弱，需运营介入
1574624,糕哥枣糕DAZE,1312448,时尚,仿妆cos,2,3,5,3.75,333,11.1,46.82,16,0.22,低,中,待激活型：商单一般充电弱，需运营介入
549117578,大闲人贾白,959582,知识,财经商业,2,2,0,1,300,10,107.37,18,0.64,低,低,低活跃型：商单充电均弱，需评估内容潜力
267083972,野原新之助天下第一,433177,生活,出行,3,5,1,2.5,229,7.63,23.8,8,0.08,低,中,待激活型：商单一般充电弱，需运营介入
34262915,瑞典厨师,799490,音乐,音乐综合,3,4,1,2.25,213,7.1,23.9,11,0.12,低,低,商单衰退型：曾经商单强但趋势下行，充电转化黄金窗口
1485277312,真红莉爱Official,1318505,动画,综合,2,5,1,2.25,183,6.1,57.67,12,0.38,低,低,商单衰退型：曾经商单强但趋势下行，充电转化黄金窗口
225179867,KurTips,949921,知识,野生技能协会,2,2,3,2.5,177,5.9,213.25,7,0.84,低,中,待激活型：商单一般充电弱，需运营介入
2350559,菌烨tako,1944143,生活,其他,2,2,3,2.5,173,5.77,53.26,11,0.34,低,中,待激活型：商单一般充电弱，需运营介入
39597640,拣尽南枝,640773,知识,人文历史,2,4,5,4,148,4.93,47.27,14,0.45,低,高,商单依赖型：商单强且趋势好，短期转充电可能性极低
300159010,印度胖亚瑟,1040845,生活,日常,2,4,5,4,144,4.8,36.54,9,0.23,低,高,商单依赖型：商单强且趋势好，短期转充电可能性极低
213845897,天才简史,1981043,知识,人文历史,2,3,1,1.75,144,4.8,65.9,9,0.41,低,低,低活跃型：商单充电均弱，需评估内容潜力
230983435,心河摆渡,1366029,知识,社科·法律·心理,3,3,3,3,134,4.47,142.86,5,0.53,低,中,待激活型：商单一般充电弱，需运营介入
256283682,奇趣研究奇叔,609512,知识,人文历史,2,4,5,4,126,4.2,25.89,8,0.16,低,高,商单依赖型：商单强且趋势好，短期转充电可能性极低
1724598,森纳映画,2481922,游戏,单机游戏,3,3,5,4,107,3.57,9.15,11,0.09,低,高,商单依赖型：商单强且趋势好，短期转充电可能性极低
8366990,-欣小萌-,5796789,生活,日常,4,5,2,3.25,101,3.37,77.4,8,0.61,低,中,待激活型：商单一般充电弱，需运营介入
17819768,电影最TOP,6105637,影视,影视杂谈,3,3,1,2,74,2.47,45.71,7,0.43,低,低,低活跃型：商单充电均弱，需评估内容潜力
410558000,疝气曾伊森,1553837,知识,科学科普,2,3,5,3.75,70,2.33,75.59,7,0.76,低,中,待激活型：商单一般充电弱，需运营介入
1767542,笨尼尼子,1773992,游戏,单机游戏,2,5,2,2.75,63,2.1,32.31,4,0.21,低,中,待激活型：商单一般充电弱，需运营介入
408663169,爱德华说,420830,知识,职业职场,2,4,2,2.5,58,1.93,138.76,2,0.48,低,中,待激活型：商单一般充电弱，需运营介入
25577001,舒灿,168343,科技,数码,3,4,5,4.25,57,1.9,131.03,4,0.92,低,高,商单依赖型：商单强且趋势好，短期转充电可能性极低
1020580402,不定式NextIdea,112518,生活,日常,2,3,4,3.25,57,1.9,250,2,0.88,低,中,待激活型：商单一般充电弱，需运营介入
23791195,科学透镜,1736392,知识,科学科普,3,4,3,3.25,50,1.67,1136.36,2,4.55,低,中,待激活型：商单一般充电弱，需运营介入
478301389,酷温Coolwin,372899,知识,财经商业,2,4,1,2,48,1.6,73.85,3,0.46,低,低,商单衰退型：曾经商单强但趋势下行，充电转化黄金窗口
295482806,阎鹤祥,143341,娱乐,明星综合,3,1,3,2.5,45,1.5,73.17,1,0.16,低,中,待激活型：商单一般充电弱，需运营介入
111714204,胖胖地球君,324739,知识,科学科普,2,3,2,2.25,42,1.4,162.79,1,0.39,低,低,低活跃型：商单充电均弱，需评估内容潜力
415890389,高坂大芥末,483410,游戏,网络游戏,2,4,2,2.5,40,1.33,72.33,4,0.72,低,中,待激活型：商单一般充电弱，需运营介入
592095891,硬汉形象26,1602812,运动,健身,3,3,5,4,40,1.33,70.05,4,0.7,低,高,商单依赖型：商单强且趋势好，短期转充电可能性极低
56173,星白Knut,541233,知识,人文历史,2,4,2,2.5,34,1.13,45.09,3,0.4,低,中,待激活型：商单一般充电弱，需运营介入
6731340,分析师蓝宝石,525637,游戏,电子竞技,2,5,4,3.75,33,1.1,27.71,2,0.17,低,中,待激活型：商单一般充电弱，需运营介入
641217,第七翼刀,1987190,生活,搞笑,3,5,5,4.5,30,1,4.79,2,0.03,低,高,商单依赖型：商单强且趋势好，短期转充电可能性极低
316480033,地缘志,594443,知识,人文历史,2,4,2,2.5,30,1,44.05,2,0.29,低,中,待激活型：商单一般充电弱，需运营介入
2077733317,烛不遥,619740,动画,综合,2,5,1,2.25,25,0.83,1.18,2,0.01,低,低,商单衰退型：曾经商单强但趋势下行，充电转化黄金窗口
642892779,帅山姆先生,1733334,付费,综合,2,2,3,2.5,25,0.83,139.67,1,0.56,低,中,待激活型：商单一般充电弱，需运营介入
337312411,翠花不太脆,2108850,音乐,原创音乐,2,2,0,1,25,0.83,32.98,1,0.13,低,低,低活跃型：商单充电均弱，需评估内容潜力
162183,原子能,179532,科技,计算机技术,3,4,2,2.75,25,0.83,110.62,1,0.44,低,中,待激活型：商单一般充电弱，需运营介入
152389373,NBzhuoc大,2542961,游戏,单机游戏,2,3,1,1.75,23,0.77,2.99,3,0.04,低,低,低活跃型：商单充电均弱，需评估内容潜力
12820125,钱丢丢-,1545194,知识,人文历史,2,2,2,2,22,0.73,100.46,2,0.91,低,低,低活跃型：商单充电均弱，需评估内容潜力
3066511,特效小哥studio,4658346,生活,搞笑,5,5,3,4,20,0.67,106.38,2,1.06,低,高,商单依赖型：商单强且趋势好，短期转充电可能性极低
1457639978,正说清代十二朝,1075069,影视,影视杂谈,2,5,2,2.75,18,0.6,131.39,1,0.73,低,中,待激活型：商单一般充电弱，需运营介入
307367742,魏武挥鞭否,478853,影视,影视杂谈,2,4,2,2.5,15,0.5,31.78,1,0.21,低,中,待激活型：商单一般充电弱，需运营介入
172809260,晨露ZLQ,1321833,游戏,单机游戏,2,3,5,3.75,0,0,0,0,0,无,中,待激活型：商单一般充电弱，需运营介入
51325330,不死斩剑圣,364324,游戏,电子竞技,2,5,2,2.75,0,0,0,0,0,无,中,待激活型：商单一般充电弱，需运营介入
1711522882,KerryDowdle,2744058,生活,日常,4,4,4,4,0,0,0,0,0,无,高,商单依赖型：商单强且趋势好，短期转充电可能性极低
193580090,御风大世界,141121,科技,计算机技术,3,4,2,2.75,0,0,0,0,0,无,中,待激活型：商单一般充电弱，需运营介入
570064,章北海official,2042434,知识,社科·法律·心理,3,5,1,2.5,0,0,0,0,0,无,中,待激活型：商单一般充电弱，需运营介入
67079745,玄离199,629697,科技,软件应用,3,4,2,2.75,0,0,0,0,0,无,中,待激活型：商单一般充电弱，需运营介入
388477943,薪儿姐师尊,1579808,影视,小剧场,4,4,1,2.5,0,0,0,0,0,无,中,待激活型：商单一般充电弱，需运营介入
375040863,你是想气死1酱么,1034563,游戏,电子竞技,2,3,5,3.75,0,0,0,0,0,无,中,待激活型：商单一般充电弱，需运营介入
261168118,小豹城市探索,294211,生活,出行,3,4,4,3.75,0,0,0,0,0,无,中,待激活型：商单一般充电弱，需运营介入
322892,痒局长,2472234,游戏,单机游戏,2,2,2,2,0,0,0,0,0,无,低,低活跃型：商单充电均弱，需评估内容潜力
677865752,芜湖大司马,1588145,生活,搞笑,2,1,0,0.75,0,0,0,0,0,无,低,低活跃型：商单充电均弱，需评估内容潜力
48875744,十里漫漫,457554,国创,国产原创相关,2,5,2,2.75,0,0,0,0,0,无,中,待激活型：商单一般充电弱，需运营介入
383423248,AndyTalk,439917,科技,数码,2,3,4,3.25,0,0,0,0,0,无,中,待激活型：商单一般充电弱，需运营介入
545795620,能量君andy,2516870,生活,日常,2,2,5,3.5,0,0,0,0,0,无,中,待激活型：商单一般充电弱，需运营介入
7457931,精罗伯爵,298364,知识,社科·法律·心理,2,5,5,4.25,0,0,0,0,0,无,高,商单依赖型：商单强且趋势好，短期转充电可能性极低
3405037,小牛-Calf,99681,游戏,网络游戏,2,4,5,4,0,0,0,0,0,无,高,商单依赖型：商单强且趋势好，短期转充电可能性极低
11097284,康哟喂,1630338,生活,出行,3,2,0,1.25,0,0,0,0,0,无,低,低活跃型：商单充电均弱，需评估内容潜力
50524284,毒舌大表哥,178857,游戏,单机游戏,2,4,2,2.5,0,0,0,0,0,无,中,待激活型：商单一般充电弱，需运营介入
2169841,帷幕VMovie,585986,动画,同人·手书,4,3,5,4.25,0,0,0,0,0,无,高,商单依赖型：商单强且趋势好，短期转充电可能性极低
216844,玩偶菌,1359051,动画,动漫杂谈,3,4,2,2.75,0,0,0,0,0,无,中,待激活型：商单一般充电弱，需运营介入
2017611,利利那TD25,1157052,动画,模玩·周边,3,3,2,2.5,0,0,0,0,0,无,中,待激活型：商单一般充电弱，需运营介入
314076440,鱼C-小甲鱼,1347074,科技,计算机技术,2,2,0,1,0,0,0,0,0,无,低,低活跃型：商单充电均弱，需评估内容潜力
111095065,黑旗团队,1271820,影视,小剧场,2,2,5,3.5,0,0,0,0,0,无,中,待激活型：商单一般充电弱，需运营介入
23008074,有轶见,549062,知识,社科·法律·心理,2,4,2,2.5,0,0,0,0,0,无,中,待激活型：商单一般充电弱，需运营介入
8237763,阿张RayZhang,2090656,音乐,单机游戏,4,5,2,3.25,0,0,0,0,0,无,中,待激活型：商单一般充电弱，需运营介入
434376696,阿Test正经比比,2542463,知识,财经商业,5,4,3,3.75,0,0,0,0,0,无,中,待激活型：商单一般充电弱，需运营介入
10820826,小余皮得一,319123,生活,搞笑,2,3,5,3.75,0,0,0,0,0,无,中,待激活型：商单一般充电弱，需运营介入
12913627,橘域网,475904,动物圈,喵星人,2,4,5,4,0,0,0,0,0,无,高,商单依赖型：商单强且趋势好，短期转充电可能性极低
283691575,吉罗很快乐,404189,运动,足球,2,5,3,3.25,0,0,0,0,0,无,中,待激活型：商单一般充电弱，需运营介入
351783646,爱足球的谢宇宁,163478,运动,足球,2,5,5,4.25,0,0,0,0,0,无,高,商单依赖型：商单强且趋势好，短期转充电可能性极低
12300996,胜利文绉绉,1127458,科技,数码,5,5,5,5,0,0,0,0,0,无,高,商单依赖型：商单强且趋势好，短期转充电可能性极低
7646527,凶鸭栗,1082461,动画,同人·手书,2,3,2,2.25,0,0,0,0,0,无,低,低活跃型：商单充电均弱，需评估内容潜力
629707370,爱迪生玩游戏,369635,游戏,单机游戏,3,4,1,2.25,0,0,0,0,0,无,低,商单衰退型：曾经商单强但趋势下行，充电转化黄金窗口
454433355,小杰不到一百六,147204,生活,日常,2,4,1,2,0,0,0,0,0,无,低,商单衰退型：曾经商单强但趋势下行，充电转化黄金窗口
1651205507,最近爱吃橙子や,594241,生活,手工,2,3,1,1.75,0,0,0,0,0,无,低,低活跃型：商单充电均弱，需评估内容潜力
1612081513,老王聊天,515974,知识,社科·法律·心理,2,5,2,2.75,0,0,0,0,0,无,中,待激活型：商单一般充电弱，需运营介入
503481919,Max哈正经,624670,生活,搞笑,2,2,2,2,0,0,0,0,0,无,低,低活跃型：商单充电均弱，需评估内容潜力
160972207,NZ75鸽,1243139,动画,同人·手书,3,5,4,4,0,0,0,0,0,无,高,商单依赖型：商单强且趋势好，短期转充电可能性极低
13279707,最上川下山,2182478,动画,动漫杂谈,3,3,5,4,0,0,0,0,0,无,高,商单依赖型：商单强且趋势好，短期转充电可能性极低
696592828,灰客说,204484,科技,数码,2,3,1,1.75,0,0,0,0,0,无,低,低活跃型：商单充电均弱，需评估内容潜力
5168707,戴墨镜的阿佐,76636,科技,数码,2,5,5,4.25,0,0,0,0,0,无,高,商单依赖型：商单强且趋势好，短期转充电可能性极低
549936706,中二病草蜢,580598,影视,影视杂谈,2,5,2,2.75,0,0,0,0,0,无,中,待激活型：商单一般充电弱，需运营介入
407420705,桃鱼七夕大脸萌,239783,动物圈,喵星人,2,4,4,3.5,0,0,0,0,0,无,中,待激活型：商单一般充电弱，需运营介入
297991412,和微论件,1670682,科技,数码,2,2,3,2.5,0,0,0,0,0,无,中,待激活型：商单一般充电弱，需运营介入
696795220,在下悟空是也,981311,时尚,仿妆cos,2,1,0,0.75,0,0,0,0,0,无,低,低活跃型：商单充电均弱，需评估内容潜力
281334705,熙留,53934,科技,数码,2,4,5,4,0,0,0,0,0,无,高,商单依赖型：商单强且趋势好，短期转充电可能性极低
28767705,轻电科技,404224,科技,数码,2,4,4,3.5,0,0,0,0,0,无,中,待激活型：商单一般充电弱，需运营介入
30873412,鞋荐JMJ,73499,运动,运动文化,2,4,5,4,0,0,0,0,0,无,高,商单依赖型：商单强且趋势好，短期转充电可能性极低
17608705,宽面车神,369039,汽车,汽车生活,3,2,5,3.75,0,0,0,0,0,无,中,待激活型：商单一般充电弱，需运营介入
17519822,摄影师云飞,246496,科技,数码,3,5,5,4.5,0,0,0,0,0,无,高,商单依赖型：商单强且趋势好，短期转充电可能性极低
1590705,良心发作的chunchun,1636963,游戏,单机游戏,4,3,0,1.75,0,0,0,0,0,无,低,商单衰退型：曾经商单强但趋势下行，充电转化黄金窗口
597976220,林真机Seek,90354,影视,影视剪辑,2,5,3,3.25,0,0,0,0,0,无,中,待激活型：商单一般充电弱，需运营介入
352038217,圆方你说,1577343,生活,搞笑,4,5,1,2.75,0,0,0,0,0,无,中,待激活型：商单一般充电弱，需运营介入
1933940704,买啥都要比的copy,79589,运动,运动文化,2,4,5,4,0,0,0,0,0,无,高,商单依赖型：商单强且趋势好，短期转充电可能性极低
13397804,阿菲严测萌探长,54032,时尚,美妆护肤,2,3,5,3.75,0,0,0,0,0,无,中,待激活型：商单一般充电弱，需运营介入
84120411,模型师老原儿,705755,知识,科学科普,2,2,3,2.5,0,0,0,0,0,无,中,待激活型：商单一般充电弱，需运营介入
1577804,某幻君,8708622,游戏,单机游戏,4,4,2,3,0,0,0,0,0,无,中,待激活型：商单一般充电弱，需运营介入
402663819,时代玩家,371682,科技,数码,3,3,4,3.5,0,0,0,0,0,无,中,待激活型：商单一般充电弱，需运营介入
1873295428,收手机的CC,857521,科技,数码,3,5,2,3,0,0,0,0,0,无,中,待激活型：商单一般充电弱，需运营介入
8894411,子文又饿了,1071648,美食,美食侦探,3,5,2,3,0,0,0,0,0,无,中,待激活型：商单一般充电弱，需运营介入
266214428,超量测评,152296,游戏,单机游戏,2,3,2,2.25,0,0,0,0,0,无,低,低活跃型：商单充电均弱，需评估内容潜力
236486428,冷斯基Snake,82625,游戏,单机游戏,2,5,2,2.75,0,0,0,0,0,无,中,待激活型：商单一般充电弱，需运营介入
155779227,祭司SAMQ,88037,科技,数码,2,5,3,3.25,0,0,0,0,0,无,中,待激活型：商单一般充电弱，需运营介入
384667818,小星想叭叭,737560,游戏,手机游戏,3,5,2,3,0,0,0,0,0,无,中,待激活型：商单一般充电弱，需运营介入
7375428,Tocci椭奇,1165473,舞蹈,宅舞,2,2,2,2,0,0,0,0,0,无,低,低活跃型：商单充电均弱，需评估内容潜力
39922227,付曦冉,1632477,时尚,美妆护肤,4,4,5,4.5,0,0,0,0,0,无,高,商单依赖型：商单强且趋势好，短期转充电可能性极低
419220,神奇陆夫人,1757189,游戏,单机游戏,5,5,1,3,0,0,0,0,0,无,中,待激活型：商单一般充电弱，需运营介入
10897217,谁是阿尖,660156,生活,出行,3,3,5,4,0,0,0,0,0,无,高,商单依赖型：商单强且趋势好，短期转充电可能性极低
235630215,国电武术馆馆长,2266363,游戏,网络游戏,4,5,1,2.75,0,0,0,0,0,无,中,待激活型：商单一般充电弱，需运营介入
8614818,二七菌丶,46650,科技,数码,2,5,5,4.25,0,0,0,0,0,无,高,商单依赖型：商单强且趋势好，短期转充电可能性极低
20695818,90后科技说,767551,科技,数码,3,3,5,4,0,0,0,0,0,无,高,商单依赖型：商单强且趋势好，短期转充电可能性极低
382072818,春光研究院,89015,科技,数码,4,5,5,4.75,0,0,0,0,0,无,高,商单依赖型：商单强且趋势好，短期转充电可能性极低
102757448,PSC车舍,54678,汽车,改装玩车,3,1,0,1,0,0,0,0,0,无,低,低活跃型：商单充电均弱，需评估内容潜力
394484818,自爆小纸盒,231250,游戏,手机游戏,2,4,1,2,0,0,0,0,0,无,低,商单衰退型：曾经商单强但趋势下行，充电转化黄金窗口
485356818,医学边界,989633,知识,科学科普,3,4,2,2.75,0,0,0,0,0,无,中,待激活型：商单一般充电弱，需运营介入
591977818,大力红GO,212604,科技,数码,3,4,3,3.25,0,0,0,0,0,无,中,待激活型：商单一般充电弱，需运营介入
11062819,OldSao老骚,1115181,动画,动漫杂谈,3,5,5,4.5,0,0,0,0,0,无,高,商单依赖型：商单强且趋势好，短期转充电可能性极低
18154819,极速拍档-小乔,863000,生活,日常,4,2,2,2.5,0,0,0,0,0,无,中,待激活型：商单一般充电弱，需运营介入
187681452,柑宝,477440,游戏,手机游戏,3,5,2,3,0,0,0,0,0,无,中,待激活型：商单一般充电弱，需运营介入
444108819,刘一朵A,1379811,生活,搞笑,2,3,5,3.75,0,0,0,0,0,无,中,待激活型：商单一般充电弱，需运营介入
9135820,盐取shiotori,361498,游戏,手机游戏,2,4,2,2.5,0,0,0,0,0,无,中,待激活型：商单一般充电弱，需运营介入
497525820,所长Wy,1792202,汽车,新能源车,5,5,3,4,0,0,0,0,0,无,高,商单依赖型：商单强且趋势好，短期转充电可能性极低
23224821,MEspace天植,1020165,生活,绘画,2,2,5,3.5,0,0,0,0,0,无,中,待激活型：商单一般充电弱，需运营介入
1629347259,红警HBK08,2226562,游戏,单机游戏,3,5,1,2.5,0,0,0,0,0,无,中,待激活型：商单一般充电弱，需运营介入
264862821,最后一只渡渡鸟,1225066,游戏,电子竞技,2,3,2,2.25,0,0,0,0,0,无,低,低活跃型：商单充电均弱，需评估内容潜力
319020821,小小万mini厨房,1278343,美食,美食制作,2,3,5,3.75,0,0,0,0,0,无,中,待激活型：商单一般充电弱，需运营介入
476704454,小文哥吃吃吃,4180134,美食,美食制作,3,4,1,2.25,0,0,0,0,0,无,低,商单衰退型：曾经商单强但趋势下行，充电转化黄金窗口
20892823,柠檬派奇幻漂流,3125078,生活,搞笑,3,3,1,2,0,0,0,0,0,无,低,低活跃型：商单充电均弱，需评估内容潜力
30502823,学姐圆,2357404,动画,MAD·AMV,3,5,4,4,0,0,0,0,0,无,高,商单依赖型：商单强且趋势好，短期转充电可能性极低
37439823,Crazy-face,1012758,游戏,GMV,2,4,2,2.5,0,0,0,0,0,无,中,待激活型：商单一般充电弱，需运营介入
755824,杨颜同学,1242551,游戏,手机游戏,2,3,1,1.75,0,0,0,0,0,无,低,低活跃型：商单充电均弱，需评估内容潜力
646506824,小李技术学,935659,生活,搞笑,2,3,4,3.25,0,0,0,0,0,无,中,待激活型：商单一般充电弱，需运营介入
6087825,小紧张的虫虫,4935774,美食,美食侦探,3,3,5,4,0,0,0,0,0,无,高,商单依赖型：商单强且趋势好，短期转充电可能性极低
1732848825,耿同学讲故事,1905837,知识,科学科普,3,4,2,2.75,0,0,0,0,0,无,中,待激活型：商单一般充电弱，需运营介入
37607457,凹凸赛克,1139325,科技,极客DIY,2,1,3,2.25,0,0,0,0,0,无,低,低活跃型：商单充电均弱，需评估内容潜力
417583826,LIKEMUSIC,936237,科技,数码,5,5,5,5,0,0,0,0,0,无,高,商单依赖型：商单强且趋势好，短期转充电可能性极低
97213827,潜艇伟伟迷,5074826,游戏,单机游戏,2,4,0,1.5,0,0,0,0,0,无,低,商单衰退型：曾经商单强但趋势下行，充电转化黄金窗口
133901828,二斤啦啦啦啦,1565845,科技,数码,4,4,5,4.5,0,0,0,0,0,无,高,商单依赖型：商单强且趋势好，短期转充电可能性极低
267776898,我才是熊猫大G,1184716,游戏,电子竞技,2,5,3,3.25,0,0,0,0,0,无,中,待激活型：商单一般充电弱，需运营介入
1098488828,高十二哈,330793,生活,搞笑,3,5,2,3,0,0,0,0,0,无,中,待激活型：商单一般充电弱，需运营介入
6905829,Million赵,134521,科技,数码,2,4,2,2.5,0,0,0,0,0,无,中,待激活型：商单一般充电弱，需运营介入
44128829,某天的游戏小屋,725415,生活,日常,2,4,3,3,0,0,0,0,0,无,中,待激活型：商单一般充电弱，需运营介入
2495818,江平舟,255478,知识,人文历史,2,5,3,3.25,0,0,0,0,0,无,中,待激活型：商单一般充电弱，需运营介入
1242470427,硬件茶看,189365,科技,数码,2,3,5,3.75,0,0,0,0,0,无,中,待激活型：商单一般充电弱，需运营介入
7690817,北美燕双鹰,1406424,知识,野生技能协会,3,5,2,3,0,0,0,0,0,无,中,待激活型：商单一般充电弱，需运营介入
2519817,Harry张,221862,科技,数码,2,4,5,4,0,0,0,0,0,无,高,商单依赖型：商单强且趋势好，短期转充电可能性极低
605455427,在下末影兽,998816,动画,同人·手书,2,2,0,1,0,0,0,0,0,无,低,低活跃型：商单充电均弱，需评估内容潜力
487435226,闲人王昱珩,501695,付费,综合,3,2,3,2.75,0,0,0,0,0,无,中,待激活型：商单一般充电弱，需运营介入
2026548816,乔乔和夫夫,2450801,影视,小剧场,2,3,3,2.75,0,0,0,0,0,无,中,待激活型：商单一般充电弱，需运营介入
341069816,刘拖地,508793,动画,同人·手书,4,4,1,2.5,0,0,0,0,0,无,中,待激活型：商单一般充电弱，需运营介入
1938616426,安奇米苏,192065,生活,搞笑,2,4,3,3,0,0,0,0,0,无,中,待激活型：商单一般充电弱，需运营介入
40953816,林枳委屈屈,305978,游戏,手机游戏,2,5,5,4.25,0,0,0,0,0,无,高,商单依赖型：商单强且趋势好，短期转充电可能性极低
1634447815,惊奇动物园oopspark,837626,动画,同人·手书,3,3,4,3.5,0,0,0,0,0,无,中,待激活型：商单一般充电弱，需运营介入
489422426,-聚宝鹏-,291327,美食,美食记录,3,4,3,3.25,0,0,0,0,0,无,中,待激活型：商单一般充电弱，需运营介入
38598226,医学科普联盟,3107274,知识,科学科普,3,2,2,2.25,0,0,0,0,0,无,低,低活跃型：商单充电均弱，需评估内容潜力
1238329219,觅2,1439695,动画,同人·手书,3,3,3,3,0,0,0,0,0,无,中,待激活型：商单一般充电弱，需运营介入
230926815,阿星and阿奇,3128903,生活,搞笑,4,4,2,3,0,0,0,0,0,无,中,待激活型：商单一般充电弱，需运营介入
518137613,蓝胖超人,98547,游戏,电子竞技,2,5,5,4.25,0,0,0,0,0,无,高,商单依赖型：商单强且趋势好，短期转充电可能性极低
372311426,Beta测评研究院,605097,美食,美食记录,4,4,2,3,0,0,0,0,0,无,中,待激活型：商单一般充电弱，需运营介入
398741612,程da胖,79075,科技,数码,2,4,5,4,0,0,0,0,0,无,高,商单依赖型：商单强且趋势好，短期转充电可能性极低
291324611,极速拍档-Jacky,893127,汽车,日常,4,4,5,4.5,0,0,0,0,0,无,高,商单依赖型：商单强且趋势好，短期转充电可能性极低
301717426,周扒片,1521317,动画,动漫杂谈,2,5,1,2.25,0,0,0,0,0,无,低,商单衰退型：曾经商单强但趋势下行，充电转化黄金窗口
743226,花岗岩工作室,2157655,知识,科学科普,3,5,3,3.5,0,0,0,0,0,无,中,待激活型：商单一般充电弱，需运营介入
1126843295,真言科技,88437,时尚,美妆护肤,2,2,5,3.5,0,0,0,0,0,无,中,待激活型：商单一般充电弱，需运营介入
25048847,莫娜摸鱼专用,446581,游戏,手机游戏,2,5,2,2.75,0,0,0,0,0,无,中,待激活型：商单一般充电弱，需运营介入
36426611,王梓旭嘛,233040,影视,小剧场,2,3,1,1.75,0,0,0,0,0,无,低,低活跃型：商单充电均弱，需评估内容潜力
1885250814,瑶生Y,886502,生活,搞笑,2,2,0,1,0,0,0,0,0,无,低,低活跃型：商单充电均弱，需评估内容潜力
624757844,一只大哈鱼,2559974,生活,单机游戏,4,4,1,2.5,0,0,0,0,0,无,中,待激活型：商单一般充电弱，需运营介入
386747814,冰泪_淑芬,471435,游戏,电子竞技,2,2,2,2,0,0,0,0,0,无,低,低活跃型：商单充电均弱，需评估内容潜力
43214426,双下巴的反击,485652,生活,日常,2,3,2,2.25,0,0,0,0,0,无,低,低活跃型：商单充电均弱，需评估内容潜力
509278225,豫西小丁,810372,动物圈,汪星人,2,4,1,2,0,0,0,0,0,无,低,商单衰退型：曾经商单强但趋势下行，充电转化黄金窗口
412798219,糖叔不说剧,245994,影视,影视杂谈,2,5,3,3.25,0,0,0,0,0,无,中,待激活型：商单一般充电弱，需运营介入
337279814,喜欢数码的陈同学,534497,国创,国产原创相关,2,4,3,3,0,0,0,0,0,无,中,待激活型：商单一般充电弱，需运营介入
155545814,刀客剑芯,282311,影视,影视杂谈,2,4,5,4,0,0,0,0,0,无,高,商单依赖型：商单强且趋势好，短期转充电可能性极低
27492426,戒社,1349107,生活,日常,2,4,4,3.5,0,0,0,0,0,无,中,待激活型：商单一般充电弱，需运营介入
488684813,大鱼DIY,134445,科技,极客DIY,2,3,2,2.25,0,0,0,0,0,无,低,低活跃型：商单充电均弱，需评估内容潜力
90361813,三十六贱笑,5346257,动画,搞笑,4,4,1,2.5,0,0,0,0,0,无,中,待激活型：商单一般充电弱，需运营介入
9411426,阿三解说,1975202,游戏,电子竞技,2,2,1,1.5,0,0,0,0,0,无,低,低活跃型：商单充电均弱，需评估内容潜力
79061224,刘老师说电影,5285295,影视,影视杂谈,2,4,1,2,0,0,0,0,0,无,低,商单衰退型：曾经商单强但趋势下行，充电转化黄金窗口
6092812,伤影zzz,1046688,娱乐,娱乐杂谈,2,4,1,2,0,0,0,0,0,无,低,商单衰退型：曾经商单强但趋势下行，充电转化黄金窗口
1624439811,前进的查理,140005,科技,极客DIY,2,1,3,2.25,0,0,0,0,0,无,低,低活跃型：商单充电均弱，需评估内容潜力
478287425,会弹钢琴的疯疯,96445,科技,数码,3,5,4,4,0,0,0,0,0,无,高,商单依赖型：商单强且趋势好，短期转充电可能性极低
484378811,火兔科技,167718,游戏,单机游戏,2,3,2,2.25,0,0,0,0,0,无,低,低活跃型：商单充电均弱，需评估内容潜力
2294811,疯猫MadcatClan,341616,游戏,单机游戏,2,4,2,2.5,0,0,0,0,0,无,中,待激活型：商单一般充电弱，需运营介入
96575424,BB姬Studio,606770,游戏,手机游戏,2,3,2,2.25,0,0,0,0,0,无,低,低活跃型：商单充电均弱，需评估内容潜力
1813173223,王七叶-,2088486,生活,搞笑,2,1,3,2.25,0,0,0,0,0,无,低,低活跃型：商单充电均弱，需评估内容潜力
145750219,电影冷知识,1653144,影视,影视杂谈,3,5,2,3,0,0,0,0,0,无,中,待激活型：商单一般充电弱，需运营介入
1367539810,叉叉妙妙屋,656099,生活,日常,2,2,1,1.5,0,0,0,0,0,无,低,低活跃型：商单充电均弱，需评估内容潜力
268536810,火播君,672609,游戏,电子竞技,2,4,4,3.5,0,0,0,0,0,无,中,待激活型：商单一般充电弱，需运营介入
334764423,鞋吧Sneakersbar,188282,运动,运动文化,2,3,1,1.75,0,0,0,0,0,无,低,低活跃型：商单充电均弱，需评估内容潜力
23945810,爱抽卡的白熊,401360,动画,同人·手书,2,3,2,2.25,0,0,0,0,0,无,低,低活跃型：商单充电均弱，需评估内容潜力
365372809,巅峰球迷汇,428112,运动,足球,2,5,2,2.75,0,0,0,0,0,无,中,待激活型：商单一般充电弱，需运营介入
212410423,赛车手谢欣哲,291592,生活,日常,3,2,3,2.75,0,0,0,0,0,无,中,待激活型：商单一般充电弱，需运营介入
680677803,王小七Fire,3733576,知识,社科·法律·心理,4,4,1,2.5,0,0,0,0,0,无,中,待激活型：商单一般充电弱，需运营介入
59905809,哦呼w,4200973,鬼畜,鬼畜调教,4,4,2,3,0,0,0,0,0,无,中,待激活型：商单一般充电弱，需运营介入
39243809,麓麓有为,450920,游戏,单机游戏,2,3,1,1.75,0,0,0,0,0,无,低,低活跃型：商单充电均弱，需评估内容潜力
471993422,6GHz,275629,科技,数码,2,4,4,3.5,0,0,0,0,0,无,中,待激活型：商单一般充电弱，需运营介入
644663808,贪欲九头蛇_,936220,游戏,手机游戏,3,4,3,3.25,0,0,0,0,0,无,中,待激活型：商单一般充电弱，需运营介入
10510808,修勾夜店老板,803588,生活,音乐综合,2,2,1,1.5,0,0,0,0,0,无,低,低活跃型：商单充电均弱，需评估内容潜力
430426421,燕三嘤嘤嘤,4342008,知识,人文历史,4,5,3,3.75,0,0,0,0,0,无,中,待激活型：商单一般充电弱，需运营介入
65125803,F1赛事资讯,371949,汽车,赛车,2,5,5,4.25,0,0,0,0,0,无,高,商单依赖型：商单强且趋势好，短期转充电可能性极低
37275219,奥尔里奇吴,144404,运动,运动文化,3,5,4,4,0,0,0,0,0,无,高,商单依赖型：商单强且趋势好，短期转充电可能性极低
1305328216,萤火生,524959,知识,人文历史,2,2,4,3,0,0,0,0,0,无,中,待激活型：商单一般充电弱，需运营介入
413703,独立游戏蜥蜴君,527638,游戏,单机游戏,2,4,5,4,0,0,0,0,0,无,高,商单依赖型：商单强且趋势好，短期转充电可能性极低
178649701,WAVEBEE,333427,汽车,改装玩车,3,2,3,2.75,0,0,0,0,0,无,中,待激活型：商单一般充电弱，需运营介入
43219807,毒舌的南瓜,2733240,知识,人文历史,4,5,3,3.75,0,0,0,0,0,无,中,待激活型：商单一般充电弱，需运营介入
27495807,强风吹狗头,388771,生活,手工,2,3,5,3.75,0,0,0,0,0,无,中,待激活型：商单一般充电弱，需运营介入
1514206231,两颗皮蛋,442150,科技,数码,4,4,5,4.5,0,0,0,0,0,无,高,商单依赖型：商单强且趋势好，短期转充电可能性极低
116100610,阿凯森赛,25388,科技,数码,2,5,2,2.75,0,0,0,0,0,无,中,待激活型：商单一般充电弱，需运营介入
19143610,VIA石楠,6806,生活,日常,2,2,5,3.5,0,0,0,0,0,无,中,待激活型：商单一般充电弱，需运营介入
432870231,他的日常时光,751746,动画,同人·手书,2,3,5,3.75,0,0,0,0,0,无,中,待激活型：商单一般充电弱，需运营介入
39337803,痕继痕迹,355152,科技,软件应用,3,3,2,2.5,0,0,0,0,0,无,中,待激活型：商单一般充电弱，需运营介入
74529609,魔界造物,1164255,科技,极客DIY,2,1,3,2.25,0,0,0,0,0,无,低,低活跃型：商单充电均弱，需评估内容潜力
1619549806,萌sir壹号,379248,科技,软件应用,2,4,3,3,0,0,0,0,0,无,中,待激活型：商单一般充电弱，需运营介入
9354231,快乐的台长,1523951,生活,搞笑,3,2,2,2.25,0,0,0,0,0,无,低,低活跃型：商单充电均弱，需评估内容潜力
515134806,刘惟与,1107673,生活,日常,3,3,2,2.5,0,0,0,0,0,无,中,待激活型：商单一般充电弱，需运营介入
173469252,Zhan丨,1621384,生活,日常,3,2,2,2.25,0,0,0,0,0,无,低,低活跃型：商单充电均弱，需评估内容潜力
455403806,冷君在此,458419,影视,影视杂谈,3,3,5,4,0,0,0,0,0,无,高,商单依赖型：商单强且趋势好，短期转充电可能性极低
63231,泛式,6644392,游戏,手机游戏,4,5,2,3.25,0,0,0,0,0,无,中,待激活型：商单一般充电弱，需运营介入
1430803,中天Mifirma,476743,动画,同人·手书,3,5,2,3,0,0,0,0,0,无,中,待激活型：商单一般充电弱，需运营介入
434781806,霁云Jiyun,46962,科技,数码,2,4,5,4,0,0,0,0,0,无,高,商单依赖型：商单强且趋势好，短期转充电可能性极低
354653806,江风有耳,990401,生活,搞笑,2,2,2,2,0,0,0,0,0,无,低,低活跃型：商单充电均弱，需评估内容潜力
485261230,松鼠恶霸-,86952,科技,数码,3,4,5,4.25,0,0,0,0,0,无,高,商单依赖型：商单强且趋势好，短期转充电可能性极低
52250,视角姬,3112777,生活,日常,4,4,5,4.5,0,0,0,0,0,无,高,商单依赖型：商单强且趋势好，短期转充电可能性极低
89338806,纽毕斯,628627,鬼畜,人力VOCALOID,2,4,1,2,0,0,0,0,0,无,低,商单衰退型：曾经商单强但趋势下行，充电转化黄金窗口
206840230,科幻Fans布玛,2402625,影视,影视杂谈,2,4,5,4,0,0,0,0,0,无,高,商单依赖型：商单强且趋势好，短期转充电可能性极低
24204802,赛亚人阿廖,699412,美食,美食测评,2,3,4,3.25,0,0,0,0,0,无,中,待激活型：商单一般充电弱，需运营介入
265589608,-古人云-,2071015,知识,人文历史,3,4,2,2.75,0,0,0,0,0,无,中,待激活型：商单一般充电弱，需运营介入
197703608,王朝1982,624375,音乐,原创音乐,2,2,0,1,0,0,0,0,0,无,低,低活跃型：商单充电均弱，需评估内容潜力
37809230,星野派克,374920,游戏,单机游戏,2,3,5,3.75,0,0,0,0,0,无,中,待激活型：商单一般充电弱，需运营介入
36053608,原型机SPFX,330364,知识,野生技能协会,2,2,2,2,0,0,0,0,0,无,低,低活跃型：商单充电均弱，需评估内容潜力
405815805,有车有肉的肉肉,620294,汽车,购车攻略,4,3,5,4.25,0,0,0,0,0,无,高,商单依赖型：商单强且趋势好，短期转充电可能性极低
1197023420,约翰提托-,227372,生活,出行,2,4,5,4,0,0,0,0,0,无,高,商单依赖型：商单强且趋势好，短期转充电可能性极低
391873801,小北帅三代a,75591,科技,数码,4,3,0,1.75,0,0,0,0,0,无,低,商单衰退型：曾经商单强但趋势下行，充电转化黄金窗口
21151219,8KRAW,1166861,生活,出行,3,1,0,1,0,0,0,0,0,无,低,低活跃型：商单充电均弱，需评估内容潜力
480305216,一个蟹蟹梨,622194,时尚,穿搭,2,2,3,2.5,0,0,0,0,0,无,中,待激活型：商单一般充电弱，需运营介入
422424246,蒙面鸟哥,1070816,动物圈,小宠异宠,2,5,3,3.25,0,0,0,0,0,无,中,待激活型：商单一般充电弱，需运营介入
1604499246,于可音,173693,科技,数码,2,3,1,1.75,0,0,0,0,0,无,低,低活跃型：商单充电均弱，需评估内容潜力
141816247,鲨鲨全是坏心眼儿,394795,科技,数码,3,4,3,3.25,0,0,0,0,0,无,中,待激活型：商单一般充电弱，需运营介入
270494247,血小板゚゚゚゚゚゚,1126709,动画,MAD·AMV,2,4,1,2,0,0,0,0,0,无,低,商单衰退型：曾经商单强但趋势下行，充电转化黄金窗口
454077247,张二要自律,569142,美食,美食记录,2,4,1,2,0,0,0,0,0,无,低,商单衰退型：曾经商单强但趋势下行，充电转化黄金窗口
33971248,Sophie潘潘,139483,知识,日常,2,3,1,1.75,0,0,0,0,0,无,低,低活跃型：商单充电均弱，需评估内容潜力
333497492,木易小月_,248814,生活,出行,3,4,4,3.75,0,0,0,0,0,无,中,待激活型：商单一般充电弱，需运营介入
593987248,九夜听风,244899,鬼畜,鬼畜剧场,2,5,3,3.25,0,0,0,0,0,无,中,待激活型：商单一般充电弱，需运营介入
14061249,伍条条呀,440997,时尚,美妆护肤,3,4,4,3.75,0,0,0,0,0,无,中,待激活型：商单一般充电弱，需运营介入
89285249,雷鸭Fist,54112,科技,软件应用,2,4,5,4,0,0,0,0,0,无,高,商单依赖型：商单强且趋势好，短期转充电可能性极低
419976249,大宸开饭了,1350191,美食,美食记录,2,4,2,2.5,0,0,0,0,0,无,中,待激活型：商单一般充电弱，需运营介入
46377861,神烦老狗,120088,知识,野生技能协会,2,4,1,2,0,0,0,0,0,无,低,商单衰退型：曾经商单强但趋势下行，充电转化黄金窗口
18358250,42号车库,153297,汽车,新能源车,3,1,0,1,0,0,0,0,0,无,低,低活跃型：商单充电均弱，需评估内容潜力
79953250,青柠小柑橘,334363,游戏,GMV,2,4,5,4,0,0,0,0,0,无,高,商单依赖型：商单强且趋势好，短期转充电可能性极低
2873252,红橙滚滚丶,334644,生活,日常,3,4,5,4.25,0,0,0,0,0,无,高,商单依赖型：商单强且趋势好，短期转充电可能性极低
3151252,隐紫大人不会吐槽,803751,动画,动漫杂谈,2,4,2,2.5,0,0,0,0,0,无,中,待激活型：商单一般充电弱，需运营介入
50693252,飞飞的车COOL,1486216,汽车,汽车生活,4,3,5,4.25,0,0,0,0,0,无,高,商单依赖型：商单强且趋势好，短期转充电可能性极低
3116281,钢铁直男必老板,1562800,游戏,日常,3,4,2,2.75,0,0,0,0,0,无,中,待激活型：商单一般充电弱，需运营介入
422179252,老李说家电,65768,游戏,手机游戏,2,4,3,3,0,0,0,0,0,无,中,待激活型：商单一般充电弱，需运营介入
1920253,王知无,633376,影视,影视杂谈,2,3,1,1.75,0,0,0,0,0,无,低,低活跃型：商单充电均弱，需评估内容潜力
28856253,热爱生活的小飞鱼吖,70371,科技,数码,3,5,5,4.5,0,0,0,0,0,无,高,商单依赖型：商单强且趋势好，短期转充电可能性极低
222628253,火锅鱼ly,138164,科技,数码,3,4,5,4.25,0,0,0,0,0,无,高,商单依赖型：商单强且趋势好，短期转充电可能性极低
12800254,弗洛哈哈flhh,108273,生活,日常,2,3,2,2.25,0,0,0,0,0,无,低,低活跃型：商单充电均弱，需评估内容潜力
289475254,碧月狐,3599907,游戏,单机游戏,3,3,0,1.5,0,0,0,0,0,无,低,低活跃型：商单充电均弱，需评估内容潜力
590784254,来真的,185266,付费,综合,2,3,2,2.25,0,0,0,0,0,无,低,低活跃型：商单充电均弱，需评估内容潜力
7086255,超想吃番茄,857155,游戏,手机游戏,3,3,2,2.5,0,0,0,0,0,无,中,待激活型：商单一般充电弱，需运营介入
95651255,有计划的P,60984,科技,数码,2,2,4,3,0,0,0,0,0,无,中,待激活型：商单一般充电弱，需运营介入
3969839,我是M菌,1044051,动画,动漫杂谈,2,4,4,3.5,0,0,0,0,0,无,中,待激活型：商单一般充电弱，需运营介入
14101839,古天鸡的旅行日志,171434,科技,数码,2,3,3,2.75,0,0,0,0,0,无,中,待激活型：商单一般充电弱，需运营介入
32025839,三宋在这,1116533,生活,日常,4,3,2,2.75,0,0,0,0,0,无,中,待激活型：商单一般充电弱，需运营介入
50111839,小琨爱小蛊,1267701,游戏,手机游戏,3,5,3,3.5,0,0,0,0,0,无,中,待激活型：商单一般充电弱，需运营介入
1095810839,神经酋长,547879,生活,搞笑,3,3,5,4,0,0,0,0,0,无,高,商单依赖型：商单强且趋势好，短期转充电可能性极低
3046429,祖娅纳惜,2312080,音乐,翻唱,2,1,0,0.75,0,0,0,0,0,无,低,低活跃型：商单充电均弱，需评估内容潜力
11553429,王二疑,241738,时尚,穿搭,2,3,4,3.25,0,0,0,0,0,无,中,待激活型：商单一般充电弱，需运营介入
257975429,十音Shiyin,1290394,时尚,日常,2,1,3,2.25,0,0,0,0,0,无,低,低活跃型：商单充电均弱，需评估内容潜力
672353429,贝拉kira,710574,动画,综合,2,4,2,2.5,0,0,0,0,0,无,中,待激活型：商单一般充电弱，需运营介入
7167497,WildKoko木可,321838,动画,MMD·3D,3,4,2,2.75,0,0,0,0,0,无,中,待激活型：商单一般充电弱，需运营介入
132344841,去码头整点薯条vv,1058618,游戏,电子竞技,3,5,1,2.5,0,0,0,0,0,无,中,待激活型：商单一般充电弱，需运营介入
477743841,蜗牛学长带你上岸,133136,知识,校园学习,2,2,3,2.5,0,0,0,0,0,无,中,待激活型：商单一般充电弱，需运营介入
1069246841,单机肥肥王日君,593411,游戏,单机游戏,2,3,1,1.75,0,0,0,0,0,无,低,低活跃型：商单充电均弱，需评估内容潜力
611430,三三三三三文啊,143039,科技,极客DIY,2,4,5,4,0,0,0,0,0,无,高,商单依赖型：商单强且趋势好，短期转充电可能性极低
517327498,罗翔说刑法,32130133,知识,社科·法律·心理,4,1,0,1.25,0,0,0,0,0,无,低,商单衰退型：曾经商单强但趋势下行，充电转化黄金窗口
18841842,慕慕有奶糖,1477915,舞蹈,日常,2,2,3,2.5,0,0,0,0,0,无,中,待激活型：商单一般充电弱，需运营介入
36741842,K1LLER,481106,游戏,网络游戏,2,4,1,2,0,0,0,0,0,无,低,商单衰退型：曾经商单强但趋势下行，充电转化黄金窗口
316183842,技术爬爬虾,367898,科技,计算机技术,3,3,3,3,0,0,0,0,0,无,中,待激活型：商单一般充电弱，需运营介入
302639431,记录生活的肆一,239407,生活,三农,2,4,4,3.5,0,0,0,0,0,无,中,待激活型：商单一般充电弱，需运营介入
483571431,Royce大小姐,518155,游戏,手机游戏,2,3,3,2.75,0,0,0,0,0,无,中,待激活型：商单一般充电弱，需运营介入
306936843,雨说体育徐静雨,1711337,运动,篮球,3,5,2,3,0,0,0,0,0,无,中,待激活型：商单一般充电弱，需运营介入
7946432,利维坦mY,1874672,动画,动漫杂谈,4,5,2,3.25,0,0,0,0,0,无,中,待激活型：商单一般充电弱，需运营介入
437573432,巡游轨迹,1339903,生活,出行,2,1,0,0.75,0,0,0,0,0,无,低,低活跃型：商单充电均弱，需评估内容潜力
512105432,玉麒麟钢板仙人,395686,游戏,电子竞技,2,1,3,2.25,0,0,0,0,0,无,低,低活跃型：商单充电均弱，需评估内容潜力
518045432,冷面叶星星IKGN,118951,游戏,单机游戏,2,5,2,2.75,0,0,0,0,0,无,中,待激活型：商单一般充电弱，需运营介入
1798443432,靖妖一心,263350,游戏,手机游戏,2,5,5,4.25,0,0,0,0,0,无,高,商单依赖型：商单强且趋势好，短期转充电可能性极低
1372433,Super也好君,2818779,生活,搞笑,4,3,1,2.25,0,0,0,0,0,无,低,商单衰退型：曾经商单强但趋势下行，充电转化黄金窗口
4578433,老骚豆腐,1723371,游戏,手机游戏,2,5,0,1.75,0,0,0,0,0,无,低,商单衰退型：曾经商单强但趋势下行，充电转化黄金窗口
8188433,爱你的T酱,1943670,知识,社科·法律·心理,2,3,0,1.25,0,0,0,0,0,无,低,低活跃型：商单充电均弱，需评估内容潜力
9199433,萱草daylily,280687,时尚,美妆护肤,3,5,4,4,0,0,0,0,0,无,高,商单依赖型：商单强且趋势好，短期转充电可能性极低
27717433,原野郎中,3416211,游戏,单机游戏,2,2,3,2.5,0,0,0,0,0,无,中,待激活型：商单一般充电弱，需运营介入
33621433,小狮子piano,1041172,游戏,网络游戏,3,4,1,2.25,0,0,0,0,0,无,低,商单衰退型：曾经商单强但趋势下行，充电转化黄金窗口
33903433,极品饭灵根z,852882,美食,美食记录,2,4,2,2.5,0,0,0,0,0,无,中,待激活型：商单一般充电弱，需运营介入
13574291,阿抽崽,1248540,时尚,仿妆cos,3,3,1,2,0,0,0,0,0,无,低,低活跃型：商单充电均弱，需评估内容潜力
18910844,ItsDani,247083,生活,日常,2,3,3,2.75,0,0,0,0,0,无,中,待激活型：商单一般充电弱，需运营介入
99827844,肥格Fager,910957,游戏,单机游戏,3,5,5,4.5,0,0,0,0,0,无,高,商单依赖型：商单强且趋势好，短期转充电可能性极低
374733844,yicoqt,127005,时尚,穿搭,2,3,4,3.25,0,0,0,0,0,无,中,待激活型：商单一般充电弱，需运营介入
603481844,海以南的一条鱼,109616,影视,小剧场,2,1,3,2.25,0,0,0,0,0,无,低,低活跃型：商单充电均弱，需评估内容潜力
3530725,陈抱一,1362873,科技,数码,3,2,5,3.75,0,0,0,0,0,无,中,待激活型：商单一般充电弱，需运营介入
331507846,Jack-Cui,583959,科技,计算机技术,4,4,5,4.5,0,0,0,0,0,无,高,商单依赖型：商单强且趋势好，短期转充电可能性极低
39391434,雾枝今天行不行啊,337929,动画,同人·手书,2,4,2,2.5,0,0,0,0,0,无,中,待激活型：商单一般充电弱，需运营介入
280793434,手工耿,8112738,生活,手工,3,1,3,2.5,0,0,0,0,0,无,中,待激活型：商单一般充电弱，需运营介入
168099294,SpaceStation_小h,41339,科技,数码,2,4,3,3,0,0,0,0,0,无,中,待激活型：商单一般充电弱，需运营介入
30726847,阿里北杯,419032,时尚,美妆护肤,4,4,2,3,0,0,0,0,0,无,中,待激活型：商单一般充电弱，需运营介入
400797730,陈浸式陈三岁,47559,科技,数码,2,4,4,3.5,0,0,0,0,0,无,中,待激活型：商单一般充电弱，需运营介入
627888730,星有野,6132741,动画,同人·手书,4,3,0,1.75,0,0,0,0,0,无,低,商单衰退型：曾经商单强但趋势下行，充电转化黄金窗口
6468436,发疯达人陈六斤,547378,影视,影视剪辑,2,5,3,3.25,0,0,0,0,0,无,中,待激活型：商单一般充电弱，需运营介入
27491436,浩然Wesley,69546,科技,数码,3,5,5,4.5,0,0,0,0,0,无,高,商单依赖型：商单强且趋势好，短期转充电可能性极低
67063436,知音剑客,156919,动画,动漫杂谈,2,2,3,2.5,0,0,0,0,0,无,中,待激活型：商单一般充电弱，需运营介入
114301848,苏西苏西咕咕咕,765452,时尚,美妆护肤,2,3,2,2.25,0,0,0,0,0,无,低,低活跃型：商单充电均弱，需评估内容潜力
1581616848,小聪明张建国,333029,知识,同人·手书,2,3,2,2.25,0,0,0,0,0,无,低,低活跃型：商单充电均弱，需评估内容潜力
13167438,呵纹Hevon,1644080,动画,同人·手书,3,4,2,2.75,0,0,0,0,0,无,中,待激活型：商单一般充电弱，需运营介入
254662438,时间只玩辅,2391479,游戏,手机游戏,2,5,5,4.25,0,0,0,0,0,无,高,商单依赖型：商单强且趋势好，短期转充电可能性极低
294081438,摄影师顾俊,815675,科技,数码,2,3,1,1.75,0,0,0,0,0,无,低,低活跃型：商单充电均弱，需评估内容潜力
351162438,冷君ColdDream,169996,科技,数码,2,3,4,3.25,0,0,0,0,0,无,中,待激活型：商单一般充电弱，需运营介入
451558438,奇妙影剪,182675,影视,影视剪辑,2,5,1,2.25,0,0,0,0,0,无,低,商单衰退型：曾经商单强但趋势下行，充电转化黄金窗口
166788439,今天没有故事,467094,知识,社科·法律·心理,3,3,2,2.5,0,0,0,0,0,无,中,待激活型：商单一般充电弱，需运营介入
10272440,骚拳超人,1222190,生活,搞笑,2,3,5,3.75,0,0,0,0,0,无,中,待激活型：商单一般充电弱，需运营介入
239060440,冲男阿凉,1284100,游戏,网络游戏,3,5,2,3,0,0,0,0,0,无,中,待激活型：商单一般充电弱，需运营介入
175333301,哇周某人,419999,国创,国产原创相关,3,5,4,4,0,0,0,0,0,无,高,商单依赖型：商单强且趋势好，短期转充电可能性极低
18769441,血色噗噗怪,64048,游戏,网络游戏,2,5,5,4.25,0,0,0,0,0,无,高,商单依赖型：商单强且趋势好，短期转充电可能性极低
267766441,血狼破军,1037967,游戏,手机游戏,2,4,5,4,0,0,0,0,0,无,高,商单依赖型：商单强且趋势好，短期转充电可能性极低
1483869441,ByeByeBlueBerry,74418,动画,综合,2,5,4,3.75,0,0,0,0,0,无,中,待激活型：商单一般充电弱，需运营介入
423442,KBShinya,2031171,音乐,翻唱,2,2,0,1,0,0,0,0,0,无,低,低活跃型：商单充电均弱，需评估内容潜力
31071444,千叶结锤,386156,生活,日常,2,1,3,2.25,0,0,0,0,0,无,低,低活跃型：商单充电均弱，需评估内容潜力
477833444,唱唱反调呗,586877,影视,影视杂谈,2,5,4,3.75,0,0,0,0,0,无,中,待激活型：商单一般充电弱，需运营介入
23604445,上海滩许Van强,2436869,游戏,电子竞技,4,4,5,4.5,0,0,0,0,0,无,高,商单依赖型：商单强且趋势好，短期转充电可能性极低
351188445,-老圈子-,264220,科技,数码,3,4,5,4.25,0,0,0,0,0,无,高,商单依赖型：商单强且趋势好，短期转充电可能性极低
34586446,知乎蓝大仙人,48082,科技,数码,2,3,5,3.75,0,0,0,0,0,无,中,待激活型：商单一般充电弱，需运营介入
254436446,吕政懋MaoMao,307129,时尚,穿搭,2,3,2,2.25,0,0,0,0,0,无,低,低活跃型：商单充电均弱，需评估内容潜力
596866446,无处安放的小A,2678547,知识,财经商业,2,2,3,2.5,0,0,0,0,0,无,中,待激活型：商单一般充电弱，需运营介入
680447,马里奥红叔,2592050,游戏,单机游戏,4,5,1,2.75,0,0,0,0,0,无,中,待激活型：商单一般充电弱，需运营介入
314466447,酷哥李pink儿,600517,时尚,美妆护肤,3,3,5,4,0,0,0,0,0,无,高,商单依赖型：商单强且趋势好，短期转充电可能性极低
482213447,闪电侠-flash,1970481,知识,校园学习,3,3,3,3,0,0,0,0,0,无,中,待激活型：商单一般充电弱，需运营介入
1639930744,车的发布会官方,331433,汽车,新能源车,3,2,5,3.75,0,0,0,0,0,无,中,待激活型：商单一般充电弱，需运营介入
1941449,雁老师,651728,游戏,手机游戏,2,3,3,2.75,0,0,0,0,0,无,中,待激活型：商单一般充电弱，需运营介入
6754449,健康绿色上网,258003,科技,数码,3,5,4,4,0,0,0,0,0,无,高,商单依赖型：商单强且趋势好，短期转充电可能性极低
88794449,大狗的数码生活,52796,科技,数码,2,4,4,3.5,0,0,0,0,0,无,中,待激活型：商单一般充电弱，需运营介入
480831450,颜选家电,112299,动物圈,动物二创,2,2,5,3.5,0,0,0,0,0,无,中,待激活型：商单一般充电弱，需运营介入
90183256,36氪,2520612,知识,财经商业,2,2,5,3.5,0,0,0,0,0,无,中,待激活型：商单一般充电弱，需运营介入
102584256,浪花姜,1474992,知识,人文历史,3,3,0,1.5,0,0,0,0,0,无,低,低活跃型：商单充电均弱，需评估内容潜力
607337256,徐家珞Chialo,281053,影视,短片,2,2,3,2.5,0,0,0,0,0,无,中,待激活型：商单一般充电弱，需运营介入
6738451,肉呆大魔王,92282,科技,数码,4,2,5,4,0,0,0,0,0,无,高,商单依赖型：商单强且趋势好，短期转充电可能性极低
357515451,Linvo说宇宙,1492208,知识,科学科普,2,4,2,2.5,0,0,0,0,0,无,中,待激活型：商单一般充电弱，需运营介入
1513533451,三喜爷爷,832219,影视,短片,2,1,0,0.75,0,0,0,0,0,无,低,低活跃型：商单充电均弱，需评估内容潜力
97150452,跑不快的吴二,97818,运动,运动文化,2,3,3,2.75,0,0,0,0,0,无,中,待激活型：商单一般充电弱，需运营介入
1086168795,埋栈Maizhan,557479,游戏,单机游戏,2,2,2,2,0,0,0,0,0,无,低,低活跃型：商单充电均弱，需评估内容潜力
543931452,古泽源,2340078,生活,搞笑,3,2,3,2.75,0,0,0,0,0,无,中,待激活型：商单一般充电弱，需运营介入
1987398452,安娜iv,110858,游戏,单机游戏,2,5,4,3.75,0,0,0,0,0,无,中,待激活型：商单一般充电弱，需运营介入
148257,电锯爷,195896,科技,数码,3,5,5,4.5,0,0,0,0,0,无,高,商单依赖型：商单强且趋势好，短期转充电可能性极低
31880257,差评硬件部,816733,科技,数码,4,5,5,4.75,0,0,0,0,0,无,高,商单依赖型：商单强且趋势好，短期转充电可能性极低
340310257,童子军大王,186068,游戏,单机游戏,2,5,2,2.75,0,0,0,0,0,无,中,待激活型：商单一般充电弱，需运营介入
376065257,你好帅杨,130242,科技,数码,2,4,2,2.5,0,0,0,0,0,无,中,待激活型：商单一般充电弱，需运营介入
1232707257,娜可不行Yuan,242543,科技,数码,2,3,2,2.25,0,0,0,0,0,无,低,低活跃型：商单充电均弱，需评估内容潜力
39160258,李大锤同学,553751,科技,数码,4,4,1,2.5,0,0,0,0,0,无,中,待激活型：商单一般充电弱，需运营介入
6057259,KF凯蜂,1015973,游戏,单机游戏,3,5,5,4.5,0,0,0,0,0,无,高,商单依赖型：商单强且趋势好，短期转充电可能性极低
28346875,大佬何金银,1304701,知识,人文历史,2,5,1,2.25,0,0,0,0,0,无,低,商单衰退型：曾经商单强但趋势下行，充电转化黄金窗口
407455875,穆恩酱_,240743,生活,日常,2,2,3,2.5,0,0,0,0,0,无,中,待激活型：商单一般充电弱，需运营介入
383702260,迷人的大反派喔,1026441,生活,搞笑,2,4,2,2.5,0,0,0,0,0,无,中,待激活型：商单一般充电弱，需运营介入
12050897,真的李小新,151347,科技,数码,2,4,5,4,0,0,0,0,0,无,高,商单依赖型：商单强且趋势好，短期转充电可能性极低
305956876,腥味猫罐,2031784,时尚,仿妆cos,4,4,4,4,0,0,0,0,0,无,高,商单依赖型：商单强且趋势好，短期转充电可能性极低
5294454,逗比的雀巢,10614707,生活,搞笑,5,3,3,3.5,0,0,0,0,0,无,中,待激活型：商单一般充电弱，需运营介入
343099760,氧化菊,1601818,时尚,时尚潮流,2,1,3,2.25,0,0,0,0,0,无,低,低活跃型：商单充电均弱，需评估内容潜力
1910020454,谁不重要i,1316708,游戏,手机游戏,3,4,2,2.75,0,0,0,0,0,无,中,待激活型：商单一般充电弱，需运营介入
283279261,柳笛6D,17741,汽车,新能源车,2,2,1,1.5,0,0,0,0,0,无,低,低活跃型：商单充电均弱，需评估内容潜力
2169263,卡洛斯马,65350,运动,健身,3,4,2,2.75,0,0,0,0,0,无,中,待激活型：商单一般充电弱，需运营介入
4831263,黑猫大少爷,1723245,游戏,单机游戏,3,3,1,2,0,0,0,0,0,无,低,低活跃型：商单充电均弱，需评估内容潜力
406636263,HOLA小测佬,5484589,美食,美食侦探,4,5,2,3.25,0,0,0,0,0,无,中,待激活型：商单一般充电弱，需运营介入
495792263,nagi真的很文静,897937,知识,科学科普,3,3,3,3,0,0,0,0,0,无,中,待激活型：商单一般充电弱，需运营介入
1375678265,大明白李淑芬,487454,动画,同人·手书,3,4,3,3.25,0,0,0,0,0,无,中,待激活型：商单一般充电弱，需运营介入
53456,Warma,5056505,游戏,单机游戏,3,2,2,2.25,0,0,0,0,0,无,低,低活跃型：商单充电均弱，需评估内容潜力
12303456,在下淘子,899978,生活,日常,2,3,2,2.25,0,0,0,0,0,无,低,低活跃型：商单充电均弱，需评估内容潜力
13354765,徐大虾咯,8415003,游戏,单机游戏,4,5,1,2.75,0,0,0,0,0,无,中,待激活型：商单一般充电弱，需运营介入
280421456,Stan李昂,1015197,游戏,网络游戏,2,4,2,2.5,0,0,0,0,0,无,中,待激活型：商单一般充电弱，需运营介入
323024456,雨琪在芬兰,2260884,美食,美食记录,4,4,4,4,0,0,0,0,0,无,高,商单依赖型：商单强且趋势好，短期转充电可能性极低
485783456,AnnaShi安娜喜,225554,时尚,美妆护肤,2,3,5,3.75,0,0,0,0,0,无,中,待激活型：商单一般充电弱，需运营介入
28457,司波图,337461,科技,数码,3,4,4,3.75,0,0,0,0,0,无,中,待激活型：商单一般充电弱，需运营介入
665457,乃一捂,149086,知识,野生技能协会,3,4,2,2.75,0,0,0,0,0,无,中,待激活型：商单一般充电弱，需运营介入
8482768,ZEALER官方频道,874797,科技,数码,3,3,5,4,0,0,0,0,0,无,高,商单依赖型：商单强且趋势好，短期转充电可能性极低
189467457,科技回声,150248,动画,特摄,3,3,5,4,0,0,0,0,0,无,高,商单依赖型：商单强且趋势好，短期转充电可能性极低
288387457,小小段砸,1484842,生活,搞笑,3,4,5,4.25,0,0,0,0,0,无,高,商单依赖型：商单强且趋势好，短期转充电可能性极低
13492458,泡面头诗昆,91258,科技,数码,2,4,2,2.5,0,0,0,0,0,无,中,待激活型：商单一般充电弱，需运营介入
19286458,陈翔六点半,3503178,影视,小剧场,3,3,5,4,0,0,0,0,0,无,高,商单依赖型：商单强且趋势好，短期转充电可能性极低
27648458,拆机测评侠,96692,知识,科学科普,3,4,5,4.25,0,0,0,0,0,无,高,商单依赖型：商单强且趋势好，短期转充电可能性极低
115058458,莉可Kurisu,1415878,鬼畜,鬼畜调教,3,4,3,3.25,0,0,0,0,0,无,中,待激活型：商单一般充电弱，需运营介入
285108459,那个牧之,69665,科技,数码,3,4,5,4.25,0,0,0,0,0,无,高,商单依赖型：商单强且趋势好，短期转充电可能性极低
413592311,二挡起步车评,201420,汽车,新能源车,3,4,5,4.25,0,0,0,0,0,无,高,商单依赖型：商单强且趋势好，短期转充电可能性极低
545194898,爱思考的老梨,487138,知识,综合,3,3,5,4,0,0,0,0,0,无,高,商单依赖型：商单强且趋势好，短期转充电可能性极低
53298460,IRiS七叶,31800,音乐,原创音乐,2,1,0,0.75,0,0,0,0,0,无,低,低活跃型：商单充电均弱，需评估内容潜力
267939460,某科君,1028568,科技,软件应用,2,2,0,1,0,0,0,0,0,无,低,低活跃型：商单充电均弱，需评估内容潜力
20423461,黄金骑士卫宫,150525,游戏,手机游戏,2,5,3,3.25,0,0,0,0,0,无,中,待激活型：商单一般充电弱，需运营介入
315111461,BOY测评,567856,美食,美食侦探,3,4,3,3.25,0,0,0,0,0,无,中,待激活型：商单一般充电弱，需运营介入
383814461,一网一匠,843005,科技,软件应用,2,2,5,3.5,0,0,0,0,0,无,中,待激活型：商单一般充电弱，需运营介入
3743849,大蜡烛,1040370,知识,财经商业,3,2,4,3.25,0,0,0,0,0,无,中,待激活型：商单一般充电弱，需运营介入
357812245,沐羽Stars,153174,动画,同人·手书,2,4,4,3.5,0,0,0,0,0,无,中,待激活型：商单一般充电弱，需运营介入
52190805,麟宣森,2303975,美食,美食制作,2,3,1,1.75,0,0,0,0,0,无,低,低活跃型：商单充电均弱，需评估内容潜力
85754245,superB太,2463734,生活,美食侦探,2,2,3,2.5,0,0,0,0,0,无,中,待激活型：商单一般充电弱，需运营介入
4957245,GYAnimation,219566,动画,MAD·AMV,2,1,3,2.25,0,0,0,0,0,无,低,低活跃型：商单充电均弱，需评估内容潜力
25135805,路由器LAN,186819,美食,美食测评,2,5,5,4.25,0,0,0,0,0,无,高,商单依赖型：商单强且趋势好，短期转充电可能性极低
36336420,林虎_LinHu,773318,游戏,手机游戏,3,5,5,4.5,0,0,0,0,0,无,高,商单依赖型：商单强且趋势好，短期转充电可能性极低
4895244,LOL丶诺诺,930732,游戏,电子竞技,2,4,5,4,0,0,0,0,0,无,高,商单依赖型：商单强且趋势好，短期转充电可能性极低
1783244,顾跑跑,260632,游戏,网络游戏,2,3,2,2.25,0,0,0,0,0,无,低,低活跃型：商单充电均弱，需评估内容潜力
2025093606,左手玩FPS,1100766,游戏,网络游戏,2,3,1,1.75,0,0,0,0,0,无,低,低活跃型：商单充电均弱，需评估内容潜力
11022243,云耀yoke,1324182,游戏,手机游戏,2,5,2,2.75,0,0,0,0,0,无,中,待激活型：商单一般充电弱，需运营介入
2076896242,坤哥的手工坊,730838,生活,手工,3,4,2,2.75,0,0,0,0,0,无,中,待激活型：商单一般充电弱，需运营介入
1745143606,争取最后的自由,2240863,汽车,汽车生活,3,5,5,4.5,0,0,0,0,0,无,高,商单依赖型：商单强且趋势好，短期转充电可能性极低
32648420,安风诺良奈,848977,游戏,单机游戏,2,2,2,2,0,0,0,0,0,无,低,低活跃型：商单充电均弱，需评估内容潜力
21581801,KM二号,686283,鬼畜,鬼畜剧场,2,3,0,1.25,0,0,0,0,0,无,低,低活跃型：商单充电均弱，需评估内容潜力
1850720242,小缸,428048,生活,日常,3,3,5,4,0,0,0,0,0,无,高,商单依赖型：商单强且趋势好，短期转充电可能性极低
379247856,好奇心会社,1198651,知识,科学科普,4,3,5,4.25,0,0,0,0,0,无,高,商单依赖型：商单强且趋势好，短期转充电可能性极低
670894606,娜塔莎一家,573133,生活,出行,2,4,1,2,0,0,0,0,0,无,低,商单衰退型：曾经商单强但趋势下行，充电转化黄金窗口
1100835241,太好磕了鸭,430318,生活,日常,3,4,1,2.25,0,0,0,0,0,无,低,商单衰退型：曾经商单强但趋势下行，充电转化黄金窗口
352735241,司尺音,1018364,科技,数码,4,5,5,4.75,0,0,0,0,0,无,高,商单依赖型：商单强且趋势好，短期转充电可能性极低
233962606,屑度子,1516251,时尚,仿妆cos,2,3,3,2.75,0,0,0,0,0,无,中,待激活型：商单一般充电弱，需运营介入
1437599419,一颗鲜葱__,783538,生活,搞笑,3,4,2,2.75,0,0,0,0,0,无,中,待激活型：商单一般充电弱，需运营介入
12816241,托马斯家的,1442686,生活,日常,4,4,4,4,0,0,0,0,0,无,高,商单依赖型：商单强且趋势好，短期转充电可能性极低
17241,喜逸郎,252950,生活,家居房产,3,3,5,4,0,0,0,0,0,无,高,商单依赖型：商单强且趋势好，短期转充电可能性极低
211266606,艾伯特,144106,汽车,汽车生活,3,2,5,3.75,0,0,0,0,0,无,中,待激活型：商单一般充电弱，需运营介入
544291240,东兴苟十三,2270818,知识,人文历史,2,2,4,3,0,0,0,0,0,无,中,待激活型：商单一般充电弱，需运营介入
323236011,阿酷Cool,107243,游戏,手机游戏,2,5,5,4.25,0,0,0,0,0,无,高,商单依赖型：商单强且趋势好，短期转充电可能性极低
337521240,记录生活的蛋黄派,9145975,美食,美食测评,3,2,4,3.25,0,0,0,0,0,无,中,待激活型：商单一般充电弱，需运营介入
479537605,VKKKKK大魔王,297365,运动,健身,2,2,3,2.5,0,0,0,0,0,无,中,待激活型：商单一般充电弱，需运营介入
14890801,大炒面制造者Cen,2141372,游戏,单机游戏,3,2,0,1.25,0,0,0,0,0,无,低,低活跃型：商单充电均弱，需评估内容潜力
8878219,吃蛋挞的折棒,1089296,游戏,桌游棋牌,3,5,2,3,0,0,0,0,0,无,中,待激活型：商单一般充电弱，需运营介入
28330240,叶无趣,1894995,生活,绘画,2,3,0,1.25,0,0,0,0,0,无,低,低活跃型：商单充电均弱，需评估内容潜力
551188239,企鹅带带北极熊,3227444,游戏,手机游戏,4,5,5,4.75,0,0,0,0,0,无,高,商单依赖型：商单强且趋势好，短期转充电可能性极低
400507605,哈奶啤,591462,生活,搞笑,3,4,3,3.25,0,0,0,0,0,无,中,待激活型：商单一般充电弱，需运营介入
531131239,财经不眠姐,1668130,知识,财经商业,3,4,4,3.75,0,0,0,0,0,无,中,待激活型：商单一般充电弱，需运营介入
65564239,IT咖啡馆,310183,科技,计算机技术,3,3,1,2,0,0,0,0,0,无,低,低活跃型：商单充电均弱，需评估内容潜力
367206605,住在楼上的阿美,595534,生活,美食测评,2,2,0,1,0,0,0,0,0,无,低,低活跃型：商单充电均弱，需评估内容潜力
353495419,幻想家姜时一,1517105,生活,出行,2,1,0,0.75,0,0,0,0,0,无,低,低活跃型：商单充电均弱，需评估内容潜力
3380239,神奇的老皮,4539142,游戏,搞笑,5,5,2,3.5,0,0,0,0,0,无,中,待激活型：商单一般充电弱，需运营介入
42853238,科技盲区,312343,科技,数码,3,5,5,4.5,0,0,0,0,0,无,高,商单依赖型：商单强且趋势好，短期转充电可能性极低
389133721,汤黑头子,696442,生活,日常,2,2,3,2.5,0,0,0,0,0,无,中,待激活型：商单一般充电弱，需运营介入
719238,谷谷永不咕咕,1168424,动画,同人·手书,2,3,5,3.75,0,0,0,0,0,无,中,待激活型：商单一般充电弱，需运营介入
30348237,某bit,36916,科技,数码,2,3,5,3.75,0,0,0,0,0,无,中,待激活型：商单一般充电弱，需运营介入
103388721,六层楼先生,2171606,知识,科学科普,3,2,3,2.75,0,0,0,0,0,无,中,待激活型：商单一般充电弱，需运营介入
238624419,咽气诺,892079,生活,搞笑,3,4,5,4.25,0,0,0,0,0,无,高,商单依赖型：商单强且趋势好，短期转充电可能性极低
57480800,迷人的小明儿,532017,游戏,手机游戏,2,3,4,3.25,0,0,0,0,0,无,中,待激活型：商单一般充电弱，需运营介入
602451236,成宇讲故事,778216,时尚,美妆护肤,2,2,3,2.5,0,0,0,0,0,无,中,待激活型：商单一般充电弱，需运营介入
40427625,取景框看世界,4016097,知识,校园学习,2,1,0,0.75,0,0,0,0,0,无,低,低活跃型：商单充电均弱，需评估内容潜力
87190721,-我是小魔-,1887179,知识,科学科普,3,3,2,2.5,0,0,0,0,0,无,中,待激活型：商单一般充电弱，需运营介入
14060625,电车博士抗抗,16100,汽车,新能源车,3,2,3,2.75,0,0,0,0,0,无,中,待激活型：商单一般充电弱，需运营介入
1304893235,龙光Justin,249831,科技,数码,3,4,2,2.75,0,0,0,0,0,无,中,待激活型：商单一般充电弱，需运营介入
59188721,J某人啊,102833,生活,搞笑,3,4,5,4.25,0,0,0,0,0,无,高,商单依赖型：商单强且趋势好，短期转充电可能性极低
30949419,知道壹点点,250706,科技,数码,3,4,5,4.25,0,0,0,0,0,无,高,商单依赖型：商单强且趋势好，短期转充电可能性极低
32985235,住B站的王王,277840,游戏,单机游戏,3,5,3,3.5,0,0,0,0,0,无,中,待激活型：商单一般充电弱，需运营介入
1910004,罐罐小狗,1067201,动画,同人·手书,2,3,2,2.25,0,0,0,0,0,无,低,低活跃型：商单充电均弱，需评估内容潜力
39807720,林带鱼w,852012,生活,日常,3,3,5,4,0,0,0,0,0,无,高,商单依赖型：商单强且趋势好，短期转充电可能性极低
373135003,科技浅湾Lite,332175,生活,搞笑,4,5,4,4.25,0,0,0,0,0,无,高,商单依赖型：商单强且趋势好，短期转充电可能性极低
1195284234,李白尼的猜想,3607076,知识,科学科普,4,3,1,2.25,0,0,0,0,0,无,低,商单衰退型：曾经商单强但趋势下行，充电转化黄金窗口
14368720,黑人黑科技,821215,科技,极客DIY,3,2,4,3.25,0,0,0,0,0,无,中,待激活型：商单一般充电弱，需运营介入
20012419,小稚大聪明,441955,生活,日常,2,4,1,2,0,0,0,0,0,无,低,商单衰退型：曾经商单强但趋势下行，充电转化黄金窗口
483879799,猛男舞团IconX,5058563,舞蹈,舞蹈综合,4,3,1,2.25,0,0,0,0,0,无,低,商单衰退型：曾经商单强但趋势下行，充电转化黄金窗口
1816219,噩梦D,994041,动画,动漫杂谈,2,4,1,2,0,0,0,0,0,无,低,商单衰退型：曾经商单强但趋势下行，充电转化黄金窗口
10126216,叶开叶师傅,1563712,游戏,单机游戏,2,2,0,1,0,0,0,0,0,无,低,低活跃型：商单充电均弱，需评估内容潜力
495952701,老青椒,636952,游戏,手机游戏,2,4,1,2,0,0,0,0,0,无,低,商单衰退型：曾经商单强但趋势下行，充电转化黄金窗口
482079234,SlamDunk灌篮,213289,运动,篮球,2,5,2,2.75,0,0,0,0,0,无,中,待激活型：商单一般充电弱，需运营介入
400933234,家电管家max,160417,生活,日常,2,2,1,1.5,0,0,0,0,0,无,低,低活跃型：商单充电均弱，需评估内容潜力
1123353719,万灵缝合厂,2661784,鬼畜,鬼畜剧场,4,3,2,2.75,0,0,0,0,0,无,中,待激活型：商单一般充电弱，需运营介入
328907234,美鹿莎,403332,时尚,穿搭,2,3,5,3.75,0,0,0,0,0,无,中,待激活型：商单一般充电弱，需运营介入
86439234,Upspeed盛嘉成,2825205,汽车,汽车生活,5,5,3,4,0,0,0,0,0,无,高,商单依赖型：商单强且趋势好，短期转充电可能性极低
624052719,切片计划,1787738,影视,影视杂谈,3,2,5,3.75,0,0,0,0,0,无,中,待激活型：商单一般充电弱，需运营介入
680417,17173妖气山,161313,游戏,单机游戏,2,3,5,3.75,0,0,0,0,0,无,中,待激活型：商单一般充电弱，需运营介入
1253744623,会发光的微微,71700,生活,家居房产,2,4,5,4,0,0,0,0,0,无,高,商单依赖型：商单强且趋势好，短期转充电可能性极低
2314623,超级funky橙子,893823,游戏,单机游戏,3,4,2,2.75,0,0,0,0,0,无,中,待激活型：商单一般充电弱，需运营介入
598747718,南北饭斗罗,371235,美食,美食侦探,2,5,4,3.75,0,0,0,0,0,无,中,待激活型：商单一般充电弱，需运营介入
127623,皓月-moonqshine,258637,鬼畜,鬼畜调教,2,2,5,3.5,0,0,0,0,0,无,中,待激活型：商单一般充电弱，需运营介入
9331233,狗蛋测评室,7212,运动,竞技体育,2,4,5,4,0,0,0,0,0,无,高,商单依赖型：商单强且趋势好，短期转充电可能性极低
261453718,小鸡词典,688623,生活,搞笑,2,2,0,1,0,0,0,0,0,无,低,低活跃型：商单充电均弱，需评估内容潜力
9303228,江湖举人,1635357,知识,人文历史,2,2,0,1,0,0,0,0,0,无,低,低活跃型：商单充电均弱，需评估内容潜力
406425799,老图丁,379003,科技,数码,3,5,4,4,0,0,0,0,0,无,高,商单依赖型：商单强且趋势好，短期转充电可能性极低
37992622,破产兄弟BrokeBros,2163003,生活,出行,3,2,3,2.75,0,0,0,0,0,无,中,待激活型：商单一般充电弱，需运营介入
50025232,蚊香长老,303661,游戏,手机游戏,2,4,2,2.5,0,0,0,0,0,无,中,待激活型：商单一般充电弱，需运营介入
23237718,害羞7,1868209,时尚,仿妆cos,3,4,5,4.25,0,0,0,0,0,无,高,商单依赖型：商单强且趋势好，短期转充电可能性极低
20457232,一只吐槽圆,2726987,娱乐,娱乐杂谈,4,4,4,4,0,0,0,0,0,无,高,商单依赖型：商单强且趋势好，短期转充电可能性极低
516579621,X科技实验室,312704,科技,数码,2,1,3,2.25,0,0,0,0,0,无,低,低活跃型：商单充电均弱，需评估内容潜力
17901717,马戏糍,741747,时尚,美妆护肤,2,3,2,2.25,0,0,0,0,0,无,低,低活跃型：商单充电均弱，需评估内容潜力
941228,碳酸熊卡,412481,生活,日常,2,3,2,2.25,0,0,0,0,0,无,低,低活跃型：商单充电均弱，需评估内容潜力
94510621,梗指南,4816510,生活,搞笑,3,4,5,4.25,0,0,0,0,0,无,高,商单依赖型：商单强且趋势好，短期转充电可能性极低
20615621,采紫葳的凌霄子,1059409,鬼畜,人力VOCALOID,2,2,5,3.5,0,0,0,0,0,无,中,待激活型：商单一般充电弱，需运营介入
1750151716,野生老柠萌,835734,游戏,网络游戏,2,5,1,2.25,0,0,0,0,0,无,低,商单衰退型：曾经商单强但趋势下行，充电转化黄金窗口
319521269,英雄哪里出来,1359090,付费,综合,3,2,3,2.75,0,0,0,0,0,无,中,待激活型：商单一般充电弱，需运营介入
698029620,兰音Reine,2283383,音乐,翻唱,3,4,2,2.75,0,0,0,0,0,无,中,待激活型：商单一般充电弱，需运营介入
405378715,Alice-然,1111955,生活,搞笑,2,2,5,3.5,0,0,0,0,0,无,中,待激活型：商单一般充电弱，需运营介入
630077416,哈娜hanna,839860,游戏,单机游戏,4,5,3,3.75,0,0,0,0,0,无,中,待激活型：商单一般充电弱，需运营介入
24961799,金咸鱼,529735,游戏,手机游戏,2,4,3,3,0,0,0,0,0,无,中,待激活型：商单一般充电弱，需运营介入
162776218,电子羊羊的香菜,87745,科技,数码,2,4,5,4,0,0,0,0,0,无,高,商单依赖型：商单强且趋势好，短期转充电可能性极低
14582269,弥先生碎碎念,189436,影视,影视杂谈,2,5,5,4.25,0,0,0,0,0,无,高,商单依赖型：商单强且趋势好，短期转充电可能性极低
49246269,大象放映室,5134245,影视,影视杂谈,3,2,0,1.25,0,0,0,0,0,无,低,低活跃型：商单充电均弱，需评估内容潜力
254463269,毕导,7933600,知识,科学科普,3,2,0,1.25,0,0,0,0,0,无,低,低活跃型：商单充电均弱，需评估内容潜力
11498527,木叶铁头娃,1009949,动画,动漫杂谈,2,4,2,2.5,0,0,0,0,0,无,中,待激活型：商单一般充电弱，需运营介入
431953269,喵星考拉,259064,科技,极客DIY,2,4,4,3.5,0,0,0,0,0,无,中,待激活型：商单一般充电弱，需运营介入
435279269,数码智玩界,89680,生活,日常,3,3,5,4,0,0,0,0,0,无,高,商单依赖型：商单强且趋势好，短期转充电可能性极低
300486,巫令儿り,1486540,时尚,仿妆cos,3,4,3,3.25,0,0,0,0,0,无,中,待激活型：商单一般充电弱，需运营介入
30947486,小椰子专栏,1140954,知识,社科·法律·心理,3,4,2,2.75,0,0,0,0,0,无,中,待激活型：商单一般充电弱，需运营介入
347441270,微机分WekiHome,1228626,科技,数码,4,4,5,4.5,0,0,0,0,0,无,高,商单依赖型：商单强且趋势好，短期转充电可能性极低
477328270,厉害财经,1243351,知识,财经商业,2,2,1,1.5,0,0,0,0,0,无,低,低活跃型：商单充电均弱，需评估内容潜力
486359270,哦吼小闪电,1588720,生活,搞笑,2,2,0,1,0,0,0,0,0,无,低,低活跃型：商单充电均弱，需评估内容潜力
6574487,纳豆奶奶,4780008,生活,日常,4,4,2,3,0,0,0,0,0,无,中,待激活型：商单一般充电弱，需运营介入
430926487,达达达布溜-,2136359,生活,日常,4,4,5,4.5,0,0,0,0,0,无,高,商单依赖型：商单强且趋势好，短期转充电可能性极低
14342271,遇真纪事,532307,生活,三农,3,3,2,2.5,0,0,0,0,0,无,中,待激活型：商单一般充电弱，需运营介入
41547271,茶科技,211386,科技,数码,3,4,5,4.25,0,0,0,0,0,无,高,商单依赖型：商单强且趋势好，短期转充电可能性极低
144741271,有猫饼工作室,176868,生活,手工,2,5,5,4.25,0,0,0,0,0,无,高,商单依赖型：商单强且趋势好，短期转充电可能性极低
217637000,电动知士,57884,汽车,新能源车,2,1,0,0.75,0,0,0,0,0,无,低,低活跃型：商单充电均弱，需评估内容潜力
194053532,无我漂佩MY,1623375,游戏,手机游戏,3,4,5,4.25,0,0,0,0,0,无,高,商单依赖型：商单强且趋势好，短期转充电可能性极低
412630000,亮_Sama,1135391,游戏,综合,2,5,1,2.25,0,0,0,0,0,无,低,商单衰退型：曾经商单强但趋势下行，充电转化黄金窗口
470962000,落九川,2715040,生活,日常,4,4,2,3,0,0,0,0,0,无,中,待激活型：商单一般充电弱，需运营介入
1743631000,易格电,80550,科技,数码,2,4,5,4,0,0,0,0,0,无,高,商单依赖型：商单强且趋势好，短期转充电可能性极低
8557273,小猪隊长,98026,科技,数码,3,4,5,4.25,0,0,0,0,0,无,高,商单依赖型：商单强且趋势好，短期转充电可能性极低
1871001,棉花大哥哥,2676700,游戏,电子竞技,4,5,4,4.25,0,0,0,0,0,无,高,商单依赖型：商单强且趋势好，短期转充电可能性极低
13309001,朴男krisun,896659,运动,健身,2,1,3,2.25,0,0,0,0,0,无,低,低活跃型：商单充电均弱，需评估内容潜力
23620015,六月Aurora,778153,游戏,单机游戏,2,3,5,3.75,0,0,0,0,0,无,中,待激活型：商单一般充电弱，需运营介入
43222001,卡特亚,3364741,游戏,手机游戏,4,5,4,4.25,0,0,0,0,0,无,高,商单依赖型：商单强且趋势好，短期转充电可能性极低
410877001,喵心GG,628132,游戏,单机游戏,2,4,5,4,0,0,0,0,0,无,高,商单依赖型：商单强且趋势好，短期转充电可能性极低
254726274,东京大明白,924207,生活,日常,3,5,4,4,0,0,0,0,0,无,高,商单依赖型：商单强且趋势好，短期转充电可能性极低
335835274,秦无邪OvO,209427,游戏,单机游戏,2,3,5,3.75,0,0,0,0,0,无,中,待激活型：商单一般充电弱，需运营介入
503789274,我真的是田子桐,135895,生活,搞笑,2,4,5,4,0,0,0,0,0,无,高,商单依赖型：商单强且趋势好，短期转充电可能性极低
2132354274,噗嗤熊芽芽,93435,科技,数码,2,4,5,4,0,0,0,0,0,无,高,商单依赖型：商单强且趋势好，短期转充电可能性极低
11133002,阿姆西_MC,550428,游戏,单机游戏,2,5,1,2.25,0,0,0,0,0,无,低,商单衰退型：曾经商单强但趋势下行，充电转化黄金窗口
41236003,花城男孩_,61763,科技,数码,2,3,5,3.75,0,0,0,0,0,无,中,待激活型：商单一般充电弱，需运营介入
44670003,朴雨夏树,237109,科技,数码,4,5,5,4.75,0,0,0,0,0,无,高,商单依赖型：商单强且趋势好，短期转充电可能性极低
241679003,小叮当的伙伴们,1466337,生活,搞笑,3,2,5,3.75,0,0,0,0,0,无,中,待激活型：商单一般充电弱，需运营介入
133453018,科基小旭,71968,生活,日常,2,3,3,2.75,0,0,0,0,0,无,中,待激活型：商单一般充电弱，需运营介入
1464911018,卡子哥Game,354555,游戏,单机游戏,2,4,2,2.5,0,0,0,0,0,无,中,待激活型：商单一般充电弱，需运营介入
777536,LexBurner,6072873,动画,动漫杂谈,4,4,2,3,0,0,0,0,0,无,中,待激活型：商单一般充电弱，需运营介入
7773004,公孙雅量,368255,游戏,电子竞技,3,5,4,4,0,0,0,0,0,无,高,商单依赖型：商单强且趋势好，短期转充电可能性极低
525770004,贪玩的薛定鹅,1628654,知识,人文历史,3,4,3,3.25,0,0,0,0,0,无,中,待激活型：商单一般充电弱，需运营介入
1111202004,婷婷与芃芃,181992,时尚,美妆护肤,3,4,4,3.75,0,0,0,0,0,无,中,待激活型：商单一般充电弱，需运营介入
1986039004,Tiger西西,2744236,美食,美食制作,2,2,3,2.5,0,0,0,0,0,无,中,待激活型：商单一般充电弱，需运营介入
3178005,小杨Johnson,2219228,生活,搞笑,3,3,4,3.5,0,0,0,0,0,无,中,待激活型：商单一般充电弱，需运营介入
8618005,凉哈皮,1916758,游戏,手机游戏,3,5,5,4.5,0,0,0,0,0,无,高,商单依赖型：商单强且趋势好，短期转充电可能性极低
648727006,沙奔的汽车笔录,499401,汽车,汽车生活,4,3,4,3.75,0,0,0,0,0,无,中,待激活型：商单一般充电弱，需运营介入
1837193903,白行简丶,434252,生活,手工,3,2,0,1.25,0,0,0,0,0,无,低,低活跃型：商单充电均弱，需评估内容潜力
2529007,苟校长想要你的关注,541737,动画,模玩·周边,2,4,5,4,0,0,0,0,0,无,高,商单依赖型：商单强且趋势好，短期转充电可能性极低
12999007,生之如舟_,285313,科技,数码,3,5,5,4.5,0,0,0,0,0,无,高,商单依赖型：商单强且趋势好，短期转充电可能性极低
13470007,皮特174,898965,游戏,网络游戏,3,5,2,3,0,0,0,0,0,无,中,待激活型：商单一般充电弱，需运营介入
16206007,vivi可爱多,2465650,生活,日常,3,2,3,2.75,0,0,0,0,0,无,中,待激活型：商单一般充电弱，需运营介入
128641007,うえすぎ绘梨衣,961003,游戏,手机游戏,2,5,4,3.75,0,0,0,0,0,无,中,待激活型：商单一般充电弱，需运营介入
47563275,是喵,286688,科技,数码,3,5,4,4,0,0,0,0,0,无,高,商单依赖型：商单强且趋势好，短期转充电可能性极低
312823275,Delfino雕雕,340242,时尚,时尚潮流,2,2,4,3,0,0,0,0,0,无,中,待激活型：商单一般充电弱，需运营介入
313747275,明明实验室,493275,生活,日常,3,4,5,4.25,0,0,0,0,0,无,高,商单依赖型：商单强且趋势好，短期转充电可能性极低
501776275,每天都犯困鸭,247402,生活,日常,2,3,1,1.75,0,0,0,0,0,无,低,低活跃型：商单充电均弱，需评估内容潜力
1403618275,猪天天呢,93005,时尚,美妆护肤,3,5,5,4.5,0,0,0,0,0,无,高,商单依赖型：商单强且趋势好，短期转充电可能性极低
848008,-MyMy麦麦-,1412353,舞蹈,日常,2,3,2,2.25,0,0,0,0,0,无,低,低活跃型：商单充电均弱，需评估内容潜力
26033008,三国bigbig,77561,生活,日常,2,2,0,1,0,0,0,0,0,无,低,低活跃型：商单充电均弱，需评估内容潜力
2019396008,就就就是6,90177,生活,家居房产,2,3,4,3.25,0,0,0,0,0,无,中,待激活型：商单一般充电弱，需运营介入
447738276,钱包CB,499261,游戏,电子竞技,2,4,4,3.5,0,0,0,0,0,无,中,待激活型：商单一般充电弱，需运营介入
490002276,乐天乔宇派,646434,生活,搞笑,2,2,1,1.5,0,0,0,0,0,无,低,低活跃型：商单充电均弱，需评估内容潜力
7967009,名羲MX,174158,生活,日常,2,3,5,3.75,0,0,0,0,0,无,中,待激活型：商单一般充电弱，需运营介入
19047009,清严君,1391355,游戏,手机游戏,2,5,5,4.25,0,0,0,0,0,无,高,商单依赖型：商单强且趋势好，短期转充电可能性极低
1567446009,滤镜粉碎机,1073536,资讯,社会,3,3,1,2,0,0,0,0,0,无,低,低活跃型：商单充电均弱，需评估内容潜力
11641010,小迪爱分享,213353,生活,搞笑,3,4,5,4.25,0,0,0,0,0,无,高,商单依赖型：商单强且趋势好，短期转充电可能性极低
222157543,单毅讲装修,332129,生活,家居房产,2,3,5,3.75,0,0,0,0,0,无,中,待激活型：商单一般充电弱，需运营介入
642922,韩小沐,674470,生活,日常,2,2,0,1,0,0,0,0,0,无,低,低活跃型：商单充电均弱，需评估内容潜力
1920908011,非自然苏打,770283,影视,短片,4,5,2,3.25,0,0,0,0,0,无,中,待激活型：商单一般充电弱，需运营介入
33397277,有点意思研究所,526163,知识,人文历史,2,5,2,2.75,0,0,0,0,0,无,中,待激活型：商单一般充电弱，需运营介入
110532277,哲哲哲Shao,267515,生活,出行,2,4,3,3,0,0,0,0,0,无,中,待激活型：商单一般充电弱，需运营介入
1924115277,抽乐个大象,125857,音乐,音乐综合,2,4,2,2.5,0,0,0,0,0,无,中,待激活型：商单一般充电弱，需运营介入
477278,木羽说科技,644958,科技,数码,3,3,1,2,0,0,0,0,0,无,低,低活跃型：商单充电均弱，需评估内容潜力
1310841278,慕白自装记,198058,生活,家居房产,2,2,4,3,0,0,0,0,0,无,中,待激活型：商单一般充电弱，需运营介入
25341279,Shimmer阿诗,234949,生活,手工,2,2,0,1,0,0,0,0,0,无,低,低活跃型：商单充电均弱，需评估内容潜力
405279279,平平出击,987721,美食,美食侦探,3,5,3,3.5,0,0,0,0,0,无,中,待激活型：商单一般充电弱，需运营介入
2108856,流萤Zz,3029166,游戏,手机游戏,4,4,2,3,0,0,0,0,0,无,中,待激活型：商单一般充电弱，需运营介入
222654856,黑黑苹果酱,963054,游戏,单机游戏,3,4,3,3.25,0,0,0,0,0,无,中,待激活型：商单一般充电弱，需运营介入
1370833924,哏工侃智能,997435,生活,家居房产,3,3,5,4,0,0,0,0,0,无,高,商单依赖型：商单强且趋势好，短期转充电可能性极低
1878434856,苏不语,615435,生活,搞笑,3,3,1,2,0,0,0,0,0,无,低,低活跃型：商单充电均弱，需评估内容潜力
638816489,英大吉,2007017,知识,社科·法律·心理,3,4,2,2.75,0,0,0,0,0,无,中,待激活型：商单一般充电弱，需运营介入
44230905,彩蜂摄影大马猫本,310376,科技,数码,2,2,5,3.5,0,0,0,0,0,无,中,待激活型：商单一般充电弱，需运营介入
404987905,ACG外观研究社,987324,科技,数码,4,4,5,4.5,0,0,0,0,0,无,高,商单依赖型：商单强且趋势好，短期转充电可能性极低
1678936905,这里是工具人,24478,科技,数码,2,5,5,4.25,0,0,0,0,0,无,高,商单依赖型：商单强且趋势好，短期转充电可能性极低
1903716905,多洛塔塔,331055,游戏,手机游戏,2,4,2,2.5,0,0,0,0,0,无,中,待激活型：商单一般充电弱，需运营介入
21857,桐学罗,1238695,游戏,单机游戏,3,4,3,3.25,0,0,0,0,0,无,中,待激活型：商单一般充电弱，需运营介入
18286857,徐橙橙,297079,汽车,汽车生活,3,2,5,3.75,0,0,0,0,0,无,中,待激活型：商单一般充电弱，需运营介入
46405906,阿周的Eureka,301825,知识,财经商业,2,2,5,3.5,0,0,0,0,0,无,中,待激活型：商单一般充电弱，需运营介入
287551041,一万根韭菜,1217403,动画,同人·手书,3,5,2,3,0,0,0,0,0,无,中,待激活型：商单一般充电弱，需运营介入
438016906,蓝染青,128166,科技,数码,3,5,5,4.5,0,0,0,0,0,无,高,商单依赖型：商单强且趋势好，短期转充电可能性极低
106139858,小咻咻的闪光生活,112817,生活,日常,3,4,5,4.25,0,0,0,0,0,无,高,商单依赖型：商单强且趋势好，短期转充电可能性极低
381891858,晚晚要减肥呀,61586,时尚,美妆护肤,2,4,4,3.5,0,0,0,0,0,无,中,待激活型：商单一般充电弱，需运营介入
1192648858,何同学工作室,1405581,科技,数码,4,4,5,4.5,0,0,0,0,0,无,高,商单依赖型：商单强且趋势好，短期转充电可能性极低
28348490,咆哮丶土拨鼠,1033917,鬼畜,人力VOCALOID,3,3,1,2,0,0,0,0,0,无,低,低活跃型：商单充电均弱，需评估内容潜力
108423490,巛麻雀灬涛,696925,游戏,网络游戏,2,4,3,3,0,0,0,0,0,无,中,待激活型：商单一般充电弱，需运营介入
73012043,花叔频道,15549,汽车,汽车生活,3,2,3,2.75,0,0,0,0,0,无,中,待激活型：商单一般充电弱，需运营介入
9389859,果果队长,376058,时尚,穿搭,2,4,3,3,0,0,0,0,0,无,中,待激活型：商单一般充电弱，需运营介入
382021859,科基Studio,136659,生活,其他,2,3,5,3.75,0,0,0,0,0,无,中,待激活型：商单一般充电弱，需运营介入
489618859,铁柱大导演,1141498,生活,搞笑,3,5,3,3.5,0,0,0,0,0,无,中,待激活型：商单一般充电弱，需运营介入
6983491,宇神闲不住,336541,科技,数码,2,3,2,2.25,0,0,0,0,0,无,低,低活跃型：商单充电均弱，需评估内容潜力
28642491,楼上的老张,2801727,游戏,单机游戏,3,3,2,2.5,0,0,0,0,0,无,中,待激活型：商单一般充电弱，需运营介入
297882491,BBoxer酋长,2292547,音乐,演奏,3,4,1,2.25,0,0,0,0,0,无,低,商单衰退型：曾经商单强但趋势下行，充电转化黄金窗口
383433491,龟速船长Giulyne,117021,汽车,汽车生活,2,2,5,3.5,0,0,0,0,0,无,中,待激活型：商单一般充电弱，需运营介入
43367551,-麦粒太太-Ver-,298170,动画,同人·手书,3,3,5,4,0,0,0,0,0,无,高,商单依赖型：商单强且趋势好，短期转充电可能性极低
694937491,话龙电竞,667149,游戏,电子竞技,2,2,0,1,0,0,0,0,0,无,低,低活跃型：商单充电均弱，需评估内容潜力
2003110491,小君整懵啦,510239,游戏,单机游戏,3,5,2,3,0,0,0,0,0,无,中,待激活型：商单一般充电弱，需运营介入
17874492,X-H小豪,958653,游戏,手机游戏,3,5,5,4.5,0,0,0,0,0,无,高,商单依赖型：商单强且趋势好，短期转充电可能性极低
39180492,蒸気火鸡,958472,科技,数码,3,3,4,3.5,0,0,0,0,0,无,中,待激活型：商单一般充电弱，需运营介入
10534933,期末77,908835,生活,出行,4,3,5,4.25,0,0,0,0,0,无,高,商单依赖型：商单强且趋势好，短期转充电可能性极低
12145493,颠佬评测,955844,科技,数码,4,5,5,4.75,0,0,0,0,0,无,高,商单依赖型：商单强且趋势好，短期转充电可能性极低
283811493,Moggy的三色杯,181599,生活,家居房产,3,4,5,4.25,0,0,0,0,0,无,高,商单依赖型：商单强且趋势好，短期转充电可能性极低
1976558860,天气微凉淡淡月光,190568,娱乐,娱乐杂谈,2,5,2,2.75,0,0,0,0,0,无,中,待激活型：商单一般充电弱，需运营介入
21132494,林烟不是大佬,895157,动画,同人·手书,3,5,5,4.5,0,0,0,0,0,无,高,商单依赖型：商单强且趋势好，短期转充电可能性极低
395415494,熬一耶ye,1359345,生活,搞笑,3,2,3,2.75,0,0,0,0,0,无,中,待激活型：商单一般充电弱，需运营介入
523945494,王自如AI,146900,科技,数码,3,2,5,3.75,0,0,0,0,0,无,中,待激活型：商单一般充电弱，需运营介入
593920494,荷塘星星,300714,美食,田园美食,2,5,2,2.75,0,0,0,0,0,无,中,待激活型：商单一般充电弱，需运营介入
604710494,长片短解,2655444,影视,影视杂谈,3,5,3,3.5,0,0,0,0,0,无,中,待激活型：商单一般充电弱，需运营介入
17328861,王猫猫neko,811386,生活,日常,2,3,3,2.75,0,0,0,0,0,无,中,待激活型：商单一般充电弱，需运营介入
2957050,冰糖小堃,927137,游戏,网络游戏,2,5,4,3.75,0,0,0,0,0,无,中,待激活型：商单一般充电弱，需运营介入
71869861,孙逸轰,1219543,生活,搞笑,2,4,2,2.5,0,0,0,0,0,无,中,待激活型：商单一般充电弱，需运营介入
11399495,鸽一品,776102,动画,综合,2,3,2,2.25,0,0,0,0,0,无,低,低活跃型：商单充电均弱，需评估内容潜力
151242495,盐酸HClknight,100952,科技,数码,3,5,5,4.5,0,0,0,0,0,无,高,商单依赖型：商单强且趋势好，短期转充电可能性极低
1428110495,妮可厅长,285368,科技,数码,4,5,5,4.75,0,0,0,0,0,无,高,商单依赖型：商单强且趋势好，短期转充电可能性极低
2596862,咸车,200612,汽车,汽车生活,2,1,0,0.75,0,0,0,0,0,无,低,低活跃型：商单充电均弱，需评估内容潜力
372743862,罐头辰Danny,220484,知识,社科·法律·心理,3,4,3,3.25,0,0,0,0,0,无,中,待激活型：商单一般充电弱，需运营介入
485704862,哇塞几张,2116554,美食,美食侦探,2,2,1,1.5,0,0,0,0,0,无,低,低活跃型：商单充电均弱，需评估内容潜力
1563385862,转生成为毛毛,1177242,美食,美食侦探,3,5,5,4.5,0,0,0,0,0,无,高,商单依赖型：商单强且趋势好，短期转充电可能性极低
588364496,Iris学姐,408316,知识,校园学习,2,3,3,2.75,0,0,0,0,0,无,中,待激活型：商单一般充电弱，需运营介入
68021907,政宗君de情敌,1293637,动画,动漫杂谈,2,5,3,3.25,0,0,0,0,0,无,中,待激活型：商单一般充电弱，需运营介入
7815280,老坑zzz,526214,游戏,手机游戏,3,4,1,2.25,0,0,0,0,0,无,低,商单衰退型：曾经商单强但趋势下行，充电转化黄金窗口
19209120,Shi咪,394684,游戏,单机游戏,2,3,1,1.75,0,0,0,0,0,无,低,低活跃型：商单充电均弱，需评估内容潜力
224544281,挖AI的麻麻酱,48714,科技,软件应用,2,1,0,0.75,0,0,0,0,0,无,低,低活跃型：商单充电均弱，需评估内容潜力
404888281,在下三少啦,840457,动画,动漫杂谈,2,2,3,2.5,0,0,0,0,0,无,中,待激活型：商单一般充电弱，需运营介入
25151282,弗兰力,1370854,游戏,单机游戏,3,3,2,2.5,0,0,0,0,0,无,中,待激活型：商单一般充电弱，需运营介入
32688282,浩浩然299,50089,运动,运动文化,2,4,1,2,0,0,0,0,0,无,低,商单衰退型：曾经商单强但趋势下行，充电转化黄金窗口
99157282,盗月社食遇记,8372653,美食,美食侦探,4,4,2,3,0,0,0,0,0,无,中,待激活型：商单一般充电弱，需运营介入
456782283,在下乌鸦有何贵干,541319,游戏,单机游戏,2,2,0,1,0,0,0,0,0,无,低,低活跃型：商单充电均弱，需评估内容潜力
534964283,圈内师老师,647184,知识,财经商业,2,3,0,1.25,0,0,0,0,0,无,低,低活跃型：商单充电均弱，需评估内容潜力
94709124,小海Xhai,163721,动画,综合,2,3,1,1.75,0,0,0,0,0,无,低,低活跃型：商单充电均弱，需评估内容潜力
584888944,flypig的小号,61444,科技,数码,3,1,3,2.5,0,0,0,0,0,无,中,待激活型：商单一般充电弱，需运营介入
2079933284,河马君,2667434,生活,搞笑,3,2,0,1.25,0,0,0,0,0,无,低,低活跃型：商单充电均弱，需评估内容潜力
617285,芒果冰OL,2243295,游戏,网络游戏,3,3,2,2.5,0,0,0,0,0,无,中,待激活型：商单一般充电弱，需运营介入
7458285,爱否科技FView,1167819,科技,数码,3,3,5,4,0,0,0,0,0,无,高,商单依赖型：商单强且趋势好，短期转充电可能性极低
33416285,骆歆同学,605661,生活,日常,2,2,1,1.5,0,0,0,0,0,无,低,低活跃型：商单充电均弱，需评估内容潜力
384018285,金不拉毛抱抱,565828,动物圈,汪星人,2,3,5,3.75,0,0,0,0,0,无,中,待激活型：商单一般充电弱，需运营介入
423363285,追同学装修日记,83347,生活,家居房产,4,5,5,4.75,0,0,0,0,0,无,高,商单依赖型：商单强且趋势好，短期转充电可能性极低
208130286,大物是也,2330910,生活,日常,4,4,5,4.5,0,0,0,0,0,无,高,商单依赖型：商单强且趋势好，短期转充电可能性极低
2270287,一个李欢喜,330099,生活,亲子,2,3,4,3.25,0,0,0,0,0,无,中,待激活型：商单一般充电弱，需运营介入
4099287,佳茗,1048887,时尚,穿搭,3,4,3,3.25,0,0,0,0,0,无,中,待激活型：商单一般充电弱，需运营介入
4162287,渗透之C君,5603329,游戏,单机游戏,2,2,1,1.5,0,0,0,0,0,无,低,低活跃型：商单充电均弱，需评估内容潜力
7936287,托比昂首挺胸,689773,游戏,手机游戏,3,4,4,3.75,0,0,0,0,0,无,中,待激活型：商单一般充电弱，需运营介入
33029951,甜椒铜豌豆,380313,生活,日常,2,4,3,3,0,0,0,0,0,无,中,待激活型：商单一般充电弱，需运营介入
293846287,硬的小软,272847,游戏,单机游戏,2,4,1,2,0,0,0,0,0,无,低,商单衰退型：曾经商单强但趋势下行，充电转化黄金窗口
403226287,主持人肖雄,794105,知识,社科·法律·心理,2,5,5,4.25,0,0,0,0,0,无,高,商单依赖型：商单强且趋势好，短期转充电可能性极低
489206287,可妈可吗,1173193,生活,亲子,4,4,5,4.5,0,0,0,0,0,无,高,商单依赖型：商单强且趋势好，短期转充电可能性极低
568588287,八零彪子,892618,生活,三农,2,4,2,2.5,0,0,0,0,0,无,中,待激活型：商单一般充电弱，需运营介入
403899908,金大迪_,1202369,时尚,美妆护肤,2,2,2,2,0,0,0,0,0,无,低,低活跃型：商单充电均弱，需评估内容潜力
446430908,小傲想睡觉,4770269,美食,美食制作,3,3,1,2,0,0,0,0,0,无,低,低活跃型：商单充电均弱，需评估内容潜力
472102908,阿蔡美食雕刻,4572507,美食,美食制作,2,2,0,1,0,0,0,0,0,无,低,低活跃型：商单充电均弱，需评估内容潜力
6302909,BettySays,1611304,时尚,穿搭,3,2,3,2.75,0,0,0,0,0,无,中,待激活型：商单一般充电弱，需运营介入
8893909,刘哥模玩,703014,动画,模玩·周边,2,3,5,3.75,0,0,0,0,0,无,中,待激活型：商单一般充电弱，需运营介入
29221909,AlphaStyLe粉红小象,288534,科技,数码,2,2,4,3,0,0,0,0,0,无,中,待激活型：商单一般充电弱，需运营介入
473147288,卷卷社,34354,动画,同人·手书,3,3,5,4,0,0,0,0,0,无,高,商单依赖型：商单强且趋势好，短期转充电可能性极低
12147863,超正经BB,89623,汽车,汽车生活,2,3,2,2.25,0,0,0,0,0,无,低,低活跃型：商单充电均弱，需评估内容潜力
57868863,白马侯子,378492,国创,国产原创相关,2,5,3,3.25,0,0,0,0,0,无,中,待激活型：商单一般充电弱，需运营介入
10763138,早安蛋蛋HEYYOLK,571922,动画,同人·手书,3,4,4,3.75,0,0,0,0,0,无,中,待激活型：商单一般充电弱，需运营介入
397312138,白电星球,162297,美食,美食记录,2,3,5,3.75,0,0,0,0,0,无,中,待激活型：商单一般充电弱，需运营介入
1220869863,小商的拍车日记,423767,汽车,汽车生活,2,1,0,0.75,0,0,0,0,0,无,低,低活跃型：商单充电均弱，需评估内容潜力
117207140,加班鱼,191227,动画,同人·手书,3,4,5,4.25,0,0,0,0,0,无,高,商单依赖型：商单强且趋势好，短期转充电可能性极低
393245497,柴来了,203877,动画,同人·手书,3,1,0,1,0,0,0,0,0,无,低,低活跃型：商单充电均弱，需评估内容潜力
10708864,小姜的365个旅行故事,38231,生活,出行,2,2,0,1,0,0,0,0,0,无,低,低活跃型：商单充电均弱，需评估内容潜力
433448864,星评测,91529,生活,日常,2,4,5,4,0,0,0,0,0,无,高,商单依赖型：商单强且趋势好，短期转充电可能性极低
651039864,暴躁的仙人JUMP,2264187,知识,财经商业,4,3,5,4.25,0,0,0,0,0,无,高,商单依赖型：商单强且趋势好，短期转充电可能性极低
1282271864,自由魂儿儿儿,951220,游戏,手机游戏,4,5,2,3.25,0,0,0,0,0,无,中,待激活型：商单一般充电弱，需运营介入
16754498,不凉少年派,1071957,生活,搞笑,3,3,2,2.5,0,0,0,0,0,无,中,待激活型：商单一般充电弱，需运营介入
194186498,泰迪熊本熊-TBK-,103239,科技,数码,2,4,3,3,0,0,0,0,0,无,中,待激活型：商单一般充电弱，需运营介入
285571498,盖里老哥,2015521,生活,日常,4,4,1,2.5,0,0,0,0,0,无,中,待激活型：商单一般充电弱，需运营介入
358247498,木兜Modoul,199299,科技,数码,2,2,3,2.5,0,0,0,0,0,无,中,待激活型：商单一般充电弱，需运营介入
5374954,深海色带鱼,1612609,鬼畜,鬼畜调教,4,4,3,3.5,0,0,0,0,0,无,中,待激活型：商单一般充电弱，需运营介入
517994498,山中冷月微,588981,生活,日常,2,2,5,3.5,0,0,0,0,0,无,中,待激活型：商单一般充电弱，需运营介入
651332498,吴子伊Miss,210279,游戏,同人·手书,2,4,3,3,0,0,0,0,0,无,中,待激活型：商单一般充电弱，需运营介入
3766866,科技美学,4458511,科技,数码,4,4,5,4.5,0,0,0,0,0,无,高,商单依赖型：商单强且趋势好，短期转充电可能性极低
11643866,汤姆的混乱空间,1923734,生活,搞笑,4,4,3,3.5,0,0,0,0,0,无,中,待激活型：商单一般充电弱，需运营介入
474853499,李如儒也是李蠕蠕,3259547,生活,搞笑,2,1,0,0.75,0,0,0,0,0,无,低,低活跃型：商单充电均弱，需评估内容潜力
542824499,军情阿丁,1868706,影视,影视杂谈,2,5,5,4.25,0,0,0,0,0,无,高,商单依赖型：商单强且趋势好，短期转充电可能性极低
68134500,张大碗子,1038444,生活,日常,2,2,3,2.5,0,0,0,0,0,无,中,待激活型：商单一般充电弱，需运营介入
390898500,一目十影,2195184,影视,影视杂谈,2,5,5,4.25,0,0,0,0,0,无,高,商单依赖型：商单强且趋势好，短期转充电可能性极低
1813797500,=-三三三元,1399375,舞蹈,宅舞,2,4,2,2.5,0,0,0,0,0,无,中,待激活型：商单一般充电弱，需运营介入
350632501,在下小苏,1414512,生活,日常,4,4,2,3,0,0,0,0,0,无,中,待激活型：商单一般充电弱，需运营介入
6528910,小贝的游戏食堂,1550375,游戏,网络游戏,3,3,1,2,0,0,0,0,0,无,低,低活跃型：商单充电均弱，需评估内容潜力
147166910,雨哥到处跑,3823751,生活,搞笑,5,5,3,4,0,0,0,0,0,无,高,商单依赖型：商单强且趋势好，短期转充电可能性极低
7327911,德国陶渊明,1140903,美食,美食记录,3,5,4,4,0,0,0,0,0,无,高,商单依赖型：商单强且趋势好，短期转充电可能性极低
239384911,春风满马,318176,游戏,手机游戏,4,5,4,4.25,0,0,0,0,0,无,高,商单依赖型：商单强且趋势好，短期转充电可能性极低
265457911,老鸽子从不鸽,1251976,生活,搞笑,2,4,5,4,0,0,0,0,0,无,高,商单依赖型：商单强且趋势好，短期转充电可能性极低
1948970911,坤姐再闯江湖,208155,生活,日常,2,5,5,4.25,0,0,0,0,0,无,高,商单依赖型：商单强且趋势好，短期转充电可能性极低
407275913,假装讲电影,2274291,影视,影视杂谈,2,3,4,3.25,0,0,0,0,0,无,中,待激活型：商单一般充电弱，需运营介入
170914,文同学文案,200179,知识,人文历史,2,5,5,4.25,0,0,0,0,0,无,高,商单依赖型：商单强且趋势好，短期转充电可能性极低
346098914,大家测,979382,科技,数码,2,3,3,2.75,0,0,0,0,0,无,中,待激活型：商单一般充电弱，需运营介入
508752914,爱画画的子衿,2054053,生活,搞笑,2,3,4,3.25,0,0,0,0,0,无,中,待激活型：商单一般充电弱，需运营介入
25592156,假如科技,677492,科技,数码,3,4,5,4.25,0,0,0,0,0,无,高,商单依赖型：商单强且趋势好，短期转充电可能性极低
38421915,羊SheeKep,147473,科技,数码,2,3,5,3.75,0,0,0,0,0,无,中,待激活型：商单一般充电弱，需运营介入
1132916,有点在李,151606,知识,人文历史,2,2,5,3.5,0,0,0,0,0,无,中,待激活型：商单一般充电弱，需运营介入
62540916,周六野Zoey,10639267,运动,健身,3,3,5,4,0,0,0,0,0,无,高,商单依赖型：商单强且趋势好，短期转充电可能性极低
1556651916,小黛晨读,721614,知识,社科·法律·心理,3,5,5,4.5,0,0,0,0,0,无,高,商单依赖型：商单强且趋势好，短期转充电可能性极低
5970160,小潮院长,15201098,游戏,单机游戏,5,5,2,3.5,0,0,0,0,0,无,中,待激活型：商单一般充电弱，需运营介入
314866867,佚村夫,489276,动物圈,汪星人,2,3,1,1.75,0,0,0,0,0,无,低,低活跃型：商单充电均弱，需评估内容潜力
1935133868,新月家电说,79615,生活,日常,2,3,5,3.75,0,0,0,0,0,无,中,待激活型：商单一般充电弱，需运营介入
20572289,凛光暗切,395176,科技,数码,3,5,2,3,0,0,0,0,0,无,中,待激活型：商单一般充电弱，需运营介入
513866289,喘喘winnie,392609,知识,校园学习,3,4,5,4.25,0,0,0,0,0,无,高,商单依赖型：商单强且趋势好，短期转充电可能性极低
8034163,浅澄月,1487680,鬼畜,鬼畜剧场,2,3,5,3.75,0,0,0,0,0,无,中,待激活型：商单一般充电弱，需运营介入
356399722,酋知鱼,389748,知识,科学科普,2,3,5,3.75,0,0,0,0,0,无,中,待激活型：商单一般充电弱，需运营介入
1534196722,阿云Pari,84317,时尚,美妆护肤,2,4,3,3,0,0,0,0,0,无,中,待激活型：商单一般充电弱，需运营介入
18564290,VisionTec的王,33862,科技,数码,2,2,2,2,0,0,0,0,0,无,低,低活跃型：商单充电均弱，需评估内容潜力
145707290,田谷源,81763,生活,出行,2,3,5,3.75,0,0,0,0,0,无,中,待激活型：商单一般充电弱，需运营介入
47291,抽风的飞机origin,681791,游戏,电子竞技,2,2,2,2,0,0,0,0,0,无,低,低活跃型：商单充电均弱，需评估内容潜力
210291,蚀血之暗,684850,生活,日常,2,2,2,2,0,0,0,0,0,无,低,低活跃型：商单充电均弱，需评估内容潜力
353318057,轩然鉴,40748,科技,数码,2,5,4,3.75,0,0,0,0,0,无,中,待激活型：商单一般充电弱，需运营介入
92818291,隔壁老谢GBLX,188532,科技,数码,2,3,5,3.75,0,0,0,0,0,无,中,待激活型：商单一般充电弱，需运营介入
427607291,建国JianGuo_,394109,科技,数码,3,3,3,3,0,0,0,0,0,无,中,待激活型：商单一般充电弱，需运营介入
25910292,钟文泽,2421261,科技,数码,3,3,2,2.5,0,0,0,0,0,无,中,待激活型：商单一般充电弱，需运营介入
346592292,深入了解PreInsight,64689,科技,数码,4,5,3,3.75,0,0,0,0,0,无,中,待激活型：商单一般充电弱，需运营介入
391242293,六斤Libra,623361,生活,出行,4,4,3,3.5,0,0,0,0,0,无,中,待激活型：商单一般充电弱，需运营介入
1094218293,晨露其实叫程禄,66885,美食,美食测评,2,3,1,1.75,0,0,0,0,0,无,低,低活跃型：商单充电均弱，需评估内容潜力
255002723,超级一万乐,35630,科技,数码,2,5,3,3.25,0,0,0,0,0,无,中,待激活型：商单一般充电弱，需运营介入
3322724,尾哥模玩,394616,生活,模玩·周边,2,3,5,3.75,0,0,0,0,0,无,中,待激活型：商单一般充电弱，需运营介入
176756724,野居青年,681344,生活,家居房产,2,3,1,1.75,0,0,0,0,0,无,低,低活跃型：商单充电均弱，需评估内容潜力
19319172,差评君,3351861,知识,科学科普,4,5,5,4.75,0,0,0,0,0,无,高,商单依赖型：商单强且趋势好，短期转充电可能性极低
52165725,王骁Albert,2531023,知识,人文历史,2,1,0,0.75,0,0,0,0,0,无,低,低活跃型：商单充电均弱，需评估内容潜力
54712725,Okami丶鬼道,473617,游戏,单机游戏,2,3,2,2.25,0,0,0,0,0,无,低,低活跃型：商单充电均弱，需评估内容潜力
344488725,易凌叔,555504,游戏,单机游戏,2,4,1,2,0,0,0,0,0,无,低,商单衰退型：曾经商单强但趋势下行，充电转化黄金窗口
513851725,妈妈再灭我一次,583823,生活,搞笑,4,4,2,3,0,0,0,0,0,无,中,待激活型：商单一般充电弱，需运营介入
40742726,是我_是我_就是我,174886,知识,职业职场,3,3,3,3,0,0,0,0,0,无,中,待激活型：商单一般充电弱，需运营介入
106685726,二二酸酸,2841940,知识,校园学习,4,3,5,4.25,0,0,0,0,0,无,高,商单依赖型：商单强且趋势好，短期转充电可能性极低
520149726,拿拿nah,959994,生活,日常,4,3,5,4.25,0,0,0,0,0,无,高,商单依赖型：商单强且趋势好，短期转充电可能性极低
11997177,三木刃,1796290,鬼畜,鬼畜调教,4,4,1,2.5,0,0,0,0,0,无,中,待激活型：商单一般充电弱，需运营介入
8960728,日食记,9204165,美食,美食制作,4,3,3,3.25,0,0,0,0,0,无,中,待激活型：商单一般充电弱，需运营介入
280135728,楚天明c,323287,游戏,单机游戏,2,4,1,2,0,0,0,0,0,无,低,商单衰退型：曾经商单强但趋势下行，充电转化黄金窗口
1440295,一个凡老师,864454,知识,社科·法律·心理,3,5,5,4.5,0,0,0,0,0,无,高,商单依赖型：商单强且趋势好，短期转充电可能性极低
27897180,小小的小兔团儿,1092923,时尚,穿搭,2,2,2,2,0,0,0,0,0,无,低,低活跃型：商单充电均弱，需评估内容潜力
38053181,oooooohmygosh,1746494,知识,设计·创意,3,2,4,3.25,0,0,0,0,0,无,中,待激活型：商单一般充电弱，需运营介入
8986182,Navis-慢点评测,95452,科技,数码,3,3,3,3,0,0,0,0,0,无,中,待激活型：商单一般充电弱，需运营介入
2283296,小猪P_,738215,鬼畜,鬼畜调教,3,4,2,2.75,0,0,0,0,0,无,中,待激活型：商单一般充电弱，需运营介入
245069296,迷影区间,1191547,影视,影视杂谈,3,5,4,4,0,0,0,0,0,无,高,商单依赖型：商单强且趋势好，短期转充电可能性极低
588148296,郭小嚜,591788,生活,手工,2,3,1,1.75,0,0,0,0,0,无,低,低活跃型：商单充电均弱，需评估内容潜力
50476731,青蒜瞎哔哔,189319,游戏,手机游戏,2,4,2,2.5,0,0,0,0,0,无,中,待激活型：商单一般充电弱，需运营介入
106590731,老孙聊游戏,762374,游戏,单机游戏,3,4,2,2.75,0,0,0,0,0,无,中,待激活型：商单一般充电弱，需运营介入
384341731,贪吃瑜,361114,美食,美食测评,2,5,5,4.25,0,0,0,0,0,无,高,商单依赖型：商单强且趋势好，短期转充电可能性极低
1748623731,阿城数码,76927,科技,数码,2,4,2,2.5,0,0,0,0,0,无,中,待激活型：商单一般充电弱，需运营介入
3660297,Jiaber吴伯滔,1631405,生活,搞笑,2,2,1,1.5,0,0,0,0,0,无,低,低活跃型：商单充电均弱，需评估内容潜力
436197297,小凌漆漆,465046,游戏,桌游棋牌,2,5,1,2.25,0,0,0,0,0,无,低,商单衰退型：曾经商单强但趋势下行，充电转化黄金窗口
730732,瓶子君152,4307755,游戏,手机游戏,4,4,4,4,0,0,0,0,0,无,高,商单依赖型：商单强且趋势好，短期转充电可能性极低
431956189,神奇阿宇Ayu,1031155,科技,极客DIY,5,4,5,4.75,0,0,0,0,0,无,高,商单依赖型：商单强且趋势好，短期转充电可能性极低
294938732,碳基少年,59769,科技,数码,3,4,2,2.75,0,0,0,0,0,无,中,待激活型：商单一般充电弱，需运营介入
337064732,李开箱,65184,科技,数码,2,5,3,3.25,0,0,0,0,0,无,中,待激活型：商单一般充电弱，需运营介入
662658732,玲子reiko-,1781728,美食,美食侦探,3,3,2,2.5,0,0,0,0,0,无,中,待激活型：商单一般充电弱，需运营介入
349717298,嘤武罗,2007539,生活,日常,3,3,2,2.5,0,0,0,0,0,无,中,待激活型：商单一般充电弱，需运营介入
1092084298,王者荣耀九居,761802,游戏,电子竞技,2,5,2,2.75,0,0,0,0,0,无,中,待激活型：商单一般充电弱，需运营介入
380926733,Ryywai,64387,科技,数码,2,5,2,2.75,0,0,0,0,0,无,中,待激活型：商单一般充电弱，需运营介入
1858208733,李砍柴,91276,知识,财经商业,2,3,5,3.75,0,0,0,0,0,无,中,待激活型：商单一般充电弱，需运营介入
70429299,嘞是唐孃孃,2024403,生活,搞笑,4,5,2,3.25,0,0,0,0,0,无,中,待激活型：商单一般充电弱，需运营介入
281605299,草鸡实验室,434993,科技,数码,3,5,5,4.5,0,0,0,0,0,无,高,商单依赖型：商单强且趋势好，短期转充电可能性极低
1995076299,哔哔啵啵璇,942832,音乐,演奏,2,3,3,2.75,0,0,0,0,0,无,中,待激活型：商单一般充电弱，需运营介入
29191734,浅唱君Jacky,1136855,游戏,单机游戏,4,5,3,3.75,0,0,0,0,0,无,中,待激活型：商单一般充电弱，需运营介入
414702734,哈仔十一,1045549,动物圈,汪星人,3,5,5,4.5,0,0,0,0,0,无,高,商单依赖型：商单强且趋势好，短期转充电可能性极低
1858969734,楼下粉猪君,541254,影视,影视杂谈,2,5,5,4.25,0,0,0,0,0,无,高,商单依赖型：商单强且趋势好，短期转充电可能性极低
39335300,花椒糯米糍,820941,生活,日常,2,5,1,2.25,0,0,0,0,0,无,低,商单衰退型：曾经商单强但趋势下行，充电转化黄金窗口
264740735,夸利亚Qualia,1252559,生活,日常,2,2,3,2.5,0,0,0,0,0,无,中,待激活型：商单一般充电弱，需运营介入
1575718735,保镖的车库,2223108,汽车,新能源车,5,5,4,4.5,0,0,0,0,0,无,高,商单依赖型：商单强且趋势好，短期转充电可能性极低
601199200,科技边界TE,314459,生活,日常,3,3,5,4,0,0,0,0,0,无,高,商单依赖型：商单强且趋势好，短期转充电可能性极低
8695736,田浅浅,823118,生活,日常,3,4,5,4.25,0,0,0,0,0,无,高,商单依赖型：商单强且趋势好，短期转充电可能性极低
97039736,舌尖上的老六,1586466,美食,美食制作,2,3,5,3.75,0,0,0,0,0,无,中,待激活型：商单一般充电弱，需运营介入
1596926736,河畔的伯爵,995062,知识,人文历史,2,5,1,2.25,0,0,0,0,0,无,低,商单衰退型：曾经商单强但趋势下行，充电转化黄金窗口
437316738,朱一旦的枯燥生活,3184680,生活,搞笑,2,1,0,0.75,0,0,0,0,0,无,低,低活跃型：商单充电均弱，需评估内容潜力
691415738,苏打baka,2566743,游戏,单机游戏,4,4,5,4.5,0,0,0,0,0,无,高,商单依赖型：商单强且趋势好，短期转充电可能性极低
8492739,懒人核心,449920,动画,动漫杂谈,2,5,2,2.75,0,0,0,0,0,无,中,待激活型：商单一般充电弱，需运营介入
318406739,深川漱Pengoss,257904,科技,数码,3,5,5,4.5,0,0,0,0,0,无,高,商单依赖型：商单强且趋势好，短期转充电可能性极低
31922771,Leah莉娅又迟到啦,398095,游戏,手机游戏,2,4,3,3,0,0,0,0,0,无,中,待激活型：商单一般充电弱，需运营介入
1993302,米神哟,905655,游戏,单机游戏,2,3,5,3.75,0,0,0,0,0,无,中,待激活型：商单一般充电弱，需运营介入
3211302,艾尔十六,1290840,动画,同人·手书,4,5,2,3.25,0,0,0,0,0,无,中,待激活型：商单一般充电弱，需运营介入
2019740,逆风笑,2159593,游戏,单机游戏,2,2,5,3.5,0,0,0,0,0,无,中,待激活型：商单一般充电弱，需运营介入
360861964,棕与灰9,669683,动画,同人·手书,2,2,2,2,0,0,0,0,0,无,低,低活跃型：商单充电均弱，需评估内容潜力
26937772,转世虚拟猫,524627,音乐,原创音乐,2,2,2,2,0,0,0,0,0,无,低,低活跃型：商单充电均弱，需评估内容潜力
66796740,Serin塞琳,1343558,生活,搞笑,2,3,2,2.25,0,0,0,0,0,无,低,低活跃型：商单充电均弱，需评估内容潜力
173986740,这个月-,1671405,知识,社科·法律·心理,2,2,2,2,0,0,0,0,0,无,低,低活跃型：商单充电均弱，需评估内容潜力
222849740,群宝无敌,543482,生活,日常,2,3,4,3.25,0,0,0,0,0,无,中,待激活型：商单一般充电弱，需运营介入
2687303,风彩丶,289106,游戏,网络游戏,2,5,3,3.25,0,0,0,0,0,无,中,待激活型：商单一般充电弱，需运营介入
14520741,元气小鸡血,894168,生活,搞笑,2,2,2,2,0,0,0,0,0,无,低,低活跃型：商单充电均弱，需评估内容潜力
80304,亚食人,1663841,游戏,手机游戏,3,4,2,2.75,0,0,0,0,0,无,中,待激活型：商单一般充电弱，需运营介入
4974304,千夜未来Senyamiku,1877867,生活,日常,3,3,2,2.5,0,0,0,0,0,无,中,待激活型：商单一般充电弱，需运营介入
6893742,爱学习的人,725342,鬼畜,同人·手书,2,2,2,2,0,0,0,0,0,无,低,低活跃型：商单充电均弱，需评估内容潜力
70783742,几分钟义务教室,1138202,汽车,汽车生活,4,3,5,4.25,0,0,0,0,0,无,高,商单依赖型：商单强且趋势好，短期转充电可能性极低
516185777,懒狗小黑,168472,科技,数码,3,4,2,2.75,0,0,0,0,0,无,中,待激活型：商单一般充电弱，需运营介入
43584743,藻虾AmanoShrimp,354793,生活,出行,2,4,5,4,0,0,0,0,0,无,高,商单依赖型：商单强且趋势好，短期转充电可能性极低
95205743,嘿丝科技,689348,科技,数码,3,3,2,2.5,0,0,0,0,0,无,中,待激活型：商单一般充电弱，需运营介入
104853743,忘川又下饭啦,1485574,游戏,电子竞技,2,2,3,2.5,0,0,0,0,0,无,中,待激活型：商单一般充电弱，需运营介入
321206743,Cheems电玩屋,1251933,生活,搞笑,4,4,5,4.5,0,0,0,0,0,无,高,商单依赖型：商单强且趋势好，短期转充电可能性极低
478744,鹦鹉不咕,96502,游戏,手机游戏,2,5,2,2.75,0,0,0,0,0,无,中,待激活型：商单一般充电弱，需运营介入
22259744,很努力的班主任,530609,生活,校园学习,2,3,2,2.25,0,0,0,0,0,无,低,低活跃型：商单充电均弱，需评估内容潜力
486989780,老麦的工具库,1448518,科技,软件应用,4,5,4,4.25,0,0,0,0,0,无,高,商单依赖型：商单强且趋势好，短期转充电可能性极低
2829782,何必Hebee,779768,动画,动漫杂谈,3,4,4,3.75,0,0,0,0,0,无,中,待激活型：商单一般充电弱，需运营介入
25592782,Wink眨宝momo,416934,娱乐,娱乐粉丝创作,2,2,5,3.5,0,0,0,0,0,无,中,待激活型：商单一般充电弱，需运营介入
628547746,旋风凉水,294903,影视,影视杂谈,2,4,5,4,0,0,0,0,0,无,高,商单依赖型：商单强且趋势好，短期转充电可能性极低
39089748,李自然说,236917,知识,财经商业,2,2,0,1,0,0,0,0,0,无,低,低活跃型：商单充电均弱，需评估内容潜力
1441572748,吹散z,1090190,游戏,手机游戏,3,5,2,3,0,0,0,0,0,无,中,待激活型：商单一般充电弱，需运营介入
2124508748,AI赛博文,71562,知识,财经商业,2,3,2,2.25,0,0,0,0,0,无,低,低活跃型：商单充电均弱，需评估内容潜力
27458749,六里屯X光,349848,科技,数码,2,2,0,1,0,0,0,0,0,无,低,低活跃型：商单充电均弱，需评估内容潜力
1335451749,一只李狗剩,296063,生活,搞笑,3,3,1,2,0,0,0,0,0,无,低,低活跃型：商单充电均弱，需评估内容潜力
516582750,Daniel_official,495886,科技,数码,4,5,5,4.75,0,0,0,0,0,无,高,商单依赖型：商单强且趋势好，短期转充电可能性极低
15466785,司寇眈眈,975708,游戏,单机游戏,2,4,4,3.5,0,0,0,0,0,无,中,待激活型：商单一般充电弱，需运营介入
245869,尚在天国EX,562473,游戏,单机游戏,3,3,5,4,0,0,0,0,0,无,高,商单依赖型：商单强且趋势好，短期转充电可能性极低
8040869,寒雪无忆曲江南,794306,游戏,手机游戏,3,5,3,3.5,0,0,0,0,0,无,中,待激活型：商单一般充电弱，需运营介入
36315869,樊浩哲同学,45721,汽车,改装玩车,2,5,5,4.25,0,0,0,0,0,无,高,商单依赖型：商单强且趋势好，短期转充电可能性极低
1330962869,摇铃啊摇铃儿,270409,生活,手工,3,3,0,1.5,0,0,0,0,0,无,低,低活跃型：商单充电均弱，需评估内容潜力
170690751,神奇的冯不悔,46704,科技,数码,3,5,5,4.5,0,0,0,0,0,无,高,商单依赖型：商单强且趋势好，短期转充电可能性极低
486759751,卡门卡卡_,1026124,生活,家居房产,3,1,3,2.5,0,0,0,0,0,无,中,待激活型：商单一般充电弱，需运营介入
515223751,我叫小纪,105031,科技,数码,2,3,5,3.75,0,0,0,0,0,无,中,待激活型：商单一般充电弱，需运营介入
3386870,轩邈Elias,1588153,影视,影视杂谈,2,4,2,2.5,0,0,0,0,0,无,中,待激活型：商单一般充电弱，需运营介入
76956870,高高Lindsey,235425,付费,综合,2,2,0,1,0,0,0,0,0,无,低,低活跃型：商单充电均弱，需评估内容潜力
404585870,不撸猫HaiTang,935339,动物圈,喵星人,2,2,0,1,0,0,0,0,0,无,低,低活跃型：商单充电均弱，需评估内容潜力
427494870,硬核拆解,1641332,知识,野生技能协会,3,3,1,2,0,0,0,0,0,无,低,低活跃型：商单充电均弱，需评估内容潜力
210752,真栗,2138623,音乐,翻唱,4,4,1,2.5,0,0,0,0,0,无,中,待激活型：商单一般充电弱，需运营介入
5007752,萝卜吃米洛,2362600,游戏,单机游戏,3,5,0,2,0,0,0,0,0,无,低,商单衰退型：曾经商单强但趋势下行，充电转化黄金窗口
319522796,零天赋射手,606582,运动,篮球,2,2,5,3.5,0,0,0,0,0,无,中,待激活型：商单一般充电弱，需运营介入
3519797,战术级子轩,1191594,游戏,网络游戏,3,5,3,3.5,0,0,0,0,0,无,中,待激活型：商单一般充电弱，需运营介入
733871,友利奈绪大魔王丶,1644231,游戏,单机游戏,2,2,0,1,0,0,0,0,0,无,低,低活跃型：商单充电均弱，需评估内容潜力
354518871,Javen嘉文儿,24723,运动,运动文化,3,2,5,3.75,0,0,0,0,0,无,中,待激活型：商单一般充电弱，需运营介入
1596747871,叫我中单就好了,1006807,生活,日常,2,2,0,1,0,0,0,0,0,无,低,低活跃型：商单充电均弱，需评估内容潜力
1143898753,李哥我饿了,2233727,美食,美食记录,3,2,1,1.75,0,0,0,0,0,无,低,低活跃型：商单充电均弱，需评估内容潜力
1839002753,鹿火CAVY,1791426,音乐,翻唱,3,4,2,2.75,0,0,0,0,0,无,中,待激活型：商单一般充电弱，需运营介入
35894872,老奇好好奇,1096688,知识,科学科普,4,3,5,4.25,0,0,0,0,0,无,高,商单依赖型：商单强且趋势好，短期转充电可能性极低
1888510872,究极测试,273214,科技,数码,2,4,3,3,0,0,0,0,0,无,中,待激活型：商单一般充电弱，需运营介入
27899754,贪玩歌姬小宁子,1875135,游戏,单机游戏,5,5,5,5,0,0,0,0,0,无,高,商单依赖型：商单强且趋势好，短期转充电可能性极低
32360754,亚平宁的蓝色,261666,运动,运动文化,4,5,2,3.25,0,0,0,0,0,无,中,待激活型：商单一般充电弱，需运营介入
14739873,檀东东Tango,368917,知识,职业职场,3,5,2,3,0,0,0,0,0,无,中,待激活型：商单一般充电弱，需运营介入
17495873,胡仔一人食,2532995,美食,美食制作,3,4,3,3.25,0,0,0,0,0,无,中,待激活型：商单一般充电弱，需运营介入
13649066,ACG中二君,534189,动画,动漫杂谈,2,5,2,2.75,0,0,0,0,0,无,中,待激活型：商单一般充电弱，需运营介入
13758755,克劳斯麦特,215549,游戏,手机游戏,2,2,3,2.5,0,0,0,0,0,无,中,待激活型：商单一般充电弱，需运营介入
32006755,家电小钢炮,80013,游戏,单机游戏,2,3,5,3.75,0,0,0,0,0,无,中,待激活型：商单一般充电弱，需运营介入
648429874,小汪款款,427988,生活,日常,2,4,2,2.5,0,0,0,0,0,无,中,待激活型：商单一般充电弱，需运营介入
17730758,纳骨小鸟,728726,知识,校园学习,3,4,5,4.25,0,0,0,0,0,无,高,商单依赖型：商单强且趋势好，短期转充电可能性极低
19642758,力元君,4266489,生活,搞笑,4,4,3,3.5,0,0,0,0,0,无,中,待激活型：商单一般充电弱，需运营介入
295993972,爱鼓捣的邢志磊,1496493,动物圈,喵星人,4,4,2,3,0,0,0,0,0,无,中,待激活型：商单一般充电弱，需运营介入
8378973,马达与发财_,108532,动物圈,喵星人,2,4,5,4,0,0,0,0,0,无,高,商单依赖型：商单强且趋势好，短期转充电可能性极低
95402875,白宁的爱车时光,267541,汽车,汽车生活,2,1,3,2.25,0,0,0,0,0,无,低,低活跃型：商单充电均弱，需评估内容潜力
17065975,小鸣er先生,884646,游戏,网络游戏,3,4,5,4.25,0,0,0,0,0,无,高,商单依赖型：商单强且趋势好，短期转充电可能性极低
517312875,动物园会议,842128,娱乐,娱乐杂谈,2,4,2,2.5,0,0,0,0,0,无,中,待激活型：商单一般充电弱，需运营介入
438080069,绿芯频道ECC,102847,汽车,新能源车,3,2,4,3.25,0,0,0,0,0,无,中,待激活型：商单一般充电弱，需运营介入
1070020875,浦梨研究社,53924,游戏,手机游戏,2,2,5,3.5,0,0,0,0,0,无,中,待激活型：商单一般充电弱，需运营介入
256237759,我叫小渔人,1492884,鬼畜,鬼畜剧场,2,3,5,3.75,0,0,0,0,0,无,中,待激活型：商单一般充电弱，需运营介入
21612876,电力小子-gtetgeg,532356,科技,数码,3,3,1,2,0,0,0,0,0,无,低,低活跃型：商单充电均弱，需评估内容潜力
11073,hanser,5026976,生活,其他,3,3,2,2.5,0,0,0,0,0,无,中,待激活型：商单一般充电弱，需运营介入
327247876,技术蛋老师,317257,科技,计算机技术,3,3,2,2.5,0,0,0,0,0,无,中,待激活型：商单一般充电弱，需运营介入
1966706073,不靠谱哒LAB,59535,科技,数码,2,3,5,3.75,0,0,0,0,0,无,中,待激活型：商单一般充电弱，需运营介入
128307760,李飞雪_,946153,游戏,单机游戏,2,5,2,2.75,0,0,0,0,0,无,中,待激活型：商单一般充电弱，需运营介入
75,丸子,1648066,游戏,手机游戏,4,5,3,3.75,0,0,0,0,0,无,中,待激活型：商单一般充电弱，需运营介入
367877,笔吧评测室,2663890,科技,数码,5,5,5,5,0,0,0,0,0,无,高,商单依赖型：商单强且趋势好，短期转充电可能性极低
3949877,萧影殿下,293704,生活,仿妆cos,3,2,1,1.75,0,0,0,0,0,无,低,低活跃型：商单充电均弱，需评估内容潜力
157761,达奇上校,1519734,游戏,单机游戏,2,4,5,4,0,0,0,0,0,无,高,商单依赖型：商单强且趋势好，短期转充电可能性极低
482673878,凳子凳子_,1299374,生活,搞笑,3,2,0,1.25,0,0,0,0,0,无,低,低活跃型：商单充电均弱，需评估内容潜力
2142762,老戴在此,3916773,游戏,单机游戏,4,5,3,3.75,0,0,0,0,0,无,中,待激活型：商单一般充电弱，需运营介入
88616762,九碗不过岗,416394,游戏,单机游戏,3,5,2,3,0,0,0,0,0,无,中,待激活型：商单一般充电弱，需运营介入
96754762,坏孩子的角落,1026983,游戏,单机游戏,2,3,5,3.75,0,0,0,0,0,无,中,待激活型：商单一般充电弱，需运营介入
8779879,Coulson不讲李,1395817,动物圈,动物二创,2,4,2,2.5,0,0,0,0,0,无,中,待激活型：商单一般充电弱，需运营介入
9064879,紫雨carol,1746841,游戏,单机游戏,3,4,2,2.75,0,0,0,0,0,无,中,待激活型：商单一般充电弱，需运营介入
37563879,王七四-,1199092,时尚,美妆护肤,3,2,5,3.75,0,0,0,0,0,无,中,待激活型：商单一般充电弱，需运营介入
125047879,单走一张六,751763,游戏,桌游棋牌,2,5,3,3.25,0,0,0,0,0,无,中,待激活型：商单一般充电弱，需运营介入
1077525879,哇塞塞塞3,4459,美食,美食测评,2,5,1,2.25,0,0,0,0,0,无,低,商单衰退型：曾经商单强但趋势下行，充电转化黄金窗口
1286348683,小白不留行,410274,游戏,手机游戏,2,4,5,4,0,0,0,0,0,无,高,商单依赖型：商单强且趋势好，短期转充电可能性极低
28978763,巴特tt,30747,科技,数码,2,4,5,4,0,0,0,0,0,无,高,商单依赖型：商单强且趋势好，短期转充电可能性极低
174922880,王波粒,149168,科技,数码,2,2,3,2.5,0,0,0,0,0,无,中,待激活型：商单一般充电弱，需运营介入
479927880,嗨我是熊猫,637459,科技,数码,3,4,5,4.25,0,0,0,0,0,无,高,商单依赖型：商单强且趋势好，短期转充电可能性极低
25942764,不是车评,508819,汽车,新能源车,3,3,3,3,0,0,0,0,0,无,中,待激活型：商单一般充电弱，需运营介入
30222764,洛温阿特金森,1918155,鬼畜,鬼畜调教,4,5,5,4.75,0,0,0,0,0,无,高,商单依赖型：商单强且趋势好，短期转充电可能性极低
130763764,三太子敖丙,419461,科技,计算机技术,2,2,4,3,0,0,0,0,0,无,中,待激活型：商单一般充电弱，需运营介入
18698687,一只西瓜啊_,257254,影视,影视杂谈,2,5,2,2.75,0,0,0,0,0,无,中,待激活型：商单一般充电弱，需运营介入
1720720687,哈鲁Ultimate,23115,生活,日常,3,2,1,1.75,0,0,0,0,0,无,低,低活跃型：商单充电均弱，需评估内容潜力
128346765,宅夏FUN科技,90207,科技,数码,2,4,5,4,0,0,0,0,0,无,高,商单依赖型：商单强且趋势好，短期转充电可能性极低
296492765,著名神经哥,1260900,游戏,单机游戏,3,4,2,2.75,0,0,0,0,0,无,中,待激活型：商单一般充电弱，需运营介入
395020765,方伟学长,256513,生活,搞笑,2,2,0,1,0,0,0,0,0,无,低,低活跃型：商单充电均弱，需评估内容潜力
1519547765,罗兰朵女士,981759,生活,家居房产,3,3,4,3.5,0,0,0,0,0,无,中,待激活型：商单一般充电弱，需运营介入
529464766,游不动的小明,467013,运动,健身,2,2,3,2.5,0,0,0,0,0,无,中,待激活型：商单一般充电弱，需运营介入
47129767,洪无极,384120,游戏,手机游戏,3,5,5,4.5,0,0,0,0,0,无,高,商单依赖型：商单强且趋势好，短期转充电可能性极低
298254767,龙虾ゞ,302015,游戏,GMV,2,4,4,3.5,0,0,0,0,0,无,中,待激活型：商单一般充电弱，需运营介入
356010767,走路摇ZLY,2841239,生活,日常,3,3,2,2.5,0,0,0,0,0,无,中,待激活型：商单一般充电弱，需运营介入
58463695,大鹏质检员,656462,动画,模玩·周边,2,4,2,2.5,0,0,0,0,0,无,中,待激活型：商单一般充电弱，需运营介入
653768,赫箩的苹果,1270414,游戏,手机游戏,3,5,2,3,0,0,0,0,0,无,中,待激活型：商单一般充电弱，需运营介入
480432696,门三石-,762646,生活,搞笑,2,2,5,3.5,0,0,0,0,0,无,中,待激活型：商单一般充电弱，需运营介入
99336697,树根龙门阵,1171077,知识,社科·法律·心理,2,4,5,4,0,0,0,0,0,无,高,商单依赖型：商单强且趋势好，短期转充电可能性极低
364452768,Winnie龟龟仔,166773,科技,数码,3,3,2,2.5,0,0,0,0,0,无,中,待激活型：商单一般充电弱，需运营介入
1249029768,野人少女79,738957,动画,动漫杂谈,2,4,4,3.5,0,0,0,0,0,无,中,待激活型：商单一般充电弱，需运营介入
14606305,飞天香鸡腿,212135,游戏,单机游戏,2,5,2,2.75,0,0,0,0,0,无,中,待激活型：商单一般充电弱，需运营介入
20530305,庄不纯,2052569,游戏,单机游戏,2,5,2,2.75,0,0,0,0,0,无,中,待激活型：商单一般充电弱，需运营介入
2029306,-评头论足-,1360120,动画,模玩·周边,3,5,4,4,0,0,0,0,0,无,高,商单依赖型：商单强且趋势好，短期转充电可能性极低
2222306,PPimy皮米,54583,科技,数码,2,4,5,4,0,0,0,0,0,无,高,商单依赖型：商单强且趋势好，短期转充电可能性极低
611092306,小哈哈里Harry,702218,知识,社科·法律·心理,3,5,4,4,0,0,0,0,0,无,高,商单依赖型：商单强且趋势好，短期转充电可能性极低
69307,库特菌,1211174,游戏,网络游戏,3,5,1,2.5,0,0,0,0,0,无,中,待激活型：商单一般充电弱，需运营介入
1497330079,OK哥环球探海记,2526535,生活,出行,3,4,4,3.75,0,0,0,0,0,无,中,待激活型：商单一般充电弱，需运营介入
33076308,hanPPZzzz,187775,生活,日常,2,4,5,4,0,0,0,0,0,无,高,商单依赖型：商单强且趋势好，短期转充电可能性极低
439465308,硅基侦探Carl,172064,音乐,音乐综合,2,3,3,2.75,0,0,0,0,0,无,中,待激活型：商单一般充电弱，需运营介入
472733310,小布敢,1018092,游戏,单机游戏,3,5,3,3.5,0,0,0,0,0,无,中,待激活型：商单一般充电弱，需运营介入
12894311,潮玩客,463562,科技,数码,2,4,3,3,0,0,0,0,0,无,中,待激活型：商单一般充电弱，需运营介入
31255311,圈圈也是卷卷卷,79731,生活,家居房产,2,5,5,4.25,0,0,0,0,0,无,高,商单依赖型：商单强且趋势好，短期转充电可能性极低
521181081,这不科学啊science,1424592,知识,科学科普,3,2,4,3.25,0,0,0,0,0,无,中,待激活型：商单一般充电弱，需运营介入
1513757311,科学探照灯er,348347,知识,科学科普,2,4,2,2.5,0,0,0,0,0,无,中,待激活型：商单一般充电弱，需运营介入
3816626,Linksphotograph,4607485,生活,数码,4,2,2,2.5,0,0,0,0,0,无,中,待激活型：商单一般充电弱，需运营介入
25329626,咪克菌,1151926,生活,搞笑,4,5,3,3.75,0,0,0,0,0,无,中,待激活型：商单一般充电弱，需运营介入
26108626,赛雷三分钟,3495020,知识,人文历史,3,1,3,2.5,0,0,0,0,0,无,中,待激活型：商单一般充电弱，需运营介入
164627,杆菌无敌,822378,游戏,手机游戏,2,4,1,2,0,0,0,0,0,无,低,商单衰退型：曾经商单强但趋势下行，充电转化黄金窗口
1590082082,马俐管家,2249768,生活,家居房产,4,4,5,4.5,0,0,0,0,0,无,高,商单依赖型：商单强且趋势好，短期转充电可能性极低
485561627,亢岳,213567,汽车,汽车生活,2,1,0,0.75,0,0,0,0,0,无,低,低活跃型：商单充电均弱，需评估内容潜力
37366628,破境影剪_,210319,影视,影视杂谈,3,5,1,2.5,0,0,0,0,0,无,中,待激活型：商单一般充电弱，需运营介入
358607628,三桥qzg,751969,游戏,电子竞技,3,5,2,3,0,0,0,0,0,无,中,待激活型：商单一般充电弱，需运营介入
452606628,王师傅和小毛毛,1818095,美食,美食侦探,2,3,2,2.25,0,0,0,0,0,无,低,低活跃型：商单充电均弱，需评估内容潜力
1015373628,-柠檬_LeMon-,286490,游戏,单机游戏,2,4,2,2.5,0,0,0,0,0,无,中,待激活型：商单一般充电弱，需运营介入
1438375628,粥粥的终极理解,552771,游戏,手机游戏,3,5,4,4,0,0,0,0,0,无,高,商单依赖型：商单强且趋势好，短期转充电可能性极低
7956629,大胖和软软,1208909,美食,美食测评,2,4,2,2.5,0,0,0,0,0,无,中,待激活型：商单一般充电弱，需运营介入
178630,dogsama,414658,游戏,单机游戏,3,5,2,3,0,0,0,0,0,无,中,待激活型：商单一般充电弱，需运营介入
147126630,玉米后悔在地中海练级,79324,影视,影视剪辑,2,2,1,1.5,0,0,0,0,0,无,低,低活跃型：商单充电均弱，需评估内容潜力
7226269,麦片是只小金毛,1427999,知识,社科·法律·心理,2,4,2,2.5,0,0,0,0,0,无,中,待激活型：商单一般充电弱，需运营介入
668828620,闪电快飞,311775,汽车,新能源车,3,3,1,2,0,0,0,0,0,无,低,低活跃型：商单充电均弱，需评估内容潜力
2081415485,西西里人,591351,影视,小剧场,3,3,3,3,0,0,0,0,0,无,中,待激活型：商单一般充电弱，需运营介入
472753524,银河小黄哥,545676,游戏,电子竞技,3,3,5,4,0,0,0,0,0,无,高,商单依赖型：商单强且趋势好，短期转充电可能性极低
1381782268,翻斗仔仔,73987,科技,数码,2,4,5,4,0,0,0,0,0,无,高,商单依赖型：商单强且趋势好，短期转充电可能性极低
36438715,一大筐会飞的草莓,1394175,鬼畜,鬼畜剧场,3,2,5,3.75,0,0,0,0,0,无,中,待激活型：商单一般充电弱，需运营介入
476967268,TomCat团座,959799,知识,人文历史,3,5,4,4,0,0,0,0,0,无,高,商单依赖型：商单强且趋势好，短期转充电可能性极低
384891268,郭栩鹏,31183,科技,数码,2,3,5,3.75,0,0,0,0,0,无,中,待激活型：商单一般充电弱，需运营介入
357688620,嗨-视听,163356,科技,数码,3,4,3,3.25,0,0,0,0,0,无,中,待激活型：商单一般充电弱，需运营介入
296092268,碎嘴企鹅,2955821,生活,搞笑,3,3,3,3,0,0,0,0,0,无,中,待激活型：商单一般充电弱，需运营介入
65620268,陈老师很挑食,710302,美食,美食测评,3,2,1,1.75,0,0,0,0,0,无,低,低活跃型：商单充电均弱，需评估内容潜力
17213620,超级洋山芋啊,247387,游戏,单机游戏,2,5,2,2.75,0,0,0,0,0,无,中,待激活型：商单一般充电弱，需运营介入
31012715,是老胡没错,2060299,生活,搞笑,3,3,1,2,0,0,0,0,0,无,低,低活跃型：商单充电均弱，需评估内容潜力
566258416,oskarpianist,2179038,音乐,演奏,2,2,5,3.5,0,0,0,0,0,无,中,待激活型：商单一般充电弱，需运营介入
5870268,三代鹿人,6371903,影视,影视杂谈,3,4,2,2.75,0,0,0,0,0,无,中,待激活型：商单一般充电弱，需运营介入
1339268,农民新八,260235,汽车,新能源车,2,2,3,2.5,0,0,0,0,0,无,中,待激活型：商单一般充电弱，需运营介入
591402619,捡猫怪,410417,音乐,翻唱,2,3,4,3.25,0,0,0,0,0,无,中,待激活型：商单一般充电弱，需运营介入
1310639484,4AM居士,576438,生活,家居房产,2,3,3,2.75,0,0,0,0,0,无,中,待激活型：商单一般充电弱，需运营介入
1238890484,4不4哇,73496,时尚,美妆护肤,2,3,3,2.75,0,0,0,0,0,无,中,待激活型：商单一般充电弱，需运营介入
441193619,以子OvO,330601,游戏,单机游戏,2,5,3,3.25,0,0,0,0,0,无,中,待激活型：商单一般充电弱，需运营介入
379889714,边亮_网络安全,293185,科技,计算机技术,3,4,5,4.25,0,0,0,0,0,无,高,商单依赖型：商单强且趋势好，短期转充电可能性极低
32289484,白大UP,158358,科技,数码,3,4,5,4.25,0,0,0,0,0,无,高,商单依赖型：商单强且趋势好，短期转充电可能性极低
8864484,面粉社长,2067692,动画,同人·手书,2,2,3,2.5,0,0,0,0,0,无,中,待激活型：商单一般充电弱，需运营介入
245007619,孟令曦,121857,科技,数码,3,5,5,4.5,0,0,0,0,0,无,高,商单依赖型：商单强且趋势好，短期转充电可能性极低
4196484,五四IAM,856022,游戏,单机游戏,3,4,1,2.25,0,0,0,0,0,无,低,商单衰退型：曾经商单强但趋势下行，充电转化黄金窗口
5967900,阿南的25号芯片,79919,游戏,数码,2,3,5,3.75,0,0,0,0,0,无,中,待激活型：商单一般充电弱，需运营介入
8597619,穷学生评测,92355,科技,数码,2,3,2,2.25,0,0,0,0,0,无,低,低活跃型：商单充电均弱，需评估内容潜力
337294714,极速拍档-Berlin,675385,汽车,汽车生活,3,2,5,3.75,0,0,0,0,0,无,中,待激活型：商单一般充电弱，需运营介入
499951416,Z贤者,2110072,游戏,单机游戏,2,4,2,2.5,0,0,0,0,0,无,中,待激活型：商单一般充电弱，需运营介入
941799,野生的装机宅,1051772,科技,数码,4,5,5,4.75,0,0,0,0,0,无,高,商单依赖型：商单强且趋势好，短期转充电可能性极低
265506483,爱玩游戏的小报,75233,科技,数码,3,5,2,3,0,0,0,0,0,无,中,待激活型：商单一般充电弱，需运营介入
1837252267,虎牙青年Plus,879554,生活,出行,3,2,2,2.25,0,0,0,0,0,无,低,低活跃型：商单充电均弱，需评估内容潜力
526294618,美国曹操来了,1654094,生活,日常,3,2,0,1.25,0,0,0,0,0,无,低,低活跃型：商单充电均弱，需评估内容潜力
668729267,周周啊,2010534,生活,搞笑,2,2,0,1,0,0,0,0,0,无,低,低活跃型：商单充电均弱，需评估内容潜力
35359510,远古时代装机猿,3588480,科技,数码,3,4,2,2.75,0,0,0,0,0,无,中,待激活型：商单一般充电弱，需运营介入
172447618,阿银紫,587596,游戏,单机游戏,3,5,2,3,0,0,0,0,0,无,中,待激活型：商单一般充电弱，需运营介入
16022714,正经的老邪,1627170,生活,搞笑,4,4,2,3,0,0,0,0,0,无,中,待激活型：商单一般充电弱，需运营介入
585267,-纯黑-,3900008,游戏,单机游戏,3,2,1,1.75,0,0,0,0,0,无,低,低活跃型：商单充电均弱，需评估内容潜力
1728412482,JoJo爱家居,342773,生活,家居房产,3,5,5,4.5,0,0,0,0,0,无,高,商单依赖型：商单强且趋势好，短期转充电可能性极低
21096618,王子健Official,1563406,音乐,原创音乐,2,2,3,2.5,0,0,0,0,0,无,中,待激活型：商单一般充电弱，需运营介入
170088482,炎辰大鸽子,1971520,游戏,单机游戏,3,2,1,1.75,0,0,0,0,0,无,低,低活跃型：商单充电均弱，需评估内容潜力
1278118266,科技老男孩,412573,科技,软件应用,2,2,5,3.5,0,0,0,0,0,无,中,待激活型：商单一般充电弱，需运营介入
496413617,闪电飞船,476959,科技,软件应用,3,4,4,3.75,0,0,0,0,0,无,中,待激活型：商单一般充电弱，需运营介入
7714,女孩为何穿短裙,2465207,鬼畜,鬼畜调教,2,2,0,1,0,0,0,0,0,无,低,低活跃型：商单充电均弱，需评估内容潜力
487472416,极果研究室,269960,科技,数码,3,2,2,2.25,0,0,0,0,0,无,低,低活跃型：商单充电均弱，需评估内容潜力
319316266,青衣温浊酒,517406,知识,人文历史,3,5,5,4.5,0,0,0,0,0,无,高,商单依赖型：商单强且趋势好，短期转充电可能性极低
21566266,你好呀桃生,142247,游戏,手机游戏,2,4,5,4,0,0,0,0,0,无,高,商单依赖型：商单强且趋势好，短期转充电可能性极低
38968617,大福咕咕,2124751,动画,动漫杂谈,3,4,2,2.75,0,0,0,0,0,无,中,待激活型：商单一般充电弱，需运营介入
508215481,火兰朋克,1145642,游戏,电子竞技,3,4,2,2.75,0,0,0,0,0,无,中,待激活型：商单一般充电弱，需运营介入
381301481,图灵测试未及格,101591,影视,影视杂谈,2,3,5,3.75,0,0,0,0,0,无,中,待激活型：商单一般充电弱，需运营介入
271338616,管泽元,688616,游戏,电子竞技,2,1,3,2.25,0,0,0,0,0,无,低,低活跃型：商单充电均弱，需评估内容潜力
390527713,史蒂猪StevenPig,3181369,游戏,单机游戏,3,3,5,4,0,0,0,0,0,无,高,商单依赖型：商单强且趋势好，短期转充电可能性极低
253537481,彭春花本人,880672,知识,社科·法律·心理,3,2,5,3.75,0,0,0,0,0,无,中,待激活型：商单一般充电弱，需运营介入
14444480,白羽千夏就扶薄荷,281370,游戏,单机游戏,2,3,2,2.25,0,0,0,0,0,无,低,低活跃型：商单充电均弱，需评估内容潜力
37636616,冷阳学弟,231426,游戏,单机游戏,2,4,5,4,0,0,0,0,0,无,高,商单依赖型：商单强且趋势好，短期转充电可能性极低
1591295479,HC王楚淇,411789,运动,足球,3,4,1,2.25,0,0,0,0,0,无,低,商单衰退型：曾经商单强但趋势下行，充电转化黄金窗口
352573479,青木雄太,282318,生活,搞笑,2,3,1,1.75,0,0,0,0,0,无,低,低活跃型：商单充电均弱，需评估内容潜力
1704785615,画了画了Stone,1633054,生活,绘画,2,2,0,1,0,0,0,0,0,无,低,低活跃型：商单充电均弱，需评估内容潜力
43850713,导游老潘,75021,游戏,手机游戏,2,4,4,3.5,0,0,0,0,0,无,中,待激活型：商单一般充电弱，需运营介入
34189415,low君热剧,2990242,影视,影视杂谈,3,3,0,1.5,0,0,0,0,0,无,低,低活跃型：商单充电均弱，需评估内容潜力
519883222,黄家荣,864600,影视,短片,2,1,3,2.25,0,0,0,0,0,无,低,低活跃型：商单充电均弱，需评估内容潜力
29346218,RND鞋潮,151906,时尚,穿搭,2,4,3,3,0,0,0,0,0,无,中,待激活型：商单一般充电弱，需运营介入
2733216,中二少年晓凯,1572732,动画,动漫杂谈,2,4,1,2,0,0,0,0,0,无,低,商单衰退型：曾经商单强但趋势下行，充电转化黄金窗口
39847479,毒角SHOW,2796639,生活,搞笑,2,2,2,2,0,0,0,0,0,无,低,低活跃型：商单充电均弱，需评估内容潜力
100470478,阿竖Ultra,175391,生活,日常,2,5,3,3.25,0,0,0,0,0,无,中,待激活型：商单一般充电弱，需运营介入
23374615,魔界设计师,170389,动画,同人·手书,3,4,4,3.75,0,0,0,0,0,无,中,待激活型：商单一般充电弱，需运营介入
32395478,SHL超级大鸽子,871093,动画,同人·手书,2,4,2,2.5,0,0,0,0,0,无,中,待激活型：商单一般充电弱，需运营介入
933478,超级小華,1176530,生活,日常,4,4,5,4.5,0,0,0,0,0,无,高,商单依赖型：商单强且趋势好，短期转充电可能性极低
414411614,潮同学玩数码,360681,科技,数码,2,2,5,3.5,0,0,0,0,0,无,中,待激活型：商单一般充电弱，需运营介入
404024712,二爱夫,575566,音乐,乐评盘点,2,5,2,2.75,0,0,0,0,0,无,中,待激活型：商单一般充电弱，需运营介入
1079598477,周周Fantastic,613196,音乐,翻唱,3,3,4,3.5,0,0,0,0,0,无,中,待激活型：商单一般充电弱，需运营介入
340529477,小辉的家电测评,203746,运动,健身,3,3,5,4,0,0,0,0,0,无,高,商单依赖型：商单强且趋势好，短期转充电可能性极低
404605614,蔡蔡子同学,219034,汽车,汽车生活,3,2,3,2.75,0,0,0,0,0,无,中,待激活型：商单一般充电弱，需运营介入
261113477,热点科技,621573,科技,数码,3,4,5,4.25,0,0,0,0,0,无,高,商单依赖型：商单强且趋势好，短期转充电可能性极低
49576477,键盘车神教,668675,汽车,汽车生活,4,3,1,2.25,0,0,0,0,0,无,低,商单衰退型：曾经商单强但趋势下行，充电转化黄金窗口
383578614,超Carry的柴西,2387002,生活,出行,4,4,5,4.5,0,0,0,0,0,无,高,商单依赖型：商单强且趋势好，短期转充电可能性极低
305124712,Focus体验家,244306,影视,影视杂谈,2,2,5,3.5,0,0,0,0,0,无,中,待激活型：商单一般充电弱，需运营介入
1521415,艾尔莎_Channel,825802,动画,综合,2,4,5,4,0,0,0,0,0,无,高,商单依赖型：商单强且趋势好，短期转充电可能性极低
48033476,堂主撩車,563976,汽车,赛车,3,1,0,1,0,0,0,0,0,无,低,低活跃型：商单充电均弱，需评估内容潜力
20546476,元气八眉菌,2179923,美食,美食制作,3,3,2,2.5,0,0,0,0,0,无,中,待激活型：商单一般充电弱，需运营介入
203337614,开心嘴炮,2891599,影视,影视杂谈,3,4,1,2.25,0,0,0,0,0,无,低,商单衰退型：曾经商单强但趋势下行，充电转化黄金窗口
480530475,范苏木,239099,美食,美食制作,3,2,3,2.75,0,0,0,0,0,无,中,待激活型：商单一般充电弱，需运营介入
387590474,电动Emma,143268,汽车,新能源车,3,2,5,3.75,0,0,0,0,0,无,中,待激活型：商单一般充电弱，需运营介入
88160614,困困君丶,624529,游戏,电子竞技,2,5,2,2.75,0,0,0,0,0,无,中,待激活型：商单一般充电弱，需运营介入
1096048711,马练二黑,111468,科技,数码,2,4,5,4,0,0,0,0,0,无,高,商单依赖型：商单强且趋势好，短期转充电可能性极低
253992474,蒸汽居士,872070,游戏,单机游戏,2,4,2,2.5,0,0,0,0,0,无,中,待激活型：商单一般充电弱，需运营介入
2142750472,开普勒星人,376686,知识,科学科普,3,3,4,3.5,0,0,0,0,0,无,中,待激活型：商单一般充电弱，需运营介入
2161614,AI研究室-帆哥,234137,知识,设计·创意,3,4,2,2.75,0,0,0,0,0,无,中,待激活型：商单一般充电弱，需运营介入
7817472,某声悠,1391418,游戏,手机游戏,3,5,2,3,0,0,0,0,0,无,中,待激活型：商单一般充电弱，需运营介入
742472,巫兔菌,745209,动画,综合,2,3,2,2.25,0,0,0,0,0,无,低,低活跃型：商单充电均弱，需评估内容潜力
485401838,猛男刘三少,604393,游戏,电子竞技,2,4,5,4,0,0,0,0,0,无,高,商单依赖型：商单强且趋势好，短期转充电可能性极低
477676711,田一名sir,2410018,音乐,翻唱,3,4,2,2.75,0,0,0,0,0,无,中,待激活型：商单一般充电弱，需运营介入
570142414,猛男阿凯奇幻之旅_kay,954951,生活,出行,3,3,3,3,0,0,0,0,0,无,中,待激活型：商单一般充电弱，需运营介入
35579222,紫颜-小仙紫,1858443,舞蹈,国风舞蹈,3,3,1,2,0,0,0,0,0,无,低,低活跃型：商单充电均弱，需评估内容潜力
14463890,xyang的AI日常,68036,影视,短片,2,5,5,4.25,0,0,0,0,0,无,高,商单依赖型：商单强且趋势好，短期转充电可能性极低
96767663,游戏人阿管,1361636,游戏,单机游戏,2,3,3,2.75,0,0,0,0,0,无,中,待激活型：商单一般充电弱，需运营介入
112037663,高翔GAOX,150886,汽车,赛车,3,2,3,2.75,0,0,0,0,0,无,中,待激活型：商单一般充电弱，需运营介入
23709891,咸鱼小帅哥,201676,游戏,GMV,2,5,2,2.75,0,0,0,0,0,无,中,待激活型：商单一般充电弱，需运营介入
487425891,呆君茹,518392,生活,日常,2,3,2,2.25,0,0,0,0,0,无,低,低活跃型：商单充电均弱，需评估内容潜力
7577093,戏子飞,203025,动画,同人·手书,2,3,5,3.75,0,0,0,0,0,无,中,待激活型：商单一般充电弱，需运营介入
480670664,赖导AboutLai,1291541,生活,出行,3,2,5,3.75,0,0,0,0,0,无,中,待激活型：商单一般充电弱，需运营介入
872665,我是一只粽子啊,901279,影视,影视杂谈,2,4,4,3.5,0,0,0,0,0,无,中,待激活型：商单一般充电弱，需运营介入
435931665,军武志,1843292,知识,人文历史,3,4,5,4.25,0,0,0,0,0,无,高,商单依赖型：商单强且趋势好，短期转充电可能性极低
641835665,莉莉子Lizzie,308529,时尚,穿搭,2,2,3,2.5,0,0,0,0,0,无,中,待激活型：商单一般充电弱，需运营介入
70666,舍长驾到,1091288,游戏,单机游戏,2,5,1,2.25,0,0,0,0,0,无,低,商单衰退型：曾经商单强但趋势下行，充电转化黄金窗口
23730666,老沐ocean,923877,游戏,手机游戏,3,5,4,4,0,0,0,0,0,无,高,商单依赖型：商单强且趋势好，短期转充电可能性极低
17871667,有点硬核的宅同学,418184,科技,数码,2,3,5,3.75,0,0,0,0,0,无,中,待激活型：商单一般充电弱，需运营介入
448039667,冷淡熊,1850336,动画,配音,2,3,0,1.25,0,0,0,0,0,无,低,低活跃型：商单充电均弱，需评估内容潜力
519806667,小草莓林杉杉,499168,生活,日常,3,4,2,2.75,0,0,0,0,0,无,中,待激活型：商单一般充电弱，需运营介入
110117668,阿正的生活日志,132519,生活,亲子,2,3,5,3.75,0,0,0,0,0,无,中,待激活型：商单一般充电弱，需运营介入
159163668,凉意呐,1183352,游戏,电子竞技,2,4,5,4,0,0,0,0,0,无,高,商单依赖型：商单强且趋势好，短期转充电可能性极低
407054668,亿点点不一样,6272360,知识,科学科普,4,3,1,2.25,0,0,0,0,0,无,低,商单衰退型：曾经商单强但趋势下行，充电转化黄金窗口
25572669,宇宙甜豆,259450,时尚,穿搭,2,5,5,4.25,0,0,0,0,0,无,高,商单依赖型：商单强且趋势好，短期转充电可能性极低
4345670,8K8K,301539,科技,数码,2,3,2,2.25,0,0,0,0,0,无,低,低活跃型：商单充电均弱，需评估内容潜力
14804670,无穷小亮的科普日常,10582824,知识,科学科普,3,1,0,1,0,0,0,0,0,无,低,低活跃型：商单充电均弱，需评估内容潜力
21401670,缸缸在干嘛,613786,科技,数码,4,4,4,4,0,0,0,0,0,无,高,商单依赖型：商单强且趋势好，短期转充电可能性极低
326769670,阿瞒选品,36953,科技,数码,2,4,4,3.5,0,0,0,0,0,无,中,待激活型：商单一般充电弱，需运营介入
394609671,终极小腾,2475687,汽车,汽车生活,5,4,1,2.75,0,0,0,0,0,无,中,待激活型：商单一般充电弱，需运营介入
479918671,暴富研究局,489566,知识,财经商业,2,3,5,3.75,0,0,0,0,0,无,中,待激活型：商单一般充电弱，需运营介入
85709673,小锤大可,88701,生活,出行,2,3,5,3.75,0,0,0,0,0,无,中,待激活型：商单一般充电弱，需运营介入
86254673,恩祈儿,1138156,游戏,单机游戏,3,4,2,2.75,0,0,0,0,0,无,中,待激活型：商单一般充电弱，需运营介入
614466674,黄强强_,434582,生活,搞笑,2,4,3,3,0,0,0,0,0,无,中,待激活型：商单一般充电弱，需运营介入
65521332,三秋瞎搞搞,30419,科技,数码,2,5,5,4.25,0,0,0,0,0,无,高,商单依赖型：商单强且趋势好，短期转充电可能性极低
49631892,月隐空夜,1196582,游戏,手机游戏,2,5,4,3.75,0,0,0,0,0,无,中,待激活型：商单一般充电弱，需运营介入
249153892,高转青年-栗子,233426,汽车,汽车生活,3,1,3,2.5,0,0,0,0,0,无,中,待激活型：商单一般充电弱，需运营介入
258034892,碧蝉衣,260661,美食,美食制作,2,4,1,2,0,0,0,0,0,无,低,商单衰退型：曾经商单强但趋势下行，充电转化黄金窗口
386540892,哒哒在这儿,139191,生活,日常,2,3,4,3.25,0,0,0,0,0,无,中,待激活型：商单一般充电弱，需运营介入
1481675,流一,1215529,生活,日常,3,3,2,2.5,0,0,0,0,0,无,中,待激活型：商单一般充电弱，需运营介入
26240675,与山0v0,5389323,游戏,单机游戏,3,3,1,2,0,0,0,0,0,无,低,低活跃型：商单充电均弱，需评估内容潜力
189262675,威虫君游戏解说,251376,生活,绘画,2,5,4,3.75,0,0,0,0,0,无,中,待激活型：商单一般充电弱，需运营介入
282960675,-阿洋Yoko-,223509,游戏,GMV,2,2,4,3,0,0,0,0,0,无,中,待激活型：商单一般充电弱，需运营介入
453999675,逍遥v浪迹峡谷,589480,游戏,电子竞技,2,5,3,3.25,0,0,0,0,0,无,中,待激活型：商单一般充电弱，需运营介入
544336675,真探唐仁杰,4668976,美食,美食侦探,2,4,5,4,0,0,0,0,0,无,高,商单依赖型：商单强且趋势好，短期转充电可能性极低
605080675,摄影师玩科技,91770,科技,数码,2,4,4,3.5,0,0,0,0,0,无,中,待激活型：商单一般充电弱，需运营介入
49676,阿呆每天都不想动,1182221,舞蹈,明星舞蹈,2,4,1,2,0,0,0,0,0,无,低,商单衰退型：曾经商单强但趋势下行，充电转化黄金窗口
17979676,嘿-芝士,251282,游戏,单机游戏,2,4,5,4,0,0,0,0,0,无,高,商单依赖型：商单强且趋势好，短期转充电可能性极低
23172676,荟小荟,782854,国创,国产原创相关,2,2,2,2,0,0,0,0,0,无,低,低活跃型：商单充电均弱，需评估内容潜力
289368676,一万也,509801,知识,设计·创意,2,2,5,3.5,0,0,0,0,0,无,中,待激活型：商单一般充电弱，需运营介入
426961676,海狸汽车台,303387,汽车,汽车知识科普,2,1,0,0.75,0,0,0,0,0,无,低,低活跃型：商单充电均弱，需评估内容潜力
397286677,龍影Jackiemovie,756692,影视,影视杂谈,3,5,2,3,0,0,0,0,0,无,中,待激活型：商单一般充电弱，需运营介入
16015678,野生鱼白,1681769,生活,搞笑,4,4,2,3,0,0,0,0,0,无,中,待激活型：商单一般充电弱，需运营介入
249115678,好运的鱼,1582020,游戏,单机游戏,4,5,2,3.25,0,0,0,0,0,无,中,待激活型：商单一般充电弱，需运营介入
255292678,小落抒,95134,生活,国产原创相关,2,3,5,3.75,0,0,0,0,0,无,中,待激活型：商单一般充电弱，需运营介入
276562678,蛋水饿,526248,动画,配音,3,3,1,2,0,0,0,0,0,无,低,低活跃型：商单充电均弱，需评估内容潜力
12344893,霍宝Moira,455974,游戏,手机游戏,2,5,5,4.25,0,0,0,0,0,无,高,商单依赖型：商单强且趋势好，短期转充电可能性极低
1471508,柠好不好,1720148,时尚,仿妆cos,2,3,1,1.75,0,0,0,0,0,无,低,低活跃型：商单充电均弱，需评估内容潜力
25126508,世界记忆大师龙雅,3044886,知识,科学科普,2,4,2,2.5,0,0,0,0,0,无,中,待激活型：商单一般充电弱，需运营介入
386147509,诚为简,185303,生活,日常,2,2,0,1,0,0,0,0,0,无,低,低活跃型：商单充电均弱，需评估内容潜力
1665610509,李白给__,571003,生活,日常,3,4,5,4.25,0,0,0,0,0,无,高,商单依赖型：商单强且趋势好，短期转充电可能性极低
398510,泽野螳螂,2081556,鬼畜,鬼畜调教,2,2,0,1,0,0,0,0,0,无,低,低活跃型：商单充电均弱，需评估内容潜力
22703510,名叫李了了,231960,时尚,美妆护肤,2,4,5,4,0,0,0,0,0,无,高,商单依赖型：商单强且趋势好，短期转充电可能性极低
307362103,张博力,173686,知识,人文历史,2,3,5,3.75,0,0,0,0,0,无,中,待激活型：商单一般充电弱，需运营介入
28153104,数玩工场,102386,科技,数码,3,5,5,4.5,0,0,0,0,0,无,高,商单依赖型：商单强且趋势好，短期转充电可能性极低
4423511,硬核豆浆,397142,游戏,单机游戏,2,2,0,1,0,0,0,0,0,无,低,低活跃型：商单充电均弱，需评估内容潜力
36909511,去种田的向凹凸,699521,运动,运动综合,2,5,5,4.25,0,0,0,0,0,无,高,商单依赖型：商单强且趋势好，短期转充电可能性极低
242020511,我是影Sir,1087114,影视,影视杂谈,2,5,3,3.25,0,0,0,0,0,无,中,待激活型：商单一般充电弱，需运营介入
387087511,细细的蓝线11,1975787,知识,社科·法律·心理,2,5,4,3.75,0,0,0,0,0,无,中,待激活型：商单一般充电弱，需运营介入
259713513,小石奶凶不月半,1309850,美食,美食记录,2,2,2,2,0,0,0,0,0,无,低,低活跃型：商单充电均弱，需评估内容潜力
381396513,林中小呜,786072,动物圈,野生动物,2,4,4,3.5,0,0,0,0,0,无,中,待激活型：商单一般充电弱，需运营介入
395619513,旁门左道PPT,3219890,知识,综合,2,2,3,2.5,0,0,0,0,0,无,中,待激活型：商单一般充电弱，需运营介入
40966108,倒悬的橘子,3081084,鬼畜,鬼畜调教,4,4,1,2.5,0,0,0,0,0,无,中,待激活型：商单一般充电弱，需运营介入
8907514,叫我啊喂好了,63986,生活,日常,2,3,2,2.25,0,0,0,0,0,无,低,低活跃型：商单充电均弱，需评估内容潜力
12803514,机智的阿飞丶,682138,游戏,电子竞技,2,3,2,2.25,0,0,0,0,0,无,低,低活跃型：商单充电均弱，需评估内容潜力
19519514,拓海Sama,353647,游戏,单机游戏,2,3,1,1.75,0,0,0,0,0,无,低,低活跃型：商单充电均弱，需评估内容潜力
348640514,千万不要买,1176441,科技,数码,2,2,3,2.5,0,0,0,0,0,无,中,待激活型：商单一般充电弱，需运营介入
479409514,是桃大,1410620,知识,社科·法律·心理,4,4,5,4.5,0,0,0,0,0,无,高,商单依赖型：商单强且趋势好，短期转充电可能性极低
87670515,神秘园,2368441,影视,影视杂谈,2,4,2,2.5,0,0,0,0,0,无,中,待激活型：商单一般充电弱，需运营介入
414700515,龙腾虎跃龙兽医,2794150,生活,三农,3,4,1,2.25,0,0,0,0,0,无,低,商单衰退型：曾经商单强但趋势下行，充电转化黄金窗口
7596516,酒客小丑,1383666,动画,动漫杂谈,2,3,1,1.75,0,0,0,0,0,无,低,低活跃型：商单充电均弱，需评估内容潜力
36911516,不知名鸽子-,573608,时尚,仿妆cos,3,1,3,2.5,0,0,0,0,0,无,中,待激活型：商单一般充电弱，需运营介入
544140516,尧宝欢乐多,216605,生活,亲子,2,3,5,3.75,0,0,0,0,0,无,中,待激活型：商单一般充电弱，需运营介入
326246517,zettaranc,2273988,时尚,穿搭,4,4,4,4,0,0,0,0,0,无,高,商单依赖型：商单强且趋势好，短期转充电可能性极低
27513894,科技风暴X,510945,生活,手工,2,2,4,3,0,0,0,0,0,无,中,待激活型：商单一般充电弱，需运营介入
1773346,莴苣某人,5559594,游戏,手机游戏,3,4,1,2.25,0,0,0,0,0,无,低,商单衰退型：曾经商单强但趋势下行，充电转化黄金窗口
696115518,爱看热闹的大鹏,929424,生活,日常,3,5,3,3.5,0,0,0,0,0,无,中,待激活型：商单一般充电弱，需运营介入
677566519,车棍儿老师在教书,602786,生活,日常,3,4,5,4.25,0,0,0,0,0,无,高,商单依赖型：商单强且趋势好，短期转充电可能性极低
17466521,风羽酱-sdk,387957,知识,科学科普,3,2,5,3.75,0,0,0,0,0,无,中,待激活型：商单一般充电弱，需运营介入
1640739521,管不饿,1282589,生活,搞笑,2,4,1,2,0,0,0,0,0,无,低,商单衰退型：曾经商单强但趋势下行，充电转化黄金窗口
13873522,达尔盖旗手Ein,52512,科技,数码,2,5,5,4.25,0,0,0,0,0,无,高,商单依赖型：商单强且趋势好，短期转充电可能性极低
1931082522,jejhxh,7952,影视,小剧场,4,5,2,3.25,0,0,0,0,0,无,中,待激活型：商单一般充电弱，需运营介入
10334523,史蒂芬周大反派,1364465,影视,影视杂谈,2,4,2,2.5,0,0,0,0,0,无,中,待激活型：商单一般充电弱，需运营介入
1917404523,好好评测,43123,生活,家居房产,2,3,5,3.75,0,0,0,0,0,无,中,待激活型：商单一般充电弱，需运营介入
619863116,东哥真的很严格,176206,运动,运动文化,3,4,2,2.75,0,0,0,0,0,无,中,待激活型：商单一般充电弱，需运营介入
20952348,不服来测,129924,生活,日常,2,2,3,2.5,0,0,0,0,0,无,中,待激活型：商单一般充电弱，需运营介入
10629525,可以叫我奶瓶子,82169,科技,数码,2,4,5,4,0,0,0,0,0,无,高,商单依赖型：商单强且趋势好，短期转充电可能性极低
67843525,阿乐深度评测,132215,生活,搞笑,2,3,3,2.75,0,0,0,0,0,无,中,待激活型：商单一般充电弱，需运营介入
357261525,安迪视频,1679240,动画,动漫杂谈,2,5,4,3.75,0,0,0,0,0,无,中,待激活型：商单一般充电弱，需运营介入
125526,-LKs-,4373372,生活,日常,4,4,5,4.5,0,0,0,0,0,无,高,商单依赖型：商单强且趋势好，短期转充电可能性极低
7206526,蓝二烟,736129,游戏,单机游戏,2,2,1,1.5,0,0,0,0,0,无,低,低活跃型：商单充电均弱，需评估内容潜力
8469526,果蝇轰,2064866,游戏,手机游戏,3,4,2,2.75,0,0,0,0,0,无,中,待激活型：商单一般充电弱，需运营介入
101975526,艾达凡,100828,美食,美食制作,2,2,3,2.5,0,0,0,0,0,无,中,待激活型：商单一般充电弱，需运营介入
254535526,混知,2684025,知识,人文历史,3,3,2,2.5,0,0,0,0,0,无,中,待激活型：商单一般充电弱，需运营介入
423895,怕上火暴王老菊,2650424,游戏,单机游戏,2,1,0,0.75,0,0,0,0,0,无,低,低活跃型：商单充电均弱，需评估内容潜力
39688895,幻幻幻幻幻灭,121461,游戏,网络游戏,2,4,5,4,0,0,0,0,0,无,高,商单依赖型：商单强且趋势好，短期转充电可能性极低
20990353,游戏动力ATK,2201564,游戏,电子竞技,3,3,5,4,0,0,0,0,0,无,高,商单依赖型：商单强且趋势好，短期转充电可能性极低
606493353,C柚的声音部屋,936635,生活,搞笑,2,2,0,1,0,0,0,0,0,无,低,低活跃型：商单充电均弱，需评估内容潜力
30898527,汐汐不想睡大街,754551,生活,日常,3,3,1,2,0,0,0,0,0,无,低,低活跃型：商单充电均弱，需评估内容潜力
45502,冥冥meichan,720113,动画,综合,2,4,1,2,0,0,0,0,0,无,低,商单衰退型：曾经商单强但趋势下行，充电转化黄金窗口
8263502,橙飞一下,2409081,美食,美食侦探,4,5,2,3.25,0,0,0,0,0,无,中,待激活型：商单一般充电弱，需运营介入
27717502,时雨ioo,1077017,游戏,手机游戏,3,5,3,3.5,0,0,0,0,0,无,中,待激活型：商单一般充电弱，需运营介入
340344502,-杜起眼-,86733,生活,日常,2,2,1,1.5,0,0,0,0,0,无,低,低活跃型：商单充电均弱，需评估内容潜力
381534502,陈千机评测,90065,科技,数码,3,4,5,4.25,0,0,0,0,0,无,高,商单依赖型：商单强且趋势好，短期转充电可能性极低
1868223528,大伟投食记官方账号,854093,美食,美食制作,2,3,1,1.75,0,0,0,0,0,无,低,低活跃型：商单充电均弱，需评估内容潜力
107130503,XCin_,1025912,运动,篮球,3,3,0,1.5,0,0,0,0,0,无,低,低活跃型：商单充电均弱，需评估内容潜力
379028503,铁豆钢蛋,516679,音乐,乐评盘点,3,5,5,4.5,0,0,0,0,0,无,高,商单依赖型：商单强且趋势好，短期转充电可能性极低
13207529,Wilson学长,417255,生活,家居房产,5,5,5,5,0,0,0,0,0,无,高,商单依赖型：商单强且趋势好，短期转充电可能性极低
24919529,川大发,451269,时尚,美妆护肤,2,4,5,4,0,0,0,0,0,无,高,商单依赖型：商单强且趋势好，短期转充电可能性极低
306935529,孙熙然,1088616,动画,同人·手书,3,2,1,1.75,0,0,0,0,0,无,低,低活跃型：商单充电均弱，需评估内容潜力
444728505,小狮日记,1181799,生活,日常,5,3,3,3.5,0,0,0,0,0,无,中,待激活型：商单一般充电弱，需运营介入
476305505,Ai训练师大宇,118427,科技,软件应用,2,2,5,3.5,0,0,0,0,0,无,中,待激活型：商单一般充电弱，需运营介入
3366530,碳酸冰红茶,183825,游戏,手机游戏,2,5,5,4.25,0,0,0,0,0,无,高,商单依赖型：商单强且趋势好，短期转充电可能性极低
1750692530,爱生活的胖虎,92865,时尚,美妆护肤,3,5,5,4.5,0,0,0,0,0,无,高,商单依赖型：商单强且趋势好，短期转充电可能性极低
27972506,零志零,702161,生活,日常,2,4,5,4,0,0,0,0,0,无,高,商单依赖型：商单强且趋势好，短期转充电可能性极低
40004506,魔改丶老K,1148218,生活,日常,3,3,1,2,0,0,0,0,0,无,低,低活跃型：商单充电均弱，需评估内容潜力
244455506,低转中年李伟龙,67448,汽车,新能源车,3,2,2,2.25,0,0,0,0,0,无,低,低活跃型：商单充电均弱，需评估内容潜力
479324506,周不懂丶,205174,知识,科工机械,2,4,1,2,0,0,0,0,0,无,低,商单衰退型：曾经商单强但趋势下行，充电转化黄金窗口
1157667506,卷毛迷你艾,29822,科技,数码,2,4,3,3,0,0,0,0,0,无,中,待激活型：商单一般充电弱，需运营介入
38542531,Jasmine茉莉与冰川,612926,生活,出行,3,4,2,2.75,0,0,0,0,0,无,中,待激活型：商单一般充电弱，需运营介入
382375531,馋大鑫,1416432,美食,美食测评,3,4,2,2.75,0,0,0,0,0,无,中,待激活型：商单一般充电弱，需运营介入
31700507,游研社,828786,游戏,单机游戏,2,2,3,2.5,0,0,0,0,0,无,中,待激活型：商单一般充电弱，需运营介入
87214507,阿祖AzzU,70782,科技,数码,2,3,1,1.75,0,0,0,0,0,无,低,低活跃型：商单充电均弱，需评估内容潜力
357121507,柯基小宸,422648,科技,数码,4,4,5,4.5,0,0,0,0,0,无,高,商单依赖型：商单强且趋势好，短期转充电可能性极低
1271453507,季不助,1049096,知识,科学科普,2,3,5,3.75,0,0,0,0,0,无,中,待激活型：商单一般充电弱，需运营介入
650899373,装甲车Machinegun,839862,生活,日常,2,5,2,2.75,0,0,0,0,0,无,中,待激活型：商单一般充电弱，需运营介入
1018020373,游戏达baka,1023103,游戏,单机游戏,3,4,5,4.25,0,0,0,0,0,无,高,商单依赖型：商单强且趋势好，短期转充电可能性极低
1868215532,大包二妹的幸福生活,295509,生活,亲子,2,2,3,2.5,0,0,0,0,0,无,中,待激活型：商单一般充电弱，需运营介入
19525533,KL_qiqi_,3504489,游戏,单机游戏,4,5,2,3.25,0,0,0,0,0,无,中,待激活型：商单一般充电弱，需运营介入
29252533,幕川北,3142119,游戏,单机游戏,3,3,1,2,0,0,0,0,0,无,低,低活跃型：商单充电均弱，需评估内容潜力
13591012,疯兔AD,271951,动画,同人·手书,3,4,5,4.25,0,0,0,0,0,无,高,商单依赖型：商单强且趋势好，短期转充电可能性极低
103261012,歪设长,174205,科技,数码,2,4,5,4,0,0,0,0,0,无,高,商单依赖型：商单强且趋势好，短期转充电可能性极低
12572013,鞋道馆,300760,运动,运动文化,3,3,1,2,0,0,0,0,0,无,低,低活跃型：商单充电均弱，需评估内容潜力
52968013,全球球变冷,257403,游戏,单机游戏,2,4,4,3.5,0,0,0,0,0,无,中,待激活型：商单一般充电弱，需运营介入
13829896,白日妄想家,1213279,影视,影视剪辑,3,5,2,3,0,0,0,0,0,无,中,待激活型：商单一般充电弱，需运营介入
21103896,琳汐汐吖o,816614,舞蹈,日常,2,3,1,1.75,0,0,0,0,0,无,低,低活跃型：商单充电均弱，需评估内容潜力
178212896,old杨的幸福生活,104311,时尚,穿搭,2,4,5,4,0,0,0,0,0,无,高,商单依赖型：商单强且趋势好，短期转充电可能性极低
408907896,脊博士鹏哥,1800164,运动,健身,3,2,1,1.75,0,0,0,0,0,无,低,低活跃型：商单充电均弱，需评估内容潜力
2505015,热馊馊,1137975,游戏,单机游戏,3,4,2,2.75,0,0,0,0,0,无,中,待激活型：商单一般充电弱，需运营介入
509978383,冷酷小诺,1812,生活,日常,3,5,5,4.5,0,0,0,0,0,无,高,商单依赖型：商单强且趋势好，短期转充电可能性极低
150522015,想想工作室,1352580,生活,搞笑,4,3,5,4.25,0,0,0,0,0,无,高,商单依赖型：商单强且趋势好，短期转充电可能性极低
487779015,科技新一官方账号,17239,科技,数码,2,1,0,0.75,0,0,0,0,0,无,低,低活跃型：商单充电均弱，需评估内容潜力
544261015,Chris的军事基地,1129428,科技,科工机械,3,5,3,3.5,0,0,0,0,0,无,中,待激活型：商单一般充电弱，需运营介入
293917,子言姐姐,471236,游戏,综合,2,4,4,3.5,0,0,0,0,0,无,中,待激活型：商单一般充电弱，需运营介入
1813430917,爱捣蛋的小狗蛋儿,143776,生活,搞笑,2,1,0,0.75,0,0,0,0,0,无,低,低活跃型：商单充电均弱，需评估内容潜力
549835918,我是神经俊,368097,游戏,单机游戏,3,5,2,3,0,0,0,0,0,无,中,待激活型：商单一般充电弱，需运营介入
74166016,语堂天天啃土,731930,游戏,手机游戏,2,4,5,4,0,0,0,0,0,无,高,商单依赖型：商单强且趋势好，短期转充电可能性极低
104777016,小孩曾卓君,707748,游戏,单机游戏,2,3,5,3.75,0,0,0,0,0,无,中,待激活型：商单一般充电弱，需运营介入
274724919,神奇菌汤锅,1181645,知识,科学科普,3,3,4,3.5,0,0,0,0,0,无,中,待激活型：商单一般充电弱，需运营介入
359714919,克里体验,64946,科技,数码,2,4,5,4,0,0,0,0,0,无,高,商单依赖型：商单强且趋势好，短期转充电可能性极低
7394394,极客羊,1020479,游戏,单机游戏,2,4,5,4,0,0,0,0,0,无,高,商单依赖型：商单强且趋势好，短期转充电可能性极低
1572140919,无聊的一天Aboringday,482676,生活,手工,2,2,3,2.5,0,0,0,0,0,无,中,待激活型：商单一般充电弱，需运营介入
478281534,我真是小熊Game,2272000,游戏,单机游戏,3,3,1,2,0,0,0,0,0,无,低,低活跃型：商单充电均弱，需评估内容潜力
1530628534,王路飞CP,246126,科技,软件应用,2,4,3,3,0,0,0,0,0,无,中,待激活型：商单一般充电弱，需运营介入
2114090017,小咩快跑丶,993774,动画,综合,2,3,2,2.25,0,0,0,0,0,无,低,低活跃型：商单充电均弱，需评估内容潜力
24490535,勾手老大爷邓肯,2534063,知识,人文历史,4,5,5,4.75,0,0,0,0,0,无,高,商单依赖型：商单强且趋势好，短期转充电可能性极低
125776535,萌新二次方,1849321,游戏,手机游戏,2,2,1,1.5,0,0,0,0,0,无,低,低活跃型：商单充电均弱，需评估内容潜力
226231535,智勇双全富贵君,2493151,生活,搞笑,3,4,4,3.75,0,0,0,0,0,无,中,待激活型：商单一般充电弱，需运营介入
1551474535,锦鲤实验室,1164583,知识,科学科普,3,3,5,4,0,0,0,0,0,无,高,商单依赖型：商单强且趋势好，短期转充电可能性极低
1751843535,左安雨,61725,生活,家居房产,2,4,5,4,0,0,0,0,0,无,高,商单依赖型：商单强且趋势好，短期转充电可能性极低
12705018,NinthA-,817427,游戏,网络游戏,3,5,2,3,0,0,0,0,0,无,中,待激活型：商单一般充电弱，需运营介入
11718401,11区小豪的故事,684819,生活,家居房产,2,5,4,3.75,0,0,0,0,0,无,中,待激活型：商单一般充电弱，需运营介入
329360018,布鲁Sir_,664785,游戏,单机游戏,3,4,4,3.75,0,0,0,0,0,无,中,待激活型：商单一般充电弱，需运营介入
402183402,小特叔叔,9504,汽车,新能源车,2,1,0,0.75,0,0,0,0,0,无,低,低活跃型：商单充电均弱，需评估内容潜力
43536,黑桐谷歌,2553862,游戏,单机游戏,3,4,2,2.75,0,0,0,0,0,无,中,待激活型：商单一般充电弱，需运营介入
2930404,咕噜耄,1483844,知识,校园学习,2,3,3,2.75,0,0,0,0,0,无,中,待激活型：商单一般充电弱，需运营介入
13981536,家电侦探平雪,85899,生活,家居房产,3,4,5,4.25,0,0,0,0,0,无,高,商单依赖型：商单强且趋势好，短期转充电可能性极低
16359019,一只绿壳马,315419,时尚,美妆护肤,2,3,4,3.25,0,0,0,0,0,无,中,待激活型：商单一般充电弱，需运营介入
25967019,丝路传声,210179,影视,影视杂谈,2,5,4,3.75,0,0,0,0,0,无,中,待激活型：商单一般充电弱，需运营介入
327403407,清酒好可怜,1448558,游戏,电子竞技,4,5,4,4.25,0,0,0,0,0,无,高,商单依赖型：商单强且趋势好，短期转充电可能性极低
1201986019,留意炫饭吖,1869745,生活,亲子,3,4,4,3.75,0,0,0,0,0,无,中,待激活型：商单一般充电弱，需运营介入
2043278019,万能大饼,475679,生活,搞笑,2,2,5,3.5,0,0,0,0,0,无,中,待激活型：商单一般充电弱，需运营介入
148246537,老朋友王海缤,244800,科技,数码,2,4,5,4,0,0,0,0,0,无,高,商单依赖型：商单强且趋势好，短期转充电可能性极低
18929020,明月苓音BM,414315,游戏,手机游戏,2,3,4,3.25,0,0,0,0,0,无,中,待激活型：商单一般充电弱，需运营介入
5774538,林嘉驹,340021,游戏,单机游戏,2,3,1,1.75,0,0,0,0,0,无,低,低活跃型：商单充电均弱，需评估内容潜力
414482538,就叫刀仔吧不改了,136731,美食,美食制作,2,3,5,3.75,0,0,0,0,0,无,中,待激活型：商单一般充电弱，需运营介入
674180538,银屏系漫游指南,435560,影视,影视杂谈,3,3,5,4,0,0,0,0,0,无,高,商单依赖型：商单强且趋势好，短期转充电可能性极低
1514320538,香芹又青了,759740,影视,影视杂谈,3,4,2,2.75,0,0,0,0,0,无,中,待激活型：商单一般充电弱，需运营介入
4186021,初夏ChuXXia,1411177,游戏,单机游戏,3,5,4,4,0,0,0,0,0,无,高,商单依赖型：商单强且趋势好，短期转充电可能性极低
405370021,尴尬的铁根er,5612700,游戏,电子竞技,4,4,2,3,0,0,0,0,0,无,中,待激活型：商单一般充电弱，需运营介入
51031539,陈大白,1591575,游戏,手机游戏,2,1,3,2.25,0,0,0,0,0,无,低,低活跃型：商单充电均弱，需评估内容潜力
80991539,聊点什么叭,1839202,生活,搞笑,2,1,3,2.25,0,0,0,0,0,无,低,低活跃型：商单充电均弱，需评估内容潜力
1413256539,狼岛主,692378,动画,同人·手书,2,1,0,0.75,0,0,0,0,0,无,低,低活跃型：商单充电均弱，需评估内容潜力
11474022,麦香牛奶Mitsu,133995,科技,数码,3,5,5,4.5,0,0,0,0,0,无,高,商单依赖型：商单强且趋势好，短期转充电可能性极低
39613022,赛文乔伊,459170,科技,计算机技术,2,2,1,1.5,0,0,0,0,0,无,低,低活跃型：商单充电均弱，需评估内容潜力
204980022,玩主小小虫,714739,游戏,单机游戏,2,3,2,2.25,0,0,0,0,0,无,低,低活跃型：商单充电均弱，需评估内容潜力
240853022,东方硕果,297950,动画,动漫杂谈,2,5,2,2.75,0,0,0,0,0,无,中,待激活型：商单一般充电弱，需运营介入
278834022,Iam小方,487878,生活,日常,2,4,2,2.5,0,0,0,0,0,无,中,待激活型：商单一般充电弱，需运营介入
25480023,花生説,1249506,科技,数码,5,5,4,4.5,0,0,0,0,0,无,高,商单依赖型：商单强且趋势好，短期转充电可能性极低
267599661,欧大发-,516542,生活,三农,2,3,1,1.75,0,0,0,0,0,无,低,低活跃型：商单充电均弱，需评估内容潜力
107278471,嘴嘴深夜食堂,2111638,美食,美食测评,3,3,2,2.5,0,0,0,0,0,无,中,待激活型：商单一般充电弱，需运营介入
1985025,夏布去,491714,游戏,网络游戏,2,4,2,2.5,0,0,0,0,0,无,中,待激活型：商单一般充电弱，需运营介入
3094025,小牧phenix,619427,游戏,单机游戏,3,5,2,3,0,0,0,0,0,无,中,待激活型：商单一般充电弱，需运营介入
18306025,摩尔家陈泰山,724035,娱乐,娱乐杂谈,2,1,3,2.25,0,0,0,0,0,无,低,低活跃型：商单充电均弱，需评估内容潜力
1249954025,十一的看脸日记,1029721,时尚,美妆护肤,3,4,4,3.75,0,0,0,0,0,无,中,待激活型：商单一般充电弱，需运营介入
1335713025,知了解压萌物,4355193,动物圈,动物二创,3,3,5,4,0,0,0,0,0,无,高,商单依赖型：商单强且趋势好，短期转充电可能性极低
353019540,居然挖到宝,722849,生活,搞笑,2,3,3,2.75,0,0,0,0,0,无,中,待激活型：商单一般充电弱，需运营介入
3353026,鹤吱菌,2872182,游戏,单机游戏,4,3,1,2.25,0,0,0,0,0,无,低,商单衰退型：曾经商单强但趋势下行，充电转化黄金窗口
441872026,健人鑫,548289,生活,日常,2,4,3,3,0,0,0,0,0,无,中,待激活型：商单一般充电弱，需运营介入
4435541,颀三73,555758,舞蹈,国风舞蹈,2,3,5,3.75,0,0,0,0,0,无,中,待激活型：商单一般充电弱，需运营介入
69112541,聒噪的山海君,1421667,游戏,电子竞技,2,2,2,2,0,0,0,0,0,无,低,低活跃型：商单充电均弱，需评估内容潜力
104118541,早晚是个教授的雪球,84550,影视,影视杂谈,2,5,2,2.75,0,0,0,0,0,无,中,待激活型：商单一般充电弱，需运营介入
355080541,莎莎酱ox,97528,时尚,美妆护肤,2,5,5,4.25,0,0,0,0,0,无,高,商单依赖型：商单强且趋势好，短期转充电可能性极低
471782541,阿氢HYDROGEN,586858,游戏,单机游戏,3,5,4,4,0,0,0,0,0,无,高,商单依赖型：商单强且趋势好，短期转充电可能性极低
1139533541,懂老师研究院,90228,影视,影视杂谈,2,3,5,3.75,0,0,0,0,0,无,中,待激活型：商单一般充电弱，需运营介入
578408027,土木工程洪工,297706,生活,搞笑,2,5,3,3.25,0,0,0,0,0,无,中,待激活型：商单一般充电弱，需运营介入
1368109027,评物测评,77710,科技,数码,3,4,5,4.25,0,0,0,0,0,无,高,商单依赖型：商单强且趋势好，短期转充电可能性极低
16385920,姜Dora在此,1868291,知识,社科·法律·心理,3,3,4,3.5,0,0,0,0,0,无,中,待激活型：商单一般充电弱，需运营介入
42019920,CCCmlng小陈不憨,1179495,影视,小剧场,3,3,1,2,0,0,0,0,0,无,低,低活跃型：商单充电均弱，需评估内容潜力
342263920,就是你的VC,167590,汽车,汽车生活,3,2,3,2.75,0,0,0,0,0,无,中,待激活型：商单一般充电弱，需运营介入
13221028,迷茫小树叶,2021553,游戏,手机游戏,4,5,2,3.25,0,0,0,0,0,无,中,待激活型：商单一般充电弱，需运营介入
528461028,小钟Johnny,3222084,生活,出行,4,5,2,3.25,0,0,0,0,0,无,中,待激活型：商单一般充电弱，需运营介入
703057028,猴儿甜猴儿甜,579218,美食,美食侦探,3,3,2,2.5,0,0,0,0,0,无,中,待激活型：商单一般充电弱，需运营介入
37029661,小鹿Lawrence,2100974,生活,出行,5,5,5,5,0,0,0,0,0,无,高,商单依赖型：商单强且趋势好，短期转充电可能性极低
1876542,骚橙丶,667525,游戏,手机游戏,2,5,4,3.75,0,0,0,0,0,无,中,待激活型：商单一般充电弱，需运营介入
33540542,肥宅界持刀人,275570,鬼畜,人力VOCALOID,2,2,1,1.5,0,0,0,0,0,无,低,低活跃型：商单充电均弱，需评估内容潜力
403366542,--小卢同学--,733557,生活,日常,3,3,5,4,0,0,0,0,0,无,高,商单依赖型：商单强且趋势好，短期转充电可能性极低
1740827542,KKOMDA,1107442,动画,同人·手书,2,2,1,1.5,0,0,0,0,0,无,低,低活跃型：商单充电均弱，需评估内容潜力
12638031,知危编辑部,639218,知识,财经商业,2,2,2,2,0,0,0,0,0,无,低,低活跃型：商单充电均弱，需评估内容潜力
13703031,尾巴尾巴啊,275007,游戏,单机游戏,2,3,3,2.75,0,0,0,0,0,无,中,待激活型：商单一般充电弱，需运营介入
2789543,村头卡师傅,180020,游戏,单机游戏,2,3,3,2.75,0,0,0,0,0,无,中,待激活型：商单一般充电弱，需运营介入
405082888,超音速官方,112220,汽车,购车攻略,2,3,3,2.75,0,0,0,0,0,无,中,待激活型：商单一般充电弱，需运营介入
2298471,粘德文,35107,科技,数码,2,5,4,3.75,0,0,0,0,0,无,中,待激活型：商单一般充电弱，需运营介入
395931838,赖神无所畏惧,2234106,游戏,电子竞技,3,5,2,3,0,0,0,0,0,无,中,待激活型：商单一般充电弱，需运营介入
22649032,大锤RUNKMD,949992,汽车,汽车生活,2,5,5,4.25,0,0,0,0,0,无,高,商单依赖型：商单强且趋势好，短期转充电可能性极低
17296922,安安学姐senior,441765,生活,搞笑,2,3,1,1.75,0,0,0,0,0,无,低,低活跃型：商单充电均弱，需评估内容潜力
100785033,地球知识局,2518763,知识,科学科普,2,1,3,2.25,0,0,0,0,0,无,低,低活跃型：商单充电均弱，需评估内容潜力
500924033,顾得热榜,1599355,知识,校园学习,4,4,5,4.5,0,0,0,0,0,无,高,商单依赖型：商单强且趋势好，短期转充电可能性极低
285546545,何欢不瘦,309799,生活,亲子,2,3,5,3.75,0,0,0,0,0,无,中,待激活型：商单一般充电弱，需运营介入
452600545,悬疑MOVIE,918373,影视,影视杂谈,2,5,1,2.25,0,0,0,0,0,无,低,商单衰退型：曾经商单强但趋势下行，充电转化黄金窗口
478942545,Park叔叔,145449,科技,数码,3,3,5,4,0,0,0,0,0,无,高,商单依赖型：商单强且趋势好，短期转充电可能性极低
14064034,破碎的星光brkstar,279518,游戏,单机游戏,2,5,4,3.75,0,0,0,0,0,无,中,待激活型：商单一般充电弱，需运营介入
28686034,小九摄影ECP,158719,科技,数码,2,3,2,2.25,0,0,0,0,0,无,低,低活跃型：商单充电均弱，需评估内容潜力
17834923,橙豆造物ing,46242,科技,极客DIY,2,5,4,3.75,0,0,0,0,0,无,中,待激活型：商单一般充电弱，需运营介入
270870923,穆金荣-穷历史,288075,知识,人文历史,2,5,5,4.25,0,0,0,0,0,无,高,商单依赖型：商单强且趋势好，短期转充电可能性极低
373388923,脱缰凯Kk,6138005,影视,小剧场,3,4,2,2.75,0,0,0,0,0,无,中,待激活型：商单一般充电弱，需运营介入
511875923,家电情报官,230212,影视,影视剪辑,2,3,5,3.75,0,0,0,0,0,无,中,待激活型：商单一般充电弱，需运营介入
325272035,艾奥科技,772914,科技,数码,2,1,0,0.75,0,0,0,0,0,无,低,低活跃型：商单充电均弱，需评估内容潜力
176414546,巡天者叶梓颐,273027,知识,科学科普,2,1,3,2.25,0,0,0,0,0,无,低,低活跃型：商单充电均弱，需评估内容潜力
601674546,-夏秋冬-,900160,动画,综合,2,4,1,2,0,0,0,0,0,无,低,商单衰退型：曾经商单强但趋势下行，充电转化黄金窗口
78504036,三更研究所,971890,知识,人文历史,2,4,2,2.5,0,0,0,0,0,无,中,待激活型：商单一般充电弱，需运营介入
329519036,韭菜实验室,2251833,科技,数码,4,4,5,4.5,0,0,0,0,0,无,高,商单依赖型：商单强且趋势好，短期转充电可能性极低
4296924,DioTV,677921,游戏,单机游戏,2,3,1,1.75,0,0,0,0,0,无,低,低活跃型：商单充电均弱，需评估内容潜力
7071924,高寒时薪十块,624891,游戏,单机游戏,3,5,1,2.5,0,0,0,0,0,无,中,待激活型：商单一般充电弱，需运营介入
37663924,硬核的半佛仙人,7730355,知识,财经商业,4,3,2,2.75,0,0,0,0,0,无,中,待激活型：商单一般充电弱，需运营介入
18100888,强尼ZhangRQ,92888,科技,数码,2,3,5,3.75,0,0,0,0,0,无,中,待激活型：商单一般充电弱，需运营介入
1617515924,贴地飞行-三代,455196,汽车,改装玩车,2,2,5,3.5,0,0,0,0,0,无,中,待激活型：商单一般充电弱，需运营介入
16848888,Aikonini-,82939,时尚,美妆护肤,2,4,5,4,0,0,0,0,0,无,高,商单依赖型：商单强且趋势好，短期转充电可能性极低
1538983470,超能搞机,229381,科技,数码,2,3,5,3.75,0,0,0,0,0,无,中,待激活型：商单一般充电弱，需运营介入
32820037,歪果仁研究协会,4605407,生活,日常,3,3,2,2.5,0,0,0,0,0,无,中,待激活型：商单一般充电弱，需运营介入
11907547,没有NIA,606968,动画,同人·手书,2,3,5,3.75,0,0,0,0,0,无,中,待激活型：商单一般充电弱，需运营介入
96491547,不如叫白亦好了,262604,游戏,手机游戏,2,4,2,2.5,0,0,0,0,0,无,中,待激活型：商单一般充电弱，需运营介入
327714547,高祖讲货,382652,运动,运动文化,2,2,1,1.5,0,0,0,0,0,无,低,低活跃型：商单充电均弱，需评估内容潜力
15021038,地球常客★,274484,游戏,手机游戏,2,4,4,3.5,0,0,0,0,0,无,中,待激活型：商单一般充电弱，需运营介入
286737038,十七岁歌手想打中单,1103861,生活,出行,4,4,2,3,0,0,0,0,0,无,中,待激活型：商单一般充电弱，需运营介入
1059877038,家电星推官,360086,生活,搞笑,3,3,5,4,0,0,0,0,0,无,高,商单依赖型：商单强且趋势好，短期转充电可能性极低
1105429038,退役编辑雨上,291796,游戏,网络游戏,3,3,2,2.5,0,0,0,0,0,无,中,待激活型：商单一般充电弱，需运营介入
486542660,电动星球,7112,汽车,新能源车,2,1,3,2.25,0,0,0,0,0,无,低,低活跃型：商单充电均弱，需评估内容潜力
1363795039,Owen来造,216955,科技,极客DIY,3,4,5,4.25,0,0,0,0,0,无,高,商单依赖型：商单强且趋势好，短期转充电可能性极低
330415548,谭乔,5310512,资讯,社会,3,1,0,1,0,0,0,0,0,无,低,低活跃型：商单充电均弱，需评估内容潜力
2506040,FISHintheTEA,41386,动画,同人·手书,2,3,0,1.25,0,0,0,0,0,无,低,低活跃型：商单充电均弱，需评估内容潜力
14751040,怒九笑,2099480,游戏,单机游戏,3,2,5,3.75,0,0,0,0,0,无,中,待激活型：商单一般充电弱，需运营介入
1127791040,卷毛懂个球,309778,运动,篮球,2,5,4,3.75,0,0,0,0,0,无,中,待激活型：商单一般充电弱，需运营介入
367927,玛莎有起床气Zzz,359848,游戏,手机游戏,2,5,2,2.75,0,0,0,0,0,无,中,待激活型：商单一般充电弱，需运营介入
495979927,半耳聆,773449,知识,社科·法律·心理,2,5,2,2.75,0,0,0,0,0,无,中,待激活型：商单一般充电弱，需运营介入
247942660,花花攻子丶,508172,生活,日常,2,4,1,2,0,0,0,0,0,无,低,商单衰退型：曾经商单强但趋势下行，充电转化黄金窗口
1074107470,悠爸长不胖,195227,生活,亲子,2,2,1,1.5,0,0,0,0,0,无,低,低活跃型：商单充电均弱，需评估内容潜力
353806838,杨六娃本娃,591093,生活,家居房产,4,4,5,4.5,0,0,0,0,0,无,高,商单依赖型：商单强且趋势好，短期转充电可能性极低
426493711,蓝朋友TV,581640,科技,数码,4,4,3,3.5,0,0,0,0,0,无,中,待激活型：商单一般充电弱，需运营介入
388368041,我有馒头我不饿XinQ,364349,科技,数码,2,4,3,3,0,0,0,0,0,无,中,待激活型：商单一般充电弱，需运营介入
12767928,平凡小吴,280544,汽车,汽车生活,3,2,0,1.25,0,0,0,0,0,无,低,低活跃型：商单充电均弱，需评估内容潜力
107486042,花二Strange,1436007,美食,美食侦探,2,3,4,3.25,0,0,0,0,0,无,中,待激活型：商单一般充电弱，需运营介入
168293042,三角猫不理,883146,动画,同人·手书,2,4,5,4,0,0,0,0,0,无,高,商单依赖型：商单强且趋势好，短期转充电可能性极低
11395929,Sum方糖,76845,科技,数码,2,4,2,2.5,0,0,0,0,0,无,中,待激活型：商单一般充电弱，需运营介入
86644929,大柠檬Plus,509736,游戏,网络游戏,2,3,1,1.75,0,0,0,0,0,无,低,低活跃型：商单充电均弱，需评估内容潜力
33729931,九冢嵬,1004383,动画,特摄,2,3,4,3.25,0,0,0,0,0,无,中,待激活型：商单一般充电弱，需运营介入
360046931,11的游戏世界,840369,游戏,单机游戏,2,4,2,2.5,0,0,0,0,0,无,中,待激活型：商单一般充电弱，需运营介入
544082931,有家有电,25291,生活,家居房产,2,2,0,1,0,0,0,0,0,无,低,低活跃型：商单充电均弱，需评估内容潜力
8484043,皮蛋粥加辣,97459,科技,数码,3,3,5,4,0,0,0,0,0,无,高,商单依赖型：商单强且趋势好，短期转充电可能性极低
28266043,附魔星Fms,1443898,游戏,单机游戏,3,3,2,2.5,0,0,0,0,0,无,中,待激活型：商单一般充电弱，需运营介入
37390043,动力评测,911321,科技,数码,3,4,5,4.25,0,0,0,0,0,无,高,商单依赖型：商单强且趋势好，短期转充电可能性极低
478691043,穿毛裤的小拉泽,3998508,美食,美食测评,4,5,4,4.25,0,0,0,0,0,无,高,商单依赖型：商单强且趋势好，短期转充电可能性极低
13726932,次元搞机所,93539,科技,数码,2,4,5,4,0,0,0,0,0,无,高,商单依赖型：商单强且趋势好，短期转充电可能性极低
420385932,寻找的粽经理,265183,时尚,穿搭,2,4,5,4,0,0,0,0,0,无,高,商单依赖型：商单强且趋势好，短期转充电可能性极低
15530549,Jelly意灿,83530,时尚,美妆护肤,2,5,5,4.25,0,0,0,0,0,无,高,商单依赖型：商单强且趋势好，短期转充电可能性极低
494971549,河里有马HeMa,278469,游戏,手机游戏,2,3,2,2.25,0,0,0,0,0,无,低,低活跃型：商单充电均弱，需评估内容潜力
2020765549,大酱电影,338493,影视,影视杂谈,2,5,3,3.25,0,0,0,0,0,无,中,待激活型：商单一般充电弱，需运营介入
7957044,我是十四哦丶,685008,影视,影视杂谈,2,5,2,2.75,0,0,0,0,0,无,中,待激活型：商单一般充电弱，需运营介入
55858044,直推小新,207536,科技,数码,2,4,3,3,0,0,0,0,0,无,中,待激活型：商单一般充电弱，需运营介入
476013044,大白牛怎么被用了害,226832,知识,科学科普,3,3,5,4,0,0,0,0,0,无,高,商单依赖型：商单强且趋势好，短期转充电可能性极低
591207044,暴躁评测师小吴,101024,美食,美食记录,2,3,5,3.75,0,0,0,0,0,无,中,待激活型：商单一般充电弱，需运营介入
626752044,海潮有点潮,1338574,美食,美食测评,2,3,4,3.25,0,0,0,0,0,无,中,待激活型：商单一般充电弱，需运营介入
11742550,哈米伦的弄笛者,2810160,动画,同人·手书,4,5,3,3.75,0,0,0,0,0,无,中,待激活型：商单一般充电弱，需运营介入
403228550,克里斯丧钟,294855,运动,健身,2,5,2,2.75,0,0,0,0,0,无,中,待激活型：商单一般充电弱，需运营介入
1893045,狂风桑,3387224,音乐,翻唱,2,2,3,2.5,0,0,0,0,0,无,中,待激活型：商单一般充电弱，需运营介入
44627045,阿鱼Au_lishan,310035,游戏,手机游戏,2,5,4,3.75,0,0,0,0,0,无,中,待激活型：商单一般充电弱，需运营介入
306152551,鲨鱼辣椒-G,37878,生活,日常,2,4,4,3.5,0,0,0,0,0,无,中,待激活型：商单一般充电弱，需运营介入
25867046,Eva的科技生活,178256,科技,数码,4,3,1,2.25,0,0,0,0,0,无,低,商单衰退型：曾经商单强但趋势下行，充电转化黄金窗口
412253046,声浪片场,344119,汽车,汽车生活,3,1,0,1,0,0,0,0,0,无,低,低活跃型：商单充电均弱，需评估内容潜力
506951046,王狒狒up,267621,科技,极客DIY,2,3,1,1.75,0,0,0,0,0,无,低,低活跃型：商单充电均弱，需评估内容潜力
23496660,刘小哲tetsu,346846,游戏,手机游戏,2,4,3,3,0,0,0,0,0,无,中,待激活型：商单一般充电弱，需运营介入
19584552,CCheny6,2417748,游戏,单机游戏,4,4,2,3,0,0,0,0,0,无,中,待激活型：商单一般充电弱，需运营介入
5687553,阿健和他的电器,18332,生活,家居房产,2,2,4,3,0,0,0,0,0,无,中,待激活型：商单一般充电弱，需运营介入
702252553,_夏天心,1282595,音乐,翻唱,3,2,0,1.25,0,0,0,0,0,无,低,低活跃型：商单充电均弱，需评估内容潜力
13604554,王氏上单,642524,游戏,电子竞技,2,5,2,2.75,0,0,0,0,0,无,中,待激活型：商单一般充电弱，需运营介入
383241659,糖小幽Umi,190325,生活,日常,3,3,5,4,0,0,0,0,0,无,高,商单依赖型：商单强且趋势好，短期转充电可能性极低
644255470,杰克小兔,1629362,生活,日常,4,4,2,3,0,0,0,0,0,无,中,待激活型：商单一般充电弱，需运营介入
487640933,花小雕,1273698,生活,搞笑,3,3,1,2,0,0,0,0,0,无,低,低活跃型：商单充电均弱，需评估内容潜力
123330934,情报姬,261057,游戏,手机游戏,2,4,1,2,0,0,0,0,0,无,低,商单衰退型：曾经商单强但趋势下行，充电转化黄金窗口
601787934,戏志才PPT,570483,动画,综合,2,4,2,2.5,0,0,0,0,0,无,中,待激活型：商单一般充电弱，需运营介入
1083495934,游电工厂,173084,科技,数码,2,4,5,4,0,0,0,0,0,无,高,商单依赖型：商单强且趋势好，短期转充电可能性极低
22338935,轨迹球TRACKBALL,294126,知识,人文历史,2,1,0,0.75,0,0,0,0,0,无,低,低活跃型：商单充电均弱，需评估内容潜力
479820935,不善言辞的秃秃,1429463,影视,影视杂谈,3,5,2,3,0,0,0,0,0,无,中,待激活型：商单一般充电弱，需运营介入
21869937,DarkCarrot,1357321,游戏,电子竞技,3,5,5,4.5,0,0,0,0,0,无,高,商单依赖型：商单强且趋势好，短期转充电可能性极低
26846937,饲养员小谢,538928,生活,日常,4,3,4,3.75,0,0,0,0,0,无,中,待激活型：商单一般充电弱，需运营介入
848939,飞行男孩俱乐部,374416,生活,出行,2,3,4,3.25,0,0,0,0,0,无,中,待激活型：商单一般充电弱，需运营介入
552024939,田纳西Jay和Ari,706197,生活,日常,2,3,5,3.75,0,0,0,0,0,无,中,待激活型：商单一般充电弱，需运营介入
1931875939,粉墨,29838,影视,预告·资讯,3,3,3,3,0,0,0,0,0,无,中,待激活型：商单一般充电弱，需运营介入
2403047,嘟督不噶油,3433277,游戏,单机游戏,3,4,1,2.25,0,0,0,0,0,无,低,商单衰退型：曾经商单强但趋势下行，充电转化黄金窗口
37754047,咻咻满,2760001,音乐,翻唱,3,3,1,2,0,0,0,0,0,无,低,低活跃型：商单充电均弱，需评估内容潜力
809048,克利咕咕兰,792651,游戏,其他,3,5,1,2.5,0,0,0,0,0,无,中,待激活型：商单一般充电弱，需运营介入
488049,聲無哀樂3526,22304,音乐,音乐现场,2,1,3,2.25,0,0,0,0,0,无,低,低活跃型：商单充电均弱，需评估内容潜力
2727049,北极土豆,396837,汽车,汽车生活,3,2,0,1.25,0,0,0,0,0,无,低,低活跃型：商单充电均弱，需评估内容潜力
71491049,瞻云Mind,51672,知识,科学科普,2,4,2,2.5,0,0,0,0,0,无,中,待激活型：商单一般充电弱，需运营介入
338927049,燕子堡BBQ学徒Ray,2196206,美食,美食制作,3,3,4,3.5,0,0,0,0,0,无,中,待激活型：商单一般充电弱，需运营介入
517937049,AI先生李豪,123740,知识,软件应用,2,4,5,4,0,0,0,0,0,无,高,商单依赖型：商单强且趋势好，短期转充电可能性极低
13680050,Grandpagu顾爷,872771,知识,人文历史,2,2,3,2.5,0,0,0,0,0,无,中,待激活型：商单一般充电弱，需运营介入
94896050,阿J叫Jason,75982,科技,数码,2,2,5,3.5,0,0,0,0,0,无,中,待激活型：商单一般充电弱，需运营介入
30819051,我是HYK,543622,科技,数码,3,4,5,4.25,0,0,0,0,0,无,高,商单依赖型：商单强且趋势好，短期转充电可能性极低
383489051,电动车公社,37026,汽车,新能源车,2,1,0,0.75,0,0,0,0,0,无,低,低活跃型：商单充电均弱，需评估内容潜力
690545051,吹拉弹唱慕星银,1286190,音乐,翻唱,2,4,1,2,0,0,0,0,0,无,低,商单衰退型：曾经商单强但趋势下行，充电转化黄金窗口
108618052,真实球迷汇,611272,生活,足球,2,5,4,3.75,0,0,0,0,0,无,中,待激活型：商单一般充电弱，需运营介入
1422339052,白电评,143927,动物圈,喵星人,2,3,5,3.75,0,0,0,0,0,无,中,待激活型：商单一般充电弱，需运营介入
43695117,答案4nswer,559427,游戏,手机游戏,3,4,4,3.75,0,0,0,0,0,无,中,待激活型：商单一般充电弱，需运营介入
157707117,憨熊Max,47577,科技,数码,2,4,4,3.5,0,0,0,0,0,无,中,待激活型：商单一般充电弱，需运营介入
893053,夏一可,1433996,游戏,网络游戏,3,2,0,1.25,0,0,0,0,0,无,低,低活跃型：商单充电均弱，需评估内容潜力
9458053,李永乐老师官方,3464252,知识,科学科普,2,1,0,0.75,0,0,0,0,0,无,低,低活跃型：商单充电均弱，需评估内容潜力
262503053,佐悠-Leisurely,2020691,游戏,电子竞技,3,3,2,2.5,0,0,0,0,0,无,中,待激活型：商单一般充电弱，需运营介入
475845053,呱唧菌,3352070,生活,搞笑,3,3,0,1.5,0,0,0,0,0,无,低,低活跃型：商单充电均弱，需评估内容潜力
154058118,SPlusTech,868917,科技,数码,4,4,5,4.5,0,0,0,0,0,无,高,商单依赖型：商单强且趋势好，短期转充电可能性极低
176742118,吾乃木子Boy,208185,科技,数码,3,4,3,3.25,0,0,0,0,0,无,中,待激活型：商单一般充电弱，需运营介入
298152659,可乐肥肥和奶茶胖胖,169612,游戏,手机游戏,2,5,4,3.75,0,0,0,0,0,无,中,待激活型：商单一般充电弱，需运营介入
20382659,辣个芝士,543323,知识,日常,3,5,3,3.5,0,0,0,0,0,无,中,待激活型：商单一般充电弱，需运营介入
189841470,Mr_牛奶,1099435,游戏,单机游戏,2,4,5,4,0,0,0,0,0,无,高,商单依赖型：商单强且趋势好，短期转充电可能性极低
291054838,记录小生活的蛋黄派,1817217,美食,美食测评,2,2,5,3.5,0,0,0,0,0,无,中,待激活型：商单一般充电弱，需运营介入
20951119,蒂姆嘟嘟Tim,1066641,动物圈,喵星人,3,4,4,3.75,0,0,0,0,0,无,中,待激活型：商单一般充电弱，需运营介入
24478119,路路迷路路,2680478,游戏,单机游戏,3,2,1,1.75,0,0,0,0,0,无,低,低活跃型：商单充电均弱，需评估内容潜力
281751119,小吃货的JAS,679483,动画,同人·手书,3,4,2,2.75,0,0,0,0,0,无,中,待激活型：商单一般充电弱，需运营介入
300994119,沙雕网友咸叽叽,4453585,生活,搞笑,3,2,0,1.25,0,0,0,0,0,无,低,低活跃型：商单充电均弱，需评估内容潜力
284120,三无Marblue,2268814,音乐,翻唱,3,2,2,2.25,0,0,0,0,0,无,低,低活跃型：商单充电均弱，需评估内容潜力
17976120,随机反派,83600,游戏,单机游戏,2,4,3,3,0,0,0,0,0,无,中,待激活型：商单一般充电弱，需运营介入
31015120,超超大魔王zZ,78902,游戏,手机游戏,3,5,2,3,0,0,0,0,0,无,中,待激活型：商单一般充电弱，需运营介入
60232120,小叮当频道,730452,游戏,网络游戏,2,1,3,2.25,0,0,0,0,0,无,低,低活跃型：商单充电均弱，需评估内容潜力
216121,番茄仔的小窝,125059,生活,家居房产,2,5,5,4.25,0,0,0,0,0,无,高,商单依赖型：商单强且趋势好，短期转充电可能性极低
2300121,李JOJOJOJO,866407,生活,搞笑,2,2,1,1.5,0,0,0,0,0,无,低,低活跃型：商单充电均弱，需评估内容潜力
15070940,阿卡姆鱼露,72148,运动,运动综合,2,4,3,3,0,0,0,0,0,无,中,待激活型：商单一般充电弱，需运营介入
38665940,Soleil-JJ,521211,生活,出行,2,5,5,4.25,0,0,0,0,0,无,高,商单依赖型：商单强且趋势好，短期转充电可能性极低
416128940,在下哲别,2978722,生活,日常,4,4,4,4,0,0,0,0,0,无,高,商单依赖型：商单强且趋势好，短期转充电可能性极低
645997940,小岛鸽手,665434,动画,同人·手书,2,2,4,3,0,0,0,0,0,无,中,待激活型：商单一般充电弱，需运营介入
269415122,恶的Y不二,729373,生活,搞笑,3,4,3,3.25,0,0,0,0,0,无,中,待激活型：商单一般充电弱，需运营介入
3949941,阳光男孩小丑熊,1166612,游戏,网络游戏,3,5,1,2.5,0,0,0,0,0,无,中,待激活型：商单一般充电弱，需运营介入
25150941,极速拍档,3512290,汽车,汽车生活,5,3,1,2.5,0,0,0,0,0,无,中,待激活型：商单一般充电弱，需运营介入
71940941,唤林和小PK,384091,游戏,电子竞技,2,3,2,2.25,0,0,0,0,0,无,低,低活跃型：商单充电均弱，需评估内容潜力
276928941,林捂捂,1235670,科技,数码,5,5,5,5,0,0,0,0,0,无,高,商单依赖型：商单强且趋势好，短期转充电可能性极低
269079123,老班长a,152877,科技,数码,2,4,5,4,0,0,0,0,0,无,高,商单依赖型：商单强且趋势好，短期转充电可能性极低
11482657,东倾电影,1822259,影视,影视杂谈,2,4,4,3.5,0,0,0,0,0,无,中,待激活型：商单一般充电弱，需运营介入
1280289656,橘kikuko,799602,生活,日常,2,3,1,1.75,0,0,0,0,0,无,低,低活跃型：商单充电均弱，需评估内容潜力
85551470,晚是晚安的安丶,17567,影视,小剧场,4,5,2,3.25,0,0,0,0,0,无,中,待激活型：商单一般充电弱，需运营介入
435061656,浮世叁千问,986829,知识,科学科普,3,4,5,4.25,0,0,0,0,0,无,高,商单依赖型：商单强且趋势好，短期转充电可能性极低
13839125,字幕君GOUBA,391937,科技,数码,3,3,5,4,0,0,0,0,0,无,高,商单依赖型：商单强且趋势好，短期转充电可能性极低
25876945,极客湾Geekerwan,5250343,科技,数码,5,5,4,4.5,0,0,0,0,0,无,高,商单依赖型：商单强且趋势好，短期转充电可能性极低
1588646945,巴老师的小号,597755,游戏,手机游戏,3,5,2,3,0,0,0,0,0,无,中,待激活型：商单一般充电弱，需运营介入
1744846945,镜画馆,155425,游戏,手机游戏,2,4,2,2.5,0,0,0,0,0,无,中,待激活型：商单一般充电弱，需运营介入
321422126,进击的金厂长,5678922,动画,同人·手书,4,3,1,2.25,0,0,0,0,0,无,低,商单衰退型：曾经商单强但趋势下行，充电转化黄金窗口
40821656,钛客,220893,科技,数码,3,4,5,4.25,0,0,0,0,0,无,高,商单依赖型：商单强且趋势好，短期转充电可能性极低
1568811899,木瓜椰奶冻丶,321298,游戏,单机游戏,2,4,1,2,0,0,0,0,0,无,低,商单衰退型：曾经商单强但趋势下行，充电转化黄金窗口
179877838,大东彦,1002420,游戏,网络游戏,2,5,0,1.75,0,0,0,0,0,无,低,商单衰退型：曾经商单强但趋势下行，充电转化黄金窗口
113711,疾風醬,338602,动画,综合,2,2,3,2.5,0,0,0,0,0,无,中,待激活型：商单一般充电弱，需运营介入
497106414,100个中国女孩的家,455540,娱乐,综艺,3,3,5,4,0,0,0,0,0,无,高,商单依赖型：商单强且趋势好，短期转充电可能性极低
291839946,进击的R哥,143221,美食,美食记录,2,5,2,2.75,0,0,0,0,0,无,中,待激活型：商单一般充电弱，需运营介入
438536946,苑叔聊车,316865,汽车,购车攻略,2,1,3,2.25,0,0,0,0,0,无,低,低活跃型：商单充电均弱，需评估内容潜力
686127,籽岷,5331438,游戏,单机游戏,5,5,5,5,0,0,0,0,0,无,高,商单依赖型：商单强且趋势好，短期转充电可能性极低
130636947,塑料叉FOKU,3081124,生活,日常,4,4,5,4.5,0,0,0,0,0,无,高,商单依赖型：商单强且趋势好，短期转充电可能性极低
240869947,美食强,1875488,美食,美食制作,2,5,1,2.25,0,0,0,0,0,无,低,商单衰退型：曾经商单强但趋势下行，充电转化黄金窗口
45024129,vamoko,1071553,时尚,仿妆cos,2,3,4,3.25,0,0,0,0,0,无,中,待激活型：商单一般充电弱，需运营介入
475513054,微醺的工程狗,33531,生活,家居房产,2,3,3,2.75,0,0,0,0,0,无,中,待激活型：商单一般充电弱，需运营介入
50621949,OldBa1,1723015,游戏,手机游戏,3,5,1,2.5,0,0,0,0,0,无,中,待激活型：商单一般充电弱，需运营介入
513305949,杨旭游记,1537900,汽车,房车,2,2,2,2,0,0,0,0,0,无,低,低活跃型：商单充电均弱，需评估内容潜力
37880130,玩音乐的EZ,1610086,音乐,演奏,2,3,2,2.25,0,0,0,0,0,无,低,低活跃型：商单充电均弱，需评估内容潜力
31225950,不是柯桑德,2428395,生活,日常,3,2,1,1.75,0,0,0,0,0,无,低,低活跃型：商单充电均弱，需评估内容潜力
1597108950,情风师兄,214890,科技,软件应用,2,3,4,3.25,0,0,0,0,0,无,中,待激活型：商单一般充电弱，需运营介入
7947131,影佑,521841,游戏,单机游戏,2,4,1,2,0,0,0,0,0,无,低,商单衰退型：曾经商单强但趋势下行，充电转化黄金窗口
163798131,邹丽贞-,44548,影视,短片,2,3,5,3.75,0,0,0,0,0,无,中,待激活型：商单一般充电弱，需运营介入
17239951,战辉,2776831,生活,搞笑,3,3,2,2.5,0,0,0,0,0,无,中,待激活型：商单一般充电弱，需运营介入
32992951,叶灿塘-,126017,影视,短片,2,3,2,2.25,0,0,0,0,0,无,低,低活跃型：商单充电均弱，需评估内容潜力
96153951,BR店长,366033,科技,数码,2,3,5,3.75,0,0,0,0,0,无,中,待激活型：商单一般充电弱，需运营介入
112025951,终宇飞,172366,游戏,单机游戏,2,5,4,3.75,0,0,0,0,0,无,中,待激活型：商单一般充电弱，需运营介入
2128509951,葛平,667725,娱乐,明星综合,2,2,3,2.5,0,0,0,0,0,无,中,待激活型：商单一般充电弱，需运营介入
11912132,旋风博文,1477835,动画,同人·手书,2,2,3,2.5,0,0,0,0,0,无,中,待激活型：商单一般充电弱，需运营介入
5055,小缘,1532657,生活,其他,2,3,1,1.75,0,0,0,0,0,无,低,低活跃型：商单充电均弱，需评估内容潜力
304578055,Mr迷瞪,2540706,生活,家居房产,4,4,5,4.5,0,0,0,0,0,无,高,商单依赖型：商单强且趋势好，短期转充电可能性极低
384122055,慎ninja,334229,游戏,电子竞技,2,5,3,3.25,0,0,0,0,0,无,中,待激活型：商单一般充电弱，需运营介入
524704055,大庆赶海,4762673,美食,田园美食,2,4,5,4,0,0,0,0,0,无,高,商单依赖型：商单强且趋势好，短期转充电可能性极低
1645067055,兔耳重工,589233,生活,搞笑,3,3,3,3,0,0,0,0,0,无,中,待激活型：商单一般充电弱，需运营介入
4029133,邵艾伦Alan,3079136,生活,综合,4,2,0,1.5,0,0,0,0,0,无,低,商单衰退型：曾经商单强但趋势下行，充电转化黄金窗口
8939133,满电轩Sir,181952,汽车,数码,2,1,0,0.75,0,0,0,0,0,无,低,低活跃型：商单充电均弱，需评估内容潜力
19348133,糖七又是糖九,419743,游戏,单机游戏,2,3,5,3.75,0,0,0,0,0,无,中,待激活型：商单一般充电弱，需运营介入
28355133,腿毛历险记,397248,生活,搞笑,2,4,1,2,0,0,0,0,0,无,低,商单衰退型：曾经商单强但趋势下行，充电转化黄金窗口
76666133,小歪-梁猛,1051765,影视,小剧场,3,4,1,2.25,0,0,0,0,0,无,低,商单衰退型：曾经商单强但趋势下行，充电转化黄金窗口
91542133,邪神_Karasu_,2401359,游戏,电子竞技,4,4,5,4.5,0,0,0,0,0,无,高,商单依赖型：商单强且趋势好，短期转充电可能性极低
510856133,吟游诗人基德,4177824,知识,科学科普,4,4,4,4,0,0,0,0,0,无,高,商单依赖型：商单强且趋势好，短期转充电可能性极低
406745134,阿银哦哦,1348701,生活,搞笑,3,3,1,2,0,0,0,0,0,无,低,低活跃型：商单充电均弱，需评估内容潜力
1612958134,冯牡丹无Emoji版,993660,生活,搞笑,2,3,2,2.25,0,0,0,0,0,无,低,低活跃型：商单充电均弱，需评估内容潜力
297136,孙探长笔记,876149,生活,出行,2,4,1,2,0,0,0,0,0,无,低,商单衰退型：曾经商单强但趋势下行，充电转化黄金窗口
1542136,三栗lili,530471,动画,MAD·AMV,3,4,2,2.75,0,0,0,0,0,无,中,待激活型：商单一般充电弱，需运营介入
10276136,诺子喵呜,2061549,动画,综合,3,4,5,4.25,0,0,0,0,0,无,高,商单依赖型：商单强且趋势好，短期转充电可能性极低
37672137,名字君Montage,545805,游戏,GMV,2,3,3,2.75,0,0,0,0,0,无,中,待激活型：商单一般充电弱，需运营介入
351739137,林海音Haiyin,794192,生活,数码,2,2,5,3.5,0,0,0,0,0,无,中,待激活型：商单一般充电弱，需运营介入
393885137,蒸饺zoraaa,94785,生活,手工,2,2,3,2.5,0,0,0,0,0,无,中,待激活型：商单一般充电弱，需运营介入
1930429137,-苏九酒-,293765,生活,绘画,2,2,0,1,0,0,0,0,0,无,低,低活跃型：商单充电均弱，需评估内容潜力
2354138,林肯DK,170352,游戏,单机游戏,3,3,2,2.5,0,0,0,0,0,无,中,待激活型：商单一般充电弱，需运营介入
269165138,杨小黑同学,197181,时尚,时尚潮流,2,2,5,3.5,0,0,0,0,0,无,中,待激活型：商单一般充电弱，需运营介入
20826656,糖果果的未来要发光,1045059,生活,日常,4,5,5,4.75,0,0,0,0,0,无,高,商单依赖型：商单强且趋势好，短期转充电可能性极低
548752139,苟酉goyo,311556,影视,小剧场,2,3,5,3.75,0,0,0,0,0,无,中,待激活型：商单一般充电弱，需运营介入
7518140,暂离二度,457320,鬼畜,鬼畜调教,2,3,1,1.75,0,0,0,0,0,无,低,低活跃型：商单充电均弱，需评估内容潜力
1809567655,何大爷课堂,2304024,知识,人文历史,3,2,5,3.75,0,0,0,0,0,无,中,待激活型：商单一般充电弱，需运营介入
516305899,灵霖七,824766,生活,日常,2,2,0,1,0,0,0,0,0,无,低,低活跃型：商单充电均弱，需评估内容潜力
273831140,渣叔爱酒,1112369,美食,美食侦探,2,3,2,2.25,0,0,0,0,0,无,低,低活跃型：商单充电均弱，需评估内容潜力
301392140,HeyJocelyn酱,234180,生活,日常,2,3,5,3.75,0,0,0,0,0,无,中,待激活型：商单一般充电弱，需运营介入
327552140,我是野农,484582,美食,田园美食,2,4,4,3.5,0,0,0,0,0,无,中,待激活型：商单一般充电弱，需运营介入
1284100140,芊芊老猫的日常,571570,科技,数码,3,3,4,3.5,0,0,0,0,0,无,中,待激活型：商单一般充电弱，需运营介入
6336952,老李船长,2724328,游戏,单机游戏,4,3,2,2.75,0,0,0,0,0,无,中,待激活型：商单一般充电弱，需运营介入
29067952,老管子游戏,261260,游戏,网络游戏,2,3,3,2.75,0,0,0,0,0,无,中,待激活型：商单一般充电弱，需运营介入
41955952,美男子Ro,742970,游戏,单机游戏,2,3,1,1.75,0,0,0,0,0,无,低,低活跃型：商单充电均弱，需评估内容潜力
313940952,鲁撸车,127523,汽车,汽车生活,2,1,0,0.75,0,0,0,0,0,无,低,低活跃型：商单充电均弱，需评估内容潜力
398486952,enndmee,738698,时尚,美妆护肤,2,2,5,3.5,0,0,0,0,0,无,中,待激活型：商单一般充电弱，需运营介入
67141,傲慢的小肉包,1696653,游戏,单机游戏,3,5,2,3,0,0,0,0,0,无,中,待激活型：商单一般充电弱，需运营介入
17596141,金花顺子,720186,知识,人文历史,2,3,5,3.75,0,0,0,0,0,无,中,待激活型：商单一般充电弱，需运营介入
86853141,冰淇淋不吃喵,501334,科技,数码,4,5,5,4.75,0,0,0,0,0,无,高,商单依赖型：商单强且趋势好，短期转充电可能性极低
525393141,京电实验室,853793,生活,仿妆cos,2,3,3,2.75,0,0,0,0,0,无,中,待激活型：商单一般充电弱，需运营介入
1244227141,穆天然-,468909,生活,搞笑,3,3,5,4,0,0,0,0,0,无,高,商单依赖型：商单强且趋势好，短期转充电可能性极低
1622776141,流量卡大悠悠-,277533,生活,日常,2,2,0,1,0,0,0,0,0,无,低,低活跃型：商单充电均弱，需评估内容潜力
4087953,BBGthisway,414224,生活,日常,4,4,4,4,0,0,0,0,0,无,高,商单依赖型：商单强且趋势好，短期转充电可能性极低
314891953,Leo和南瓜,1092,生活,出行,2,2,0,1,0,0,0,0,0,无,低,低活跃型：商单充电均弱，需评估内容潜力
647940953,科学大魔王,451480,知识,科学科普,2,4,5,4,0,0,0,0,0,无,高,商单依赖型：商单强且趋势好，短期转充电可能性极低
23175142,是洺阳不是洛阳,403554,游戏,手机游戏,2,4,4,3.5,0,0,0,0,0,无,中,待激活型：商单一般充电弱，需运营介入
11499954,橘猫殿下_,142684,科技,数码,2,4,2,2.5,0,0,0,0,0,无,中,待激活型：商单一般充电弱，需运营介入
330263954,正宗机OS,201083,生活,日常,2,4,4,3.5,0,0,0,0,0,无,中,待激活型：商单一般充电弱，需运营介入
440087143,小陈LOG,343176,生活,日常,2,3,4,3.25,0,0,0,0,0,无,中,待激活型：商单一般充电弱，需运营介入
6867955,小小桃纸哟,370414,游戏,单机游戏,2,5,3,3.25,0,0,0,0,0,无,中,待激活型：商单一般充电弱，需运营介入
75480955,念熙阿,1140369,游戏,手机游戏,4,5,3,3.75,0,0,0,0,0,无,中,待激活型：商单一般充电弱，需运营介入
1335461955,上官北丶,135988,科技,软件应用,2,4,2,2.5,0,0,0,0,0,无,中,待激活型：商单一般充电弱，需运营介入
7974144,草匠匠匠匠,723067,时尚,美妆护肤,2,1,3,2.25,0,0,0,0,0,无,低,低活跃型：商单充电均弱，需评估内容潜力
13164144,魔法Zc目录,3348132,游戏,手机游戏,4,5,1,2.75,0,0,0,0,0,无,中,待激活型：商单一般充电弱，需运营介入
479783146,超级蓝狼狼,779725,动画,同人·手书,2,3,3,2.75,0,0,0,0,0,无,中,待激活型：商单一般充电弱，需运营介入
30952147,大温温温,1050780,舞蹈,宅舞,2,4,0,1.5,0,0,0,0,0,无,低,商单衰退型：曾经商单强但趋势下行，充电转化黄金窗口
291937147,超级赛博仓鼠,420881,科技,数码,2,4,3,3,0,0,0,0,0,无,中,待激活型：商单一般充电弱，需运营介入
520228147,小杰大行政版,397276,影视,短片,2,4,5,4,0,0,0,0,0,无,高,商单依赖型：商单强且趋势好，短期转充电可能性极低
410439148,大雄show,211904,科技,数码,2,4,3,3,0,0,0,0,0,无,中,待激活型：商单一般充电弱，需运营介入
419735148,特殊研究所,174110,科技,数码,3,4,5,4.25,0,0,0,0,0,无,高,商单依赖型：商单强且趋势好，短期转充电可能性极低
516428148,最美中国家,173167,生活,家居房产,3,2,3,2.75,0,0,0,0,0,无,中,待激活型：商单一般充电弱，需运营介入
533337148,爱整活的豆芽,252909,科技,数码,2,3,4,3.25,0,0,0,0,0,无,中,待激活型：商单一般充电弱，需运营介入
1830028148,大喵同志,338084,动物圈,汪星人,2,3,5,3.75,0,0,0,0,0,无,中,待激活型：商单一般充电弱，需运营介入
8894149,麦咾源Bingo,1269536,游戏,单机游戏,3,4,2,2.75,0,0,0,0,0,无,中,待激活型：商单一般充电弱，需运营介入
246370149,33不是山山,1914378,游戏,单机游戏,2,2,0,1,0,0,0,0,0,无,低,低活跃型：商单充电均弱，需评估内容潜力
14636150,键盘侠赤瞳妖,286455,科技,数码,3,5,5,4.5,0,0,0,0,0,无,高,商单依赖型：商单强且趋势好，短期转充电可能性极低
27218150,刘哔电影,3918317,影视,影视杂谈,3,4,2,2.75,0,0,0,0,0,无,中,待激活型：商单一般充电弱，需运营介入
57729150,阿鱼酱本酱,289846,美食,美食记录,2,3,4,3.25,0,0,0,0,0,无,中,待激活型：商单一般充电弱，需运营介入
325428150,高天天天翔,287936,影视,小剧场,2,3,2,2.25,0,0,0,0,0,无,低,低活跃型：商单充电均弱，需评估内容潜力
28098151,栗川芥,1088125,时尚,仿妆cos,2,2,5,3.5,0,0,0,0,0,无,中,待激活型：商单一般充电弱，需运营介入
359922151,烟花Plush,71367,科技,数码,2,5,4,3.75,0,0,0,0,0,无,中,待激活型：商单一般充电弱，需运营介入
27914152,奇映记,178548,生活,出行,2,4,4,3.5,0,0,0,0,0,无,中,待激活型：商单一般充电弱，需运营介入
238165152,闲人1943,659218,鬼畜,鬼畜剧场,2,4,5,4,0,0,0,0,0,无,高,商单依赖型：商单强且趋势好，短期转充电可能性极低
256468152,汉青书半霍去病,527716,运动,足球,2,4,1,2,0,0,0,0,0,无,低,商单衰退型：曾经商单强但趋势下行，充电转化黄金窗口
400192152,小辰出击,263053,科技,数码,3,5,4,4,0,0,0,0,0,无,高,商单依赖型：商单强且趋势好，短期转充电可能性极低
423738152,俏佳人xxx,3409675,知识,社科·法律·心理,4,3,3,3.25,0,0,0,0,0,无,中,待激活型：商单一般充电弱，需运营介入
470839152,图图图酱吖,2107228,游戏,单机游戏,2,5,3,3.25,0,0,0,0,0,无,中,待激活型：商单一般充电弱，需运营介入
1774743152,小柔SeeU,1111567,时尚,仿妆cos,2,1,0,0.75,0,0,0,0,0,无,低,低活跃型：商单充电均弱，需评估内容潜力
8599153,喵仙人ovo,662375,游戏,网络游戏,2,5,5,4.25,0,0,0,0,0,无,高,商单依赖型：商单强且趋势好，短期转充电可能性极低
9064153,熊哥BigBearTV,9487,科技,数码,2,4,3,3,0,0,0,0,0,无,中,待激活型：商单一般充电弱，需运营介入
310343153,卡卡的鼓捣日记,128397,科技,数码,2,2,2,2,0,0,0,0,0,无,低,低活跃型：商单充电均弱，需评估内容潜力
312705153,一块儿月饼,280578,美食,美食测评,2,4,2,2.5,0,0,0,0,0,无,中,待激活型：商单一般充电弱，需运营介入
392519153,詹志斌同学,47444,汽车,新能源车,3,2,1,1.75,0,0,0,0,0,无,低,低活跃型：商单充电均弱，需评估内容潜力
1659154,下班威龙,294187,美食,美食侦探,3,5,3,3.5,0,0,0,0,0,无,中,待激活型：商单一般充电弱，需运营介入
39902155,futsu白neko,21919,游戏,手机游戏,2,5,1,2.25,0,0,0,0,0,无,低,商单衰退型：曾经商单强但趋势下行，充电转化黄金窗口
189283155,锌之助吖,805306,动画,同人·手书,2,2,0,1,0,0,0,0,0,无,低,低活跃型：商单充电均弱，需评估内容潜力
8969156,小白测评,4629663,科技,数码,5,5,5,5,0,0,0,0,0,无,高,商单依赖型：商单强且趋势好，短期转充电可能性极低
476420655,漠生铁铁,322068,生活,出行,2,5,2,2.75,0,0,0,0,0,无,中,待激活型：商单一般充电弱，需运营介入
513394156,What_The_Jarvis,74067,科技,数码,2,4,2,2.5,0,0,0,0,0,无,中,待激活型：商单一般充电弱，需运营介入
3079157,鱼丸队长,309649,知识,社科·法律·心理,2,3,1,1.75,0,0,0,0,0,无,低,低活跃型：商单充电均弱，需评估内容潜力
477782158,电丸科技AK,613336,科技,数码,3,3,3,3,0,0,0,0,0,无,中,待激活型：商单一般充电弱，需运营介入
690820158,三驱兄弟,579414,汽车,新能源车,4,4,5,4.5,0,0,0,0,0,无,高,商单依赖型：商单强且趋势好，短期转充电可能性极低
8299159,特别厉害的祁奕翔,784936,音乐,音乐综合,2,4,2,2.5,0,0,0,0,0,无,中,待激活型：商单一般充电弱，需运营介入
674345159,王者荣耀牙膏光信酱,1114912,游戏,电子竞技,2,2,2,2,0,0,0,0,0,无,低,低活跃型：商单充电均弱，需评估内容潜力
154113956,日向源,1605663,游戏,单机游戏,4,5,4,4.25,0,0,0,0,0,无,高,商单依赖型：商单强且趋势好，短期转充电可能性极低
493570956,欧阳春晓Aurora,7478298,运动,健身,4,3,2,2.75,0,0,0,0,0,无,中,待激活型：商单一般充电弱，需运营介入
1340582056,随缘小童,169121,生活,日常,3,2,3,2.75,0,0,0,0,0,无,中,待激活型：商单一般充电弱，需运营介入
6989655,马鹿blyat,3583170,科技,数码,2,1,0,0.75,0,0,0,0,0,无,低,低活跃型：商单充电均弱，需评估内容潜力
49960899,BuriedAlien,1502209,影视,影视杂谈,3,5,4,4,0,0,0,0,0,无,高,商单依赖型：商单强且趋势好，短期转充电可能性极低
55801838,彭弘Red,286351,生活,日常,2,3,0,1.25,0,0,0,0,0,无,低,低活跃型：商单充电均弱，需评估内容潜力
19226160,橙红Iris,807969,科技,数码,4,4,5,4.5,0,0,0,0,0,无,高,商单依赖型：商单强且趋势好，短期转充电可能性极低
28284160,瞬鸽鸽,957027,鬼畜,鬼畜调教,3,4,3,3.25,0,0,0,0,0,无,中,待激活型：商单一般充电弱，需运营介入
35989160,南门录像厅,666220,付费,综合,2,2,5,3.5,0,0,0,0,0,无,中,待激活型：商单一般充电弱，需运营介入
48394160,悠闲的蚊子,200064,游戏,单机游戏,2,5,1,2.25,0,0,0,0,0,无,低,商单衰退型：曾经商单强但趋势下行，充电转化黄金窗口
547707160,七月Altair,199305,游戏,手机游戏,2,4,4,3.5,0,0,0,0,0,无,中,待激活型：商单一般充电弱，需运营介入
512193161,某门卫,911322,动画,同人·手书,2,4,5,4,0,0,0,0,0,无,高,商单依赖型：商单强且趋势好，短期转充电可能性极低
18937162,请不要叫我测评君,578800,科技,数码,4,4,2,3,0,0,0,0,0,无,中,待激活型：商单一般充电弱，需运营介入
451645162,跑步的子章老师,1558775,运动,健身,2,2,5,3.5,0,0,0,0,0,无,中,待激活型：商单一般充电弱，需运营介入
2390163,蒙娜丽鲨鱼,219757,影视,影视剪辑,2,4,2,2.5,0,0,0,0,0,无,中,待激活型：商单一般充电弱，需运营介入
15002163,拧不动啊真拧不动,2087752,游戏,单机游戏,2,3,1,1.75,0,0,0,0,0,无,低,低活跃型：商单充电均弱，需评估内容潜力
299580163,搞事明天玩什么,1165340,生活,手工,3,4,5,4.25,0,0,0,0,0,无,高,商单依赖型：商单强且趋势好，短期转充电可能性极低
454557163,稽木白柏cypress,768804,游戏,单机游戏,3,3,1,2,0,0,0,0,0,无,低,低活跃型：商单充电均弱，需评估内容潜力
270885164,飞特那斯,1376197,运动,健身,3,3,1,2,0,0,0,0,0,无,低,低活跃型：商单充电均弱，需评估内容潜力
456404164,皮科医生魏小博,2081696,知识,科学科普,4,4,5,4.5,0,0,0,0,0,无,高,商单依赖型：商单强且趋势好，短期转充电可能性极低
129581654,可达Hutch,162888,游戏,单机游戏,2,3,5,3.75,0,0,0,0,0,无,中,待激活型：商单一般充电弱，需运营介入
1130268164,霹雳小威,150871,生活,日常,3,3,5,4,0,0,0,0,0,无,高,商单依赖型：商单强且趋势好，短期转充电可能性极低
1532165,papi酱,9081332,生活,搞笑,3,2,5,3.75,0,0,0,0,0,无,中,待激活型：商单一般充电弱，需运营介入
498099165,一颗小兔娘,2685762,时尚,仿妆cos,2,3,1,1.75,0,0,0,0,0,无,低,低活跃型：商单充电均弱，需评估内容潜力
1056084165,天天的跑步频道,26135,运动,运动文化,2,5,2,2.75,0,0,0,0,0,无,中,待激活型：商单一般充电弱，需运营介入
1112568165,汤山老王,896683,知识,财经商业,2,2,0,1,0,0,0,0,0,无,低,低活跃型：商单充电均弱，需评估内容潜力
21540057,追风Mia_,576202,汽车,摩托车,4,4,5,4.5,0,0,0,0,0,无,高,商单依赖型：商单强且趋势好，短期转充电可能性极低
6762654,桐漾漾,533152,游戏,电子竞技,3,4,1,2.25,0,0,0,0,0,无,低,商单衰退型：曾经商单强但趋势下行，充电转化黄金窗口
576899,w百合欧皇子ww,895997,生活,日常,2,3,2,2.25,0,0,0,0,0,无,低,低活跃型：商单充电均弱，需评估内容潜力
487505057,池早是我,842806,生活,日常,2,1,3,2.25,0,0,0,0,0,无,低,低活跃型：商单充电均弱，需评估内容潜力
21926058,红酥HONGSU,251296,科技,数码,3,5,2,3,0,0,0,0,0,无,中,待激活型：商单一般充电弱，需运营介入
392221058,王蒙多,887795,美食,美食测评,2,3,0,1.25,0,0,0,0,0,无,低,低活跃型：商单充电均弱，需评估内容潜力
416109058,Alex搞机所,139457,游戏,手机游戏,3,3,5,4,0,0,0,0,0,无,高,商单依赖型：商单强且趋势好，短期转充电可能性极低
1398957,树深时见鹿dear,1017169,鬼畜,鬼畜调教,3,4,1,2.25,0,0,0,0,0,无,低,商单衰退型：曾经商单强但趋势下行，充电转化黄金窗口
6065166,川同学不穿童鞋,1020405,游戏,网络游戏,3,4,1,2.25,0,0,0,0,0,无,低,商单衰退型：曾经商单强但趋势下行，充电转化黄金窗口
346059,呜喵Mania,861845,动画,动漫杂谈,3,5,4,4,0,0,0,0,0,无,高,商单依赖型：商单强且趋势好，短期转充电可能性极低
375191059,小只芋,1063303,游戏,网络游戏,2,5,4,3.75,0,0,0,0,0,无,中,待激活型：商单一般充电弱，需运营介入
50844167,可靠de伏特加,851824,动画,同人·手书,4,5,2,3.25,0,0,0,0,0,无,中,待激活型：商单一般充电弱，需运营介入
419121167,-勾魂公狒狒-,2271935,游戏,单机游戏,2,3,2,2.25,0,0,0,0,0,无,低,低活跃型：商单充电均弱，需评估内容潜力
7612168,未知老D,205819,国创,国产原创相关,2,5,2,2.75,0,0,0,0,0,无,中,待激活型：商单一般充电弱，需运营介入
23423168,棉白有点笨,2193962,生活,搞笑,3,4,2,2.75,0,0,0,0,0,无,中,待激活型：商单一般充电弱，需运营介入
138624168,方猫boom,653527,知识,科学科普,2,2,3,2.5,0,0,0,0,0,无,中,待激活型：商单一般充电弱，需运营介入
1742004653,寅山,1058371,生活,日常,3,4,2,2.75,0,0,0,0,0,无,中,待激活型：商单一般充电弱，需运营介入
495695169,锤子game,1058621,游戏,网络游戏,3,3,1,2,0,0,0,0,0,无,低,低活跃型：商单充电均弱，需评估内容潜力
549367169,类星频道,74106,汽车,新能源车,3,2,3,2.75,0,0,0,0,0,无,中,待激活型：商单一般充电弱，需运营介入
412588171,黄靖翔Nathaniel,291984,时尚,仿妆cos,2,2,5,3.5,0,0,0,0,0,无,中,待激活型：商单一般充电弱，需运营介入
15167172,毒影子,406639,动画,同人·手书,2,1,0,0.75,0,0,0,0,0,无,低,低活跃型：商单充电均弱，需评估内容潜力
11764597,今天的怪胎有点骚,262850,游戏,手机游戏,2,5,2,2.75,0,0,0,0,0,无,中,待激活型：商单一般充电弱，需运营介入
649661652,胖龙的小生活,2278233,美食,美食记录,3,5,5,4.5,0,0,0,0,0,无,高,商单依赖型：商单强且趋势好，短期转充电可能性极低
17792838,顾与有双小长腿,57389,游戏,单机游戏,2,5,4,3.75,0,0,0,0,0,无,中,待激活型：商单一般充电弱，需运营介入
1494817710,请叫我吴有才,342785,游戏,单机游戏,2,3,2,2.25,0,0,0,0,0,无,低,低活跃型：商单充电均弱，需评估内容潜力
70942172,貔柴,906769,影视,影视杂谈,2,5,2,2.75,0,0,0,0,0,无,中,待激活型：商单一般充电弱，需运营介入
353368172,AHALOLO,1492327,时尚,时尚潮流,4,4,4,4,0,0,0,0,0,无,高,商单依赖型：商单强且趋势好，短期转充电可能性极低
1455861172,剑客范十三,2581037,运动,运动综合,4,4,1,2.5,0,0,0,0,0,无,中,待激活型：商单一般充电弱，需运营介入
112366173,菇菇和呱呱,217048,科技,数码,3,4,3,3.25,0,0,0,0,0,无,中,待激活型：商单一般充电弱，需运营介入
4242174,炒蛋车间长,1080887,动画,模玩·周边,3,3,2,2.5,0,0,0,0,0,无,中,待激活型：商单一般充电弱，需运营介入
50070958,Tattoo牛鞋记,183143,时尚,穿搭,2,4,5,4,0,0,0,0,0,无,高,商单依赖型：商单强且趋势好，短期转充电可能性极低
673779175,量子位,664840,知识,科学科普,2,2,4,3,0,0,0,0,0,无,中,待激活型：商单一般充电弱，需运营介入
27326959,穷评,303928,科技,数码,2,3,5,3.75,0,0,0,0,0,无,中,待激活型：商单一般充电弱，需运营介入
100436959,种子岚,5166,动画,同人·手书,2,1,0,0.75,0,0,0,0,0,无,低,低活跃型：商单充电均弱，需评估内容潜力
2054720959,凝风2333,512453,游戏,电子竞技,2,4,3,3,0,0,0,0,0,无,中,待激活型：商单一般充电弱，需运营介入
2114901959,谭井同学,225759,生活,手工,2,5,2,2.75,0,0,0,0,0,无,中,待激活型：商单一般充电弱，需运营介入
72677176,颜如晶,141993,运动,健身,2,1,0,0.75,0,0,0,0,0,无,低,低活跃型：商单充电均弱，需评估内容潜力
1911043176,MiuMiu家电坊,126793,舞蹈,宅舞,3,3,5,4,0,0,0,0,0,无,高,商单依赖型：商单强且趋势好，短期转充电可能性极低
8063177,胸肌很大的良小伞,49018,生活,日常,2,2,0,1,0,0,0,0,0,无,低,低活跃型：商单充电均弱，需评估内容潜力
957060,那岩KJMX,807746,科技,数码,3,1,0,1,0,0,0,0,0,无,低,低活跃型：商单充电均弱，需评估内容潜力
23079060,不自由摄影师winga,942061,知识,野生技能协会,4,3,2,2.75,0,0,0,0,0,无,中,待激活型：商单一般充电弱，需运营介入
83987060,南原不圆,1334826,游戏,手机游戏,3,3,2,2.5,0,0,0,0,0,无,中,待激活型：商单一般充电弱，需运营介入
499460060,木头的海边小镇,57769,生活,出行,2,3,4,3.25,0,0,0,0,0,无,中,待激活型：商单一般充电弱，需运营介入
1195684060,朱文晖,402454,知识,社科·法律·心理,2,2,0,1,0,0,0,0,0,无,低,低活跃型：商单充电均弱，需评估内容潜力
318355178,万能的恰恰同学,400557,科技,数码,3,5,5,4.5,0,0,0,0,0,无,高,商单依赖型：商单强且趋势好，短期转充电可能性极低
313580179,九三的耳朵不是特别好,3674768,音乐,翻唱,3,3,4,3.5,0,0,0,0,0,无,中,待激活型：商单一般充电弱，需运营介入
1429419180,闲不住的画笔,732977,动画,同人·手书,2,3,2,2.25,0,0,0,0,0,无,低,低活跃型：商单充电均弱，需评估内容潜力
451618887,艺术家阿克曼,1361548,游戏,电子竞技,2,5,2,2.75,0,0,0,0,0,无,中,待激活型：商单一般充电弱，需运营介入
50444181,飞飞舰长,817913,生活,极客DIY,3,2,5,3.75,0,0,0,0,0,无,中,待激活型：商单一般充电弱，需运营介入
22697887,芝士华莱士,369685,科技,数码,2,4,5,4,0,0,0,0,0,无,高,商单依赖型：商单强且趋势好，短期转充电可能性极低
27756469,奶糕成精档案社,2065764,动物圈,喵星人,3,2,2,2.25,0,0,0,0,0,无,低,低活跃型：商单充电均弱，需评估内容潜力
14254182,黑椒墨鱼,1682849,游戏,单机游戏,3,4,2,2.75,0,0,0,0,0,无,中,待激活型：商单一般充电弱，需运营介入
149890182,老师好我叫飞莎儿,1100674,游戏,手机游戏,2,5,2,2.75,0,0,0,0,0,无,中,待激活型：商单一般充电弱，需运营介入
323588182,毒舌电影编辑部,1348356,影视,影视杂谈,3,4,1,2.25,0,0,0,0,0,无,低,商单衰退型：曾经商单强但趋势下行，充电转化黄金窗口
395845182,有梦想的阿肯老师,784154,科技,数码,2,3,3,2.75,0,0,0,0,0,无,中,待激活型：商单一般充电弱，需运营介入
410505182,小白打野,509140,游戏,电子竞技,2,4,2,2.5,0,0,0,0,0,无,中,待激活型：商单一般充电弱，需运营介入
393256183,嘉伟室内设计,2347719,生活,家居房产,4,4,5,4.5,0,0,0,0,0,无,高,商单依赖型：商单强且趋势好，短期转充电可能性极低
417038183,Q肉儿串儿,171646,生活,搞笑,2,5,5,4.25,0,0,0,0,0,无,高,商单依赖型：商单强且趋势好，短期转充电可能性极低
652137183,六分超超,896385,科技,数码,4,4,5,4.5,0,0,0,0,0,无,高,商单依赖型：商单强且趋势好，短期转充电可能性极低
18513184,模野望,169931,动画,模玩·周边,2,4,4,3.5,0,0,0,0,0,无,中,待激活型：商单一般充电弱，需运营介入
92568184,福乐小哥,1183226,生活,日常,3,2,0,1.25,0,0,0,0,0,无,低,低活跃型：商单充电均弱，需评估内容潜力
1780480185,飓多多StormCrew,3568146,生活,日常,5,4,3,3.75,0,0,0,0,0,无,中,待激活型：商单一般充电弱，需运营介入
632887,伢伢gagako,2746049,舞蹈,宅舞,4,4,2,3,0,0,0,0,0,无,中,待激活型：商单一般充电弱，需运营介入
157258960,解密狗,452029,知识,财经商业,2,5,4,3.75,0,0,0,0,0,无,中,待激活型：商单一般充电弱，需运营介入
664185960,壹元影视,159249,影视,影视杂谈,2,5,1,2.25,0,0,0,0,0,无,低,商单衰退型：曾经商单强但趋势下行，充电转化黄金窗口
5024187,龙三条,1585224,动画,综合,2,5,5,4.25,0,0,0,0,0,无,高,商单依赖型：商单强且趋势好，短期转充电可能性极低
101682188,理查不会降落,1556730,美食,美食记录,2,3,5,3.75,0,0,0,0,0,无,中,待激活型：商单一般充电弱，需运营介入
288186188,小周DD潮流频道,192763,时尚,穿搭,2,4,5,4,0,0,0,0,0,无,高,商单依赖型：商单强且趋势好，短期转充电可能性极低
201189,先玩数码PlayFirst,130697,科技,数码,3,4,5,4.25,0,0,0,0,0,无,高,商单依赖型：商单强且趋势好，短期转充电可能性极低
546189,小Q不是导盲犬,3159001,知识,社科·法律·心理,3,4,5,4.25,0,0,0,0,0,无,高,商单依赖型：商单强且趋势好，短期转充电可能性极低
35956189,业琊,150917,游戏,单机游戏,2,3,4,3.25,0,0,0,0,0,无,中,待激活型：商单一般充电弱，需运营介入
22871593,喜欢草莓的橘子可,475508,游戏,网络游戏,2,3,4,3.25,0,0,0,0,0,无,中,待激活型：商单一般充电弱，需运营介入
336716468,小柳Salix,151727,生活,出行,3,4,5,4.25,0,0,0,0,0,无,高,商单依赖型：商单强且趋势好，短期转充电可能性极低
15832838,喜欢就买JustBuy,254914,科技,数码,2,5,4,3.75,0,0,0,0,0,无,中,待激活型：商单一般充电弱，需运营介入
1867191,GT凯麒,517856,游戏,单机游戏,2,4,2,2.5,0,0,0,0,0,无,中,待激活型：商单一般充电弱，需运营介入
3923192,贞子姑凉,148971,游戏,单机游戏,2,4,3,3,0,0,0,0,0,无,中,待激活型：商单一般充电弱，需运营介入
4490192,周周与庄庄,1745664,游戏,单机游戏,2,2,0,1,0,0,0,0,0,无,低,低活跃型：商单充电均弱，需评估内容潜力
29296192,虫哥说电影,3353184,影视,影视杂谈,3,4,4,3.75,0,0,0,0,0,无,中,待激活型：商单一般充电弱，需运营介入
649019192,方芳的快乐生活,1963269,美食,美食侦探,4,5,5,4.75,0,0,0,0,0,无,高,商单依赖型：商单强且趋势好，短期转充电可能性极低
1471387192,机不宇,326419,美食,美食制作,3,5,5,4.5,0,0,0,0,0,无,高,商单依赖型：商单强且趋势好，短期转充电可能性极低
1626552192,小牙一杯,808160,美食,美食制作,2,2,3,2.5,0,0,0,0,0,无,中,待激活型：商单一般充电弱，需运营介入
599193,Luminous_J,324613,游戏,手机游戏,2,5,3,3.25,0,0,0,0,0,无,中,待激活型：商单一般充电弱，需运营介入
633193,离谱的东仔,323470,游戏,单机游戏,2,3,3,2.75,0,0,0,0,0,无,中,待激活型：商单一般充电弱，需运营介入
34578193,爱吃肉的黑皮,40498,科技,数码,2,5,4,3.75,0,0,0,0,0,无,中,待激活型：商单一般充电弱，需运营介入
1191876193,光影棱镜ShadowPrism,414673,知识,科学科普,2,3,3,2.75,0,0,0,0,0,无,中,待激活型：商单一般充电弱，需运营介入
3913194,高斯Goh,5465045,游戏,桌游棋牌,3,3,1,2,0,0,0,0,0,无,低,低活跃型：商单充电均弱，需评估内容潜力
5687194,银发の半精灵,682052,动画,MAD·AMV,2,4,3,3,0,0,0,0,0,无,中,待激活型：商单一般充电弱，需运营介入
85644194,糖果果的陈同学,162104,生活,日常,3,4,3,3.25,0,0,0,0,0,无,中,待激活型：商单一般充电弱，需运营介入
472747194,巫师财经,4260033,知识,财经商业,4,4,3,3.5,0,0,0,0,0,无,中,待激活型：商单一般充电弱，需运营介入
546195,老番茄,20317845,游戏,单机游戏,5,5,1,3,0,0,0,0,0,无,中,待激活型：商单一般充电弱，需运营介入
23263195,丷Bling,364967,游戏,网络游戏,2,4,2,2.5,0,0,0,0,0,无,中,待激活型：商单一般充电弱，需运营介入
53737196,食事史馆,1896336,知识,人文历史,3,5,3,3.5,0,0,0,0,0,无,中,待激活型：商单一般充电弱，需运营介入
149309196,大又元,479250,知识,社科·法律·心理,2,4,1,2,0,0,0,0,0,无,低,商单衰退型：曾经商单强但趋势下行，充电转化黄金窗口
438074196,闲D嘞,845439,美食,美食测评,3,4,4,3.75,0,0,0,0,0,无,中,待激活型：商单一般充电弱，需运营介入
562197,中国BOY超级大猩猩,10683598,游戏,单机游戏,4,4,2,3,0,0,0,0,0,无,中,待激活型：商单一般充电弱，需运营介入
18672197,小冯整挺好,95234,科技,数码,2,3,5,3.75,0,0,0,0,0,无,中,待激活型：商单一般充电弱，需运营介入
43611197,比比老师,1746778,生活,搞笑,3,5,2,3,0,0,0,0,0,无,中,待激活型：商单一般充电弱，需运营介入
545965197,烁一不贰,290028,知识,人文历史,2,5,4,3.75,0,0,0,0,0,无,中,待激活型：商单一般充电弱，需运营介入
500198,水王陶宇杰,218195,生活,搞笑,2,3,2,2.25,0,0,0,0,0,无,低,低活跃型：商单充电均弱，需评估内容潜力
4779198,九品芝麻铲屎官,960808,动物圈,汪星人,3,2,2,2.25,0,0,0,0,0,无,低,低活跃型：商单充电均弱，需评估内容潜力
287003199,艾力弗恩,1409446,音乐,乐评盘点,3,5,4,4,0,0,0,0,0,无,高,商单依赖型：商单强且趋势好，短期转充电可能性极低
451007199,小原嘉-嘉嘉,35150,生活,家居房产,3,4,5,4.25,0,0,0,0,0,无,高,商单依赖型：商单强且趋势好，短期转充电可能性极低
521990199,简单玩家js,1134357,动画,同人·手书,2,3,5,3.75,0,0,0,0,0,无,中,待激活型：商单一般充电弱，需运营介入
70744200,天师道的白山正,1030204,国创,国产原创相关,3,5,2,3,0,0,0,0,0,无,中,待激活型：商单一般充电弱，需运营介入
108331200,_张天琪,2016537,生活,搞笑,2,1,0,0.75,0,0,0,0,0,无,低,低活跃型：商单充电均弱，需评估内容潜力
378828200,疯狂大笑总,2534231,生活,搞笑,2,3,5,3.75,0,0,0,0,0,无,中,待激活型：商单一般充电弱，需运营介入
10874201,盒子酸奶,3697057,游戏,单机游戏,2,2,0,1,0,0,0,0,0,无,低,低活跃型：商单充电均弱，需评估内容潜力
24301201,马蹄厨房,1774432,美食,美食制作,3,3,4,3.5,0,0,0,0,0,无,中,待激活型：商单一般充电弱，需运营介入
103128201,辉耀计划,343152,游戏,网络游戏,2,5,2,2.75,0,0,0,0,0,无,中,待激活型：商单一般充电弱，需运营介入
700608201,好屏如潮,729133,科技,数码,4,5,5,4.75,0,0,0,0,0,无,高,商单依赖型：商单强且趋势好，短期转充电可能性极低
1042277203,星雨Starrain,1556507,游戏,单机游戏,2,3,5,3.75,0,0,0,0,0,无,中,待激活型：商单一般充电弱，需运营介入
7552204,啊吗粽,4895246,生活,搞笑,4,4,3,3.5,0,0,0,0,0,无,中,待激活型：商单一般充电弱，需运营介入
15243204,亖壹,718325,生活,手工,2,4,2,2.5,0,0,0,0,0,无,中,待激活型：商单一般充电弱，需运营介入
11799651,利利川,1366449,知识,人文历史,2,2,1,1.5,0,0,0,0,0,无,低,低活跃型：商单充电均弱，需评估内容潜力
330378204,西八耶,173792,游戏,单机游戏,2,4,5,4,0,0,0,0,0,无,高,商单依赖型：商单强且趋势好，短期转充电可能性极低
475961,翼王,786170,科技,数码,3,3,4,3.5,0,0,0,0,0,无,中,待激活型：商单一般充电弱，需运营介入
3899770,旺卡_Wonka,387376,生活,搞笑,2,5,2,2.75,0,0,0,0,0,无,中,待激活型：商单一般充电弱，需运营介入
264869770,丰言疯话,1071152,知识,社科·法律·心理,2,4,2,2.5,0,0,0,0,0,无,中,待激活型：商单一般充电弱，需运营介入
487215770,农民工川哥,1140124,美食,美食记录,2,5,4,3.75,0,0,0,0,0,无,中,待激活型：商单一般充电弱，需运营介入
4079592,机核GCORES,629233,游戏,单机游戏,2,1,3,2.25,0,0,0,0,0,无,低,低活跃型：商单充电均弱，需评估内容潜力
598464467,苏星河牛通,3141835,科技,软件应用,5,5,5,5,0,0,0,0,0,无,高,商单依赖型：商单强且趋势好，短期转充电可能性极低
405561962,旅行摄影师唐僧,298449,科技,数码,2,2,0,1,0,0,0,0,0,无,低,低活跃型：商单充电均弱，需评估内容潜力
44222886,阿玮是人,439836,游戏,单机游戏,2,4,3,3,0,0,0,0,0,无,中,待激活型：商单一般充电弱，需运营介入
1283676771,不加醋的氨基酸,396904,知识,职业职场,2,3,5,3.75,0,0,0,0,0,无,中,待激活型：商单一般充电弱，需运营介入
410964,胖雪人Ozu,1462174,生活,搞笑,3,2,1,1.75,0,0,0,0,0,无,低,低活跃型：商单充电均弱，需评估内容潜力
424964,有趣的INTJ狼,91920,科技,数码,2,4,5,4,0,0,0,0,0,无,高,商单依赖型：商单强且趋势好，短期转充电可能性极低
17514964,answer824,231042,时尚,穿搭,3,5,5,4.5,0,0,0,0,0,无,高,商单依赖型：商单强且趋势好，短期转充电可能性极低
138780964,新评科技,886337,科技,数码,4,4,2,3,0,0,0,0,0,无,中,待激活型：商单一般充电弱，需运营介入
315487964,Z11-Studio,392115,科技,数码,2,2,0,1,0,0,0,0,0,无,低,低活跃型：商单充电均弱，需评估内容潜力
9294886,Shortlegs闻韬,594032,生活,日常,3,4,5,4.25,0,0,0,0,0,无,高,商单依赖型：商单强且趋势好，短期转充电可能性极低
485105467,家电没事吧,108960,生活,日常,2,2,5,3.5,0,0,0,0,0,无,中,待激活型：商单一般充电弱，需运营介入
450882837,一叮当猫一,2190720,游戏,手机游戏,4,5,3,3.75,0,0,0,0,0,无,中,待激活型：商单一般充电弱，需运营介入
473519710,steam情报局,1640078,游戏,单机游戏,3,5,4,4,0,0,0,0,0,无,高,商单依赖型：商单强且趋势好，短期转充电可能性极低
313551414,UX_有思,298243,科技,数码,2,2,3,2.5,0,0,0,0,0,无,中,待激活型：商单一般充电弱，需运营介入
7873222,修2,357170,鬼畜,鬼畜剧场,3,5,5,4.5,0,0,0,0,0,无,高,商单依赖型：商单强且趋势好，短期转充电可能性极低
1385037217,痞仔伯爵,623738,科技,数码,3,4,4,3.75,0,0,0,0,0,无,中,待激活型：商单一般充电弱，需运营介入
21648772,晓丹小仙女儿,1518827,舞蹈,日常,3,3,3,3,0,0,0,0,0,无,中,待激活型：商单一般充电弱，需运营介入
332040772,买啥都测评的Jerry,24179,游戏,手机游戏,2,5,5,4.25,0,0,0,0,0,无,高,商单依赖型：商单强且趋势好，短期转充电可能性极低
403072772,在下油甘,834024,游戏,手机游戏,3,5,3,3.5,0,0,0,0,0,无,中,待激活型：商单一般充电弱，需运营介入
1201694772,荧幕玩家,262574,科技,数码,2,3,4,3.25,0,0,0,0,0,无,中,待激活型：商单一般充电弱，需运营介入
1368498772,你哇哥233,1499548,音乐,翻唱,2,4,2,2.5,0,0,0,0,0,无,中,待激活型：商单一般充电弱，需运营介入
8040773,零时钟点工,153828,动画,同人·手书,2,4,3,3,0,0,0,0,0,无,中,待激活型：商单一般充电弱，需运营介入
39984773,GLAT巩振宁,285398,科技,数码,4,5,5,4.75,0,0,0,0,0,无,高,商单依赖型：商单强且趋势好，短期转充电可能性极低
208599773,九品丸子,121032,游戏,电子竞技,2,3,5,3.75,0,0,0,0,0,无,中,待激活型：商单一般充电弱，需运营介入
406251773,叫父Superfast,441978,汽车,汽车生活,3,3,3,3,0,0,0,0,0,无,中,待激活型：商单一般充电弱，需运营介入
910774,木下结草,606384,游戏,电子竞技,2,3,5,3.75,0,0,0,0,0,无,中,待激活型：商单一般充电弱，需运营介入
38568774,鬼叔黍,3802384,游戏,手机游戏,3,5,5,4.5,0,0,0,0,0,无,高,商单依赖型：商单强且趋势好，短期转充电可能性极低
472989774,须賀圭介,646195,动画,MAD·AMV,3,5,4,4,0,0,0,0,0,无,高,商单依赖型：商单强且趋势好，短期转充电可能性极低
39800775,付贵儿z,268709,生活,家居房产,2,4,5,4,0,0,0,0,0,无,高,商单依赖型：商单强且趋势好，短期转充电可能性极低
419836775,鹿哥Gustav,143656,知识,科学科普,2,4,5,4,0,0,0,0,0,无,高,商单依赖型：商单强且趋势好，短期转充电可能性极低
429306775,王洪浩的lu,256660,汽车,改装玩车,3,2,3,2.75,0,0,0,0,0,无,中,待激活型：商单一般充电弱，需运营介入
2109776,符瑶koritsu,1106831,动画,综合,2,5,2,2.75,0,0,0,0,0,无,中,待激活型：商单一般充电弱，需运营介入
412704776,不高兴就喝水,604733,知识,职业职场,3,2,0,1.25,0,0,0,0,0,无,低,低活跃型：商单充电均弱，需评估内容潜力
1746925776,电车室长,5519,汽车,新能源车,3,1,0,1,0,0,0,0,0,无,低,低活跃型：商单充电均弱，需评估内容潜力
17478777,一只白色QvQ,1252009,游戏,手机游戏,2,5,5,4.25,0,0,0,0,0,无,高,商单依赖型：商单强且趋势好，短期转充电可能性极低
24717777,老汤与扎扎,33059,生活,家居房产,2,4,5,4,0,0,0,0,0,无,高,商单依赖型：商单强且趋势好，短期转充电可能性极低
11667778,阿北今天也好困,182438,游戏,网络游戏,2,5,2,2.75,0,0,0,0,0,无,中,待激活型：商单一般充电弱，需运营介入
149574778,即刻自然说,752445,动物圈,动物二创,2,4,3,3,0,0,0,0,0,无,中,待激活型：商单一般充电弱，需运营介入
369564778,馆长刘下饭_环球档案,1035080,知识,人文历史,2,2,1,1.5,0,0,0,0,0,无,低,低活跃型：商单充电均弱，需评估内容潜力
392336778,了in林,1536572,美食,美食记录,2,3,2,2.25,0,0,0,0,0,无,低,低活跃型：商单充电均弱，需评估内容潜力
20669779,敲萌豹风党,2159123,游戏,单机游戏,3,3,2,2.5,0,0,0,0,0,无,中,待激活型：商单一般充电弱，需运营介入
37922779,荒木木aliki,863032,游戏,单机游戏,2,3,5,3.75,0,0,0,0,0,无,中,待激活型：商单一般充电弱，需运营介入
39736779,38号车评中心官方账号,908165,汽车,汽车生活,4,2,1,2,0,0,0,0,0,无,低,商单衰退型：曾经商单强但趋势下行，充电转化黄金窗口
326837779,影视小红帽,92009,科技,数码,2,3,2,2.25,0,0,0,0,0,无,低,低活跃型：商单充电均弱，需评估内容潜力
505370779,杰克-涛,266491,汽车,汽车生活,3,2,3,2.75,0,0,0,0,0,无,中,待激活型：商单一般充电弱，需运营介入
14110780,凉风Kaze,6977871,生活,其他,3,3,4,3.5,0,0,0,0,0,无,中,待激活型：商单一般充电弱，需运营介入
65427780,无畏契约GAME社区,266622,游戏,电子竞技,2,5,3,3.25,0,0,0,0,0,无,中,待激活型：商单一般充电弱，需运营介入
336119780,小菘蓝聊家电,79882,生活,搞笑,2,3,4,3.25,0,0,0,0,0,无,中,待激活型：商单一般充电弱，需运营介入
251768781,=-斜键仙,81726,科技,数码,2,5,3,3.25,0,0,0,0,0,无,中,待激活型：商单一般充电弱，需运营介入
589152650,家电总动员,662130,美食,美食制作,2,3,3,2.75,0,0,0,0,0,无,中,待激活型：商单一般充电弱，需运营介入
25635782,芝麻的小人国,391695,美食,美食制作,3,4,2,2.75,0,0,0,0,0,无,中,待激活型：商单一般充电弱，需运营介入
46708782,鲁大能,3165685,游戏,网络游戏,3,3,2,2.5,0,0,0,0,0,无,中,待激活型：商单一般充电弱，需运营介入
156534782,小孟玩游,89814,游戏,手机游戏,2,5,4,3.75,0,0,0,0,0,无,中,待激活型：商单一般充电弱，需运营介入
489302782,AI视次方,180541,科技,软件应用,2,3,5,3.75,0,0,0,0,0,无,中,待激活型：商单一般充电弱，需运营介入
1900783,同济子豪兄,342020,科技,计算机技术,3,4,4,3.75,0,0,0,0,0,无,中,待激活型：商单一般充电弱，需运营介入
17138783,热男HotGuys,1105699,科技,数码,4,4,2,3,0,0,0,0,0,无,中,待激活型：商单一般充电弱，需运营介入
34991783,杨慢慢追风逐日,206279,汽车,赛车,3,2,3,2.75,0,0,0,0,0,无,中,待激活型：商单一般充电弱，需运营介入
179922650,青莲又失利了,2252491,游戏,电子竞技,2,2,3,2.5,0,0,0,0,0,无,中,待激活型：商单一般充电弱，需运营介入
85846467,懂车老王,258170,汽车,汽车知识科普,3,1,3,2.5,0,0,0,0,0,无,中,待激活型：商单一般充电弱，需运营介入
414509783,老张的鞋Deron,743369,运动,运动文化,2,4,2,2.5,0,0,0,0,0,无,中,待激活型：商单一般充电弱，需运营介入
432230783,中国GEEK,70895,科技,数码,2,4,4,3.5,0,0,0,0,0,无,中,待激活型：商单一般充电弱，需运营介入
13407784,大宽大宽,1003571,知识,校园学习,4,4,2,3,0,0,0,0,0,无,中,待激活型：商单一般充电弱，需运营介入
21837784,阿斗归来了,7070707,影视,影视杂谈,3,4,2,2.75,0,0,0,0,0,无,中,待激活型：商单一般充电弱，需运营介入
408496784,我的宇宙_Yoga,147950,科技,数码,2,2,3,2.5,0,0,0,0,0,无,中,待激活型：商单一般充电弱，需运营介入
4571785,折纸姬,1497032,游戏,单机游戏,2,3,3,2.75,0,0,0,0,0,无,中,待激活型：商单一般充电弱，需运营介入
53166650,晓涵哥来了,931363,知识,科学科普,2,3,5,3.75,0,0,0,0,0,无,中,待激活型：商单一般充电弱，需运营介入
170403786,士口加I,356009,生活,日常,2,5,3,3.25,0,0,0,0,0,无,中,待激活型：商单一般充电弱，需运营介入
457702786,摸鱼能手邓大头,956854,生活,搞笑,2,2,0,1,0,0,0,0,0,无,低,低活跃型：商单充电均弱，需评估内容潜力
1276787,稚嫩的魔法师,891519,游戏,单机游戏,2,5,1,2.25,0,0,0,0,0,无,低,商单衰退型：曾经商单强但趋势下行，充电转化黄金窗口
237140787,小紫才没有摸鱼,330410,游戏,手机游戏,2,5,2,2.75,0,0,0,0,0,无,中,待激活型：商单一般充电弱，需运营介入
7450650,超果果mc,2277053,游戏,单机游戏,2,2,2,2,0,0,0,0,0,无,低,低活跃型：商单充电均弱，需评估内容潜力
31339467,石腾帅,228146,影视,短片,2,2,3,2.5,0,0,0,0,0,无,中,待激活型：商单一般充电弱，需运营介入
260226837,入江闪闪Player,494956,美食,数码,2,3,5,3.75,0,0,0,0,0,无,中,待激活型：商单一般充电弱，需运营介入
486287787,IC实验室,2735738,知识,人文历史,2,2,0,1,0,0,0,0,0,无,低,低活跃型：商单充电均弱，需评估内容潜力
775788,神·潜行瞬杀,1133675,游戏,单机游戏,3,3,5,4,0,0,0,0,0,无,高,商单依赖型：商单强且趋势好，短期转充电可能性极低
1529788,姬海棠羽笠果,420156,动画,同人·手书,3,4,5,4.25,0,0,0,0,0,无,高,商单依赖型：商单强且趋势好，短期转充电可能性极低
5128788,ElenaLin_青青,1010215,生活,日常,3,3,4,3.5,0,0,0,0,0,无,中,待激活型：商单一般充电弱，需运营介入
250473788,唐火锅,211357,时尚,美妆护肤,3,5,5,4.5,0,0,0,0,0,无,高,商单依赖型：商单强且趋势好，短期转充电可能性极低
267484788,钱与非DreamFly,93854,科技,数码,2,3,5,3.75,0,0,0,0,0,无,中,待激活型：商单一般充电弱，需运营介入
608763788,唐国强,633128,娱乐,明星综合,2,2,0,1,0,0,0,0,0,无,低,低活跃型：商单充电均弱，需评估内容潜力
381245965,泰莉亚子,244784,游戏,网络游戏,2,3,0,1.25,0,0,0,0,0,无,低,低活跃型：商单充电均弱，需评估内容潜力
515590965,卷毛小艾,94160,科技,数码,3,5,4,4,0,0,0,0,0,无,高,商单依赖型：商单强且趋势好，短期转充电可能性极低
7466789,Jerryprpr,1106372,游戏,手机游戏,3,5,4,4,0,0,0,0,0,无,高,商单依赖型：商单强且趋势好，短期转充电可能性极低
343821789,音乐里沉沦,281305,音乐,音乐现场,3,2,3,2.75,0,0,0,0,0,无,中,待激活型：商单一般充电弱，需运营介入
1483018789,闲散Yohooo,182526,游戏,网络游戏,2,5,1,2.25,0,0,0,0,0,无,低,商单衰退型：曾经商单强但趋势下行，充电转化黄金窗口
10080790,宇智波sc,267288,游戏,单机游戏,2,4,1,2,0,0,0,0,0,无,低,商单衰退型：曾经商单强但趋势下行，充电转化黄金窗口
456992791,家电大兵-Bingo,67436,生活,家居房产,2,2,3,2.5,0,0,0,0,0,无,中,待激活型：商单一般充电弱，需运营介入
38154792,Redknot-乔红,288387,知识,野生技能协会,2,3,4,3.25,0,0,0,0,0,无,中,待激活型：商单一般充电弱，需运营介入
514454792,小树Noel,77201,科技,数码,3,5,5,4.5,0,0,0,0,0,无,高,商单依赖型：商单强且趋势好，短期转充电可能性极低
2342793,是王小白呀,827155,生活,搞笑,4,5,4,4.25,0,0,0,0,0,无,高,商单依赖型：商单强且趋势好，短期转充电可能性极低
54911793,一只黑Q,2483977,美食,美食记录,2,1,3,2.25,0,0,0,0,0,无,低,低活跃型：商单充电均弱，需评估内容潜力
397347794,李铁盒有活,497435,游戏,单机游戏,3,4,5,4.25,0,0,0,0,0,无,高,商单依赖型：商单强且趋势好，短期转充电可能性极低
457027794,小少焱,1105367,音乐,原创音乐,2,2,0,1,0,0,0,0,0,无,低,低活跃型：商单充电均弱，需评估内容潜力
457761794,帅哥伊斯买裤衩,1523165,动画,同人·手书,3,3,3,3,0,0,0,0,0,无,中,待激活型：商单一般充电弱，需运营介入
616743794,怪兽也能喝多,428057,娱乐,明星综合,2,3,5,3.75,0,0,0,0,0,无,中,待激活型：商单一般充电弱，需运营介入
698829885,是宇弦啊,180188,知识,社科·法律·心理,2,2,3,2.5,0,0,0,0,0,无,中,待激活型：商单一般充电弱，需运营介入
297344797,朵朵花林,1951046,时尚,美妆护肤,3,2,2,2.25,0,0,0,0,0,无,低,低活跃型：商单充电均弱，需评估内容潜力
525040797,只因数码,91176,科技,数码,2,5,2,2.75,0,0,0,0,0,无,中,待激活型：商单一般充电弱，需运营介入
652096797,我是超人cr,1919456,生活,绘画,2,2,1,1.5,0,0,0,0,0,无,低,低活跃型：商单充电均弱，需评估内容潜力
8399798,Aismr_,593207,生活,手工,2,4,5,4,0,0,0,0,0,无,高,商单依赖型：商单强且趋势好，短期转充电可能性极低
457718798,主持人yoyo酱,1884682,生活,搞笑,2,2,3,2.5,0,0,0,0,0,无,中,待激活型：商单一般充电弱，需运营介入
516314798,小西设计所,1029353,科技,数码,4,4,4,4,0,0,0,0,0,无,高,商单依赖型：商单强且趋势好，短期转充电可能性极低
1162248798,李小冷不冷,714036,生活,家居房产,3,2,5,3.75,0,0,0,0,0,无,中,待激活型：商单一般充电弱，需运营介入
1835967,善良的诚哥,1189610,生活,搞笑,4,4,2,3,0,0,0,0,0,无,中,待激活型：商单一般充电弱，需运营介入
6054967,茶咩cc,703818,鬼畜,鬼畜剧场,2,2,0,1,0,0,0,0,0,无,低,低活跃型：商单充电均弱，需评估内容潜力
405004967,叽叽歪歪的平行世界,512821,生活,出行,3,3,3,3,0,0,0,0,0,无,中,待激活型：商单一般充电弱，需运营介入
31852969,徐五八,591987,生活,搞笑,2,2,1,1.5,0,0,0,0,0,无,低,低活跃型：商单充电均弱，需评估内容潜力
405729969,陈曦Stanley_,658024,生活,数码,3,3,5,4,0,0,0,0,0,无,高,商单依赖型：商单强且趋势好，短期转充电可能性极低
19156061,小李student,223385,科技,软件应用,2,4,4,3.5,0,0,0,0,0,无,中,待激活型：商单一般充电弱，需运营介入
37950062,硬核资本论,2550688,知识,财经商业,3,2,1,1.75,0,0,0,0,0,无,低,低活跃型：商单充电均弱，需评估内容潜力
109655062,天上一颗大星星,152573,科技,数码,3,5,2,3,0,0,0,0,0,无,中,待激活型：商单一般充电弱，需运营介入
297242063,黄一刀,4509612,生活,搞笑,3,2,2,2.25,0,0,0,0,0,无,低,低活跃型：商单充电均弱，需评估内容潜力
504063885,穷测数码,506825,科技,数码,3,5,5,4.5,0,0,0,0,0,无,高,商单依赖型：商单强且趋势好，短期转充电可能性极低
1057241855,五个光,948173,动画,动漫杂谈,2,5,1,2.25,0,0,0,0,0,无,低,商单衰退型：曾经商单强但趋势下行，充电转化黄金窗口
8536064,机智的呆狗,1259272,生活,搞笑,3,4,1,2.25,0,0,0,0,0,无,低,商单衰退型：曾经商单强但趋势下行，充电转化黄金窗口
419872064,老饭骨,5328399,美食,美食制作,2,1,0,0.75,0,0,0,0,0,无,低,低活跃型：商单充电均弱，需评估内容潜力
624708064,三金啊GC,1070895,生活,搞笑,3,5,5,4.5,0,0,0,0,0,无,高,商单依赖型：商单强且趋势好，短期转充电可能性极低
1100229065,一嫩牛五方一,426864,游戏,单机游戏,3,5,2,3,0,0,0,0,0,无,中,待激活型：商单一般充电弱，需运营介入
1541834065,白舒克,62895,生活,搞笑,2,4,2,2.5,0,0,0,0,0,无,中,待激活型：商单一般充电弱，需运营介入
261485584,HOPICO,2584080,音乐,乐评盘点,4,4,5,4.5,0,0,0,0,0,无,高,商单依赖型：商单强且趋势好，短期转充电可能性极低
811068,谜之Helen,57770,科技,数码,3,5,2,3,0,0,0,0,0,无,中,待激活型：商单一般充电弱，需运营介入
302188068,小白debug,294944,科技,计算机技术,2,2,2,2,0,0,0,0,0,无,低,低活跃型：商单充电均弱，需评估内容潜力
8248970,焦糖Susa,233079,游戏,单机游戏,2,5,2,2.75,0,0,0,0,0,无,中,待激活型：商单一般充电弱，需运营介入
406556970,元气的小不点,318806,生活,亲子,3,5,2,3,0,0,0,0,0,无,中,待激活型：商单一般充电弱，需运营介入
588174970,北夏咯咯,225578,游戏,手机游戏,2,4,3,3,0,0,0,0,0,无,中,待激活型：商单一般充电弱，需运营介入
3957971,贤宝宝Baby,5949894,生活,美食测评,4,3,3,3.25,0,0,0,0,0,无,中,待激活型：商单一般充电弱，需运营介入
240769971,神烦XP,895297,影视,影视杂谈,2,5,3,3.25,0,0,0,0,0,无,中,待激活型：商单一般充电弱，需运营介入
1753289971,摆烂的阿毛-,299309,游戏,单机游戏,2,3,5,3.75,0,0,0,0,0,无,中,待激活型：商单一般充电弱，需运营介入
453972,阿狸才不是受,2521714,科技,数码,4,4,5,4.5,0,0,0,0,0,无,高,商单依赖型：商单强且趋势好，短期转充电可能性极低
36416972,张恩恩NNN,1045907,生活,日常,4,5,1,2.75,0,0,0,0,0,无,中,待激活型：商单一般充电弱，需运营介入
91885,油兔几,202448,科技,数码,3,5,5,4.5,0,0,0,0,0,无,高,商单依赖型：商单强且趋势好，短期转充电可能性极低
8784855,--圈圈--,1561239,游戏,单机游戏,4,3,1,2.25,0,0,0,0,0,无,低,商单衰退型：曾经商单强但趋势下行，充电转化黄金窗口
91136837,花兮_honoka,1319632,生活,其他,2,3,5,3.75,0,0,0,0,0,无,中,待激活型：商单一般充电弱，需运营介入
65764710,草莓味の喵喵酱,1621908,游戏,单机游戏,3,2,5,3.75,0,0,0,0,0,无,中,待激活型：商单一般充电弱，需运营介入
488123972,苏七夏seven,818638,游戏,单机游戏,2,2,3,2.5,0,0,0,0,0,无,中,待激活型：商单一般充电弱，需运营介入
141605973,瑶叔讲三国,163767,游戏,桌游棋牌,2,5,3,3.25,0,0,0,0,0,无,中,待激活型：商单一般充电弱，需运营介入
946974,影视飓风,16234662,科技,数码,5,5,3,4,0,0,0,0,0,无,高,商单依赖型：商单强且趋势好，短期转充电可能性极低
8680974,干饭三健客,2172116,美食,美食记录,4,5,3,3.75,0,0,0,0,0,无,中,待激活型：商单一般充电弱，需运营介入
431615976,聂小倩她老板,1489396,时尚,美妆护肤,2,1,3,2.25,0,0,0,0,0,无,低,低活跃型：商单充电均弱，需评估内容潜力
16993069,林芷伊kiwi,829044,时尚,仿妆cos,3,4,4,3.75,0,0,0,0,0,无,中,待激活型：商单一般充电弱，需运营介入
12959649,冷酷猪少,468579,游戏,网络游戏,2,4,2,2.5,0,0,0,0,0,无,中,待激活型：商单一般充电弱，需运营介入
75937648,子花酱Hanako,554832,游戏,电子竞技,2,2,2,2,0,0,0,0,0,无,低,低活跃型：商单充电均弱，需评估内容潜力
43855,litterzy,636712,音乐,日常,2,3,3,2.75,0,0,0,0,0,无,中,待激活型：商单一般充电弱，需运营介入
6724070,孤独音符,1295169,游戏,单机游戏,3,5,2,3,0,0,0,0,0,无,中,待激活型：商单一般充电弱，需运营介入
403922070,皮蛋Solo粥,442466,音乐,演奏,2,2,0,1,0,0,0,0,0,无,低,低活跃型：商单充电均弱，需评估内容潜力
28760071,大瑞真机灵,669381,知识,财经商业,3,4,1,2.25,0,0,0,0,0,无,低,商单衰退型：曾经商单强但趋势下行，充电转化黄金窗口
104440071,数码宝贝收藏家,233445,生活,搞笑,3,3,5,4,0,0,0,0,0,无,高,商单依赖型：商单强且趋势好，短期转充电可能性极低
1752077071,阿哲什么都会,1350419,生活,搞笑,3,2,3,2.75,0,0,0,0,0,无,中,待激活型：商单一般充电弱，需运营介入
345860072,杨先森Leon,502156,游戏,单机游戏,2,5,5,4.25,0,0,0,0,0,无,高,商单依赖型：商单强且趋势好，短期转充电可能性极低
2012621072,不烦的生活方式,80080,时尚,美妆护肤,3,5,5,4.5,0,0,0,0,0,无,高,商单依赖型：商单强且趋势好，短期转充电可能性极低
43584648,工科男孙老师,685723,科技,科工机械,3,2,5,3.75,0,0,0,0,0,无,中,待激活型：商单一般充电弱，需运营介入
441399647,兔撕机频道,101558,科技,数码,2,1,0,0.75,0,0,0,0,0,无,低,低活跃型：商单充电均弱，需评估内容潜力
547072854,中气爱,2747090,知识,科学科普,3,4,5,4.25,0,0,0,0,0,无,高,商单依赖型：商单强且趋势好，短期转充电可能性极低
9504837,米老师呀,335839,生活,日常,3,3,2,2.5,0,0,0,0,0,无,中,待激活型：商单一般充电弱，需运营介入
451115073,搞机研玩社,213991,生活,影视剪辑,3,4,5,4.25,0,0,0,0,0,无,高,商单依赖型：商单强且趋势好，短期转充电可能性极低
1477074,菌儿rikushi,1283148,时尚,仿妆cos,3,4,2,2.75,0,0,0,0,0,无,中,待激活型：商单一般充电弱，需运营介入
97240074,龙之王修罗,281237,鬼畜,人力VOCALOID,2,4,2,2.5,0,0,0,0,0,无,中,待激活型：商单一般充电弱，需运营介入
97575647,奔跑的小小宇,33520,运动,运动文化,2,4,1,2,0,0,0,0,0,无,低,商单衰退型：曾经商单强但趋势下行，充电转化黄金窗口
21778075,_青红造了个白_,2325067,影视,影视剪辑,3,2,3,2.75,0,0,0,0,0,无,中,待激活型：商单一般充电弱，需运营介入
90920075,酷玩实验室,1530485,知识,科工机械,3,2,5,3.75,0,0,0,0,0,无,中,待激活型：商单一般充电弱，需运营介入
173232075,青青紫荆Summer,160156,知识,人文历史,2,4,5,4,0,0,0,0,0,无,高,商单依赖型：商单强且趋势好，短期转充电可能性极低
395167076,数码小云DigitalCloud,45014,科技,数码,2,5,3,3.25,0,0,0,0,0,无,中,待激活型：商单一般充电弱，需运营介入
398326679,大家车-YYP,675323,汽车,汽车生活,3,1,0,1,0,0,0,0,0,无,低,低活跃型：商单充电均弱，需评估内容潜力
489006679,虎妈家电小屋,134476,生活,日常,2,2,3,2.5,0,0,0,0,0,无,中,待激活型：商单一般充电弱，需运营介入
30625977,KatAndSid,1359711,生活,搞笑,4,3,1,2.25,0,0,0,0,0,无,低,商单衰退型：曾经商单强但趋势下行，充电转化黄金窗口
151155077,天才赵德柱,933166,科技,数码,4,4,5,4.5,0,0,0,0,0,无,高,商单依赖型：商单强且趋势好，短期转充电可能性极低
341354077,淦淦惹,1085189,生活,亲子,2,2,0,1,0,0,0,0,0,无,低,低活跃型：商单充电均弱，需评估内容潜力
347449077,也柔也柔c,64719,生活,日常,2,4,2,2.5,0,0,0,0,0,无,中,待激活型：商单一般充电弱，需运营介入
8746680,扒妹儿无聊的朋友们,550091,生活,日常,2,3,3,2.75,0,0,0,0,0,无,中,待激活型：商单一般充电弱，需运营介入
174832680,禁止废话,242317,知识,科学科普,2,5,2,2.75,0,0,0,0,0,无,中,待激活型：商单一般充电弱，需运营介入
334932680,司马尘,452627,运动,足球,2,5,3,3.25,0,0,0,0,0,无,中,待激活型：商单一般充电弱，需运营介入
449704680,意识DT,782221,游戏,网络游戏,2,5,3,3.25,0,0,0,0,0,无,中,待激活型：商单一般充电弱，需运营介入
1123381680,宇宙数码编辑部,639097,音乐,翻唱,3,5,4,4,0,0,0,0,0,无,高,商单依赖型：商单强且趋势好，短期转充电可能性极低
1885078,nya酱的一生,2262540,生活,美妆护肤,4,3,5,4.25,0,0,0,0,0,无,高,商单依赖型：商单强且趋势好，短期转充电可能性极低
25706078,小墨与阿猴,396862,生活,出行,2,1,3,2.25,0,0,0,0,0,无,低,低活跃型：商单充电均弱，需评估内容潜力
31968078,粽子淞,1301240,生活,日常,2,4,1,2,0,0,0,0,0,无,低,商单衰退型：曾经商单强但趋势下行，充电转化黄金窗口
660111078,鲨姐和老王的异常,409908,生活,搞笑,2,5,4,3.75,0,0,0,0,0,无,中,待激活型：商单一般充电弱，需运营介入
25681,iKz_茶壶,187725,音乐,VOCALOID·UTAU,3,3,5,4,0,0,0,0,0,无,高,商单依赖型：商单强且趋势好，短期转充电可能性极低
1858682,是你们的康康,1758691,知识,校园学习,2,1,0,0.75,0,0,0,0,0,无,低,低活跃型：商单充电均弱，需评估内容潜力
13418682,万物评测轻尘说,67703,科技,数码,2,5,3,3.25,0,0,0,0,0,无,中,待激活型：商单一般充电弱，需运营介入
250648682,红豆稀饭中,2030259,鬼畜,鬼畜调教,2,3,1,1.75,0,0,0,0,0,无,低,低活跃型：商单充电均弱，需评估内容潜力
7275647,碧天蓝钻,1155360,鬼畜,鬼畜调教,2,2,0,1,0,0,0,0,0,无,低,低活跃型：商单充电均弱，需评估内容潜力
518509854,花钱一时爽马晓冰,135536,科技,数码,2,5,5,4.25,0,0,0,0,0,无,高,商单依赖型：商单强且趋势好，短期转充电可能性极低
7435683,葉月Mashiro灬,583923,动画,MAD·AMV,2,4,2,2.5,0,0,0,0,0,无,中,待激活型：商单一般充电弱，需运营介入
2044991683,王同学测评说,41065,时尚,美妆护肤,2,4,5,4,0,0,0,0,0,无,高,商单依赖型：商单强且趋势好，短期转充电可能性极低
1628647,鬼王陆行,238543,游戏,单机游戏,3,5,2,3,0,0,0,0,0,无,中,待激活型：商单一般充电弱，需运营介入
14456684,大花在画日常,393959,生活,亲子,2,2,2,2,0,0,0,0,0,无,低,低活跃型：商单充电均弱，需评估内容潜力
26104684,逗比寒MillerRHan,1022119,游戏,手机游戏,2,3,2,2.25,0,0,0,0,0,无,低,低活跃型：商单充电均弱，需评估内容潜力
277329684,Thomas看看世界,659016,知识,野生技能协会,2,2,1,1.5,0,0,0,0,0,无,低,低活跃型：商单充电均弱，需评估内容潜力
388855684,电牛迈,193064,生活,绘画,3,5,5,4.5,0,0,0,0,0,无,高,商单依赖型：商单强且趋势好，短期转充电可能性极低
520819684,小Lin说,7186734,知识,财经商业,5,4,4,4.25,0,0,0,0,0,无,高,商单依赖型：商单强且趋势好，短期转充电可能性极低
3218685,小满家的晚饭,1643654,美食,美食制作,2,3,1,1.75,0,0,0,0,0,无,低,低活跃型：商单充电均弱，需评估内容潜力
672342685,乃琳Queen,1094116,动画,综合,3,3,4,3.5,0,0,0,0,0,无,中,待激活型：商单一般充电弱，需运营介入
39839686,小岗同学,1038628,生活,搞笑,2,2,0,1,0,0,0,0,0,无,低,低活跃型：商单充电均弱，需评估内容潜力
478610686,郑凯伦伦伦,2311507,生活,搞笑,4,4,2,3,0,0,0,0,0,无,中,待激活型：商单一般充电弱，需运营介入
627744686,阿柚不错哦,1003902,知识,社科·法律·心理,3,4,3,3.25,0,0,0,0,0,无,中,待激活型：商单一般充电弱，需运营介入
927687,折腾5号,1586343,游戏,网络游戏,3,5,2,3,0,0,0,0,0,无,中,待激活型：商单一般充电弱，需运营介入
560647,坂坂白,1190814,生活,日常,2,3,3,2.75,0,0,0,0,0,无,中,待激活型：商单一般充电弱，需运营介入
428040854,上单老祖,1385345,游戏,电子竞技,2,3,1,1.75,0,0,0,0,0,无,低,低活跃型：商单充电均弱，需评估内容潜力
4779837,混剪晓佳,690747,游戏,GMV,2,3,1,1.75,0,0,0,0,0,无,低,低活跃型：商单充电均弱，需评估内容潜力
251013709,晨钟酱Official,1089964,科技,数码,3,3,5,4,0,0,0,0,0,无,高,商单依赖型：商单强且趋势好，短期转充电可能性极低
18026414,蔚蓝边际,847034,音乐,翻唱,3,4,2,2.75,0,0,0,0,0,无,中,待激活型：商单一般充电弱，需运营介入
80438687,白凌小豪TagsBeaver,314585,生活,搞笑,3,3,2,2.5,0,0,0,0,0,无,中,待激活型：商单一般充电弱，需运营介入
396375688,-贪某-,98992,游戏,手机游戏,2,4,3,3,0,0,0,0,0,无,中,待激活型：商单一般充电弱，需运营介入
431233688,瑄羽猫,1767523,动画,配音,2,4,2,2.5,0,0,0,0,0,无,中,待激活型：商单一般充电弱，需运营介入
498848688,Allen火花,814667,游戏,网络游戏,2,3,2,2.25,0,0,0,0,0,无,低,低活跃型：商单充电均弱，需评估内容潜力
1796895688,军糖不苦,236935,游戏,手机游戏,2,4,2,2.5,0,0,0,0,0,无,中,待激活型：商单一般充电弱，需运营介入
15358689,超合金彩虹糖,87345,科技,数码,2,4,5,4,0,0,0,0,0,无,高,商单依赖型：商单强且趋势好，短期转充电可能性极低
574115689,游戏大猪猪,2300894,游戏,手机游戏,3,5,2,3,0,0,0,0,0,无,中,待激活型：商单一般充电弱，需运营介入
2175690,徐Toso,887329,游戏,日常,3,3,5,4,0,0,0,0,0,无,高,商单依赖型：商单强且趋势好，短期转充电可能性极低
9463690,苏安安Susanne,233807,游戏,单机游戏,3,5,2,3,0,0,0,0,0,无,中,待激活型：商单一般充电弱，需运营介入
648607690,小蟹说鞋,78345,运动,运动文化,2,4,2,2.5,0,0,0,0,0,无,中,待激活型：商单一般充电弱，需运营介入
33098691,不正经的哒酱,248341,时尚,穿搭,2,3,1,1.75,0,0,0,0,0,无,低,低活跃型：商单充电均弱，需评估内容潜力
36272691,居澜yoyo,86001,科技,数码,3,5,5,4.5,0,0,0,0,0,无,高,商单依赖型：商单强且趋势好，短期转充电可能性极低
202653692,玩大的博物馆,692123,动画,模玩·周边,2,3,5,3.75,0,0,0,0,0,无,中,待激活型：商单一般充电弱，需运营介入
14803693,林林Eileen,654974,知识,科学科普,3,3,4,3.5,0,0,0,0,0,无,中,待激活型：商单一般充电弱，需运营介入
15052693,张尔达,1001294,生活,搞笑,2,3,2,2.25,0,0,0,0,0,无,低,低活跃型：商单充电均弱，需评估内容潜力
4401694,林亦LYi,1296156,科技,计算机技术,4,4,5,4.5,0,0,0,0,0,无,高,商单依赖型：商单强且趋势好，短期转充电可能性极低
23011694,陆地小狗,117165,生活,出行,2,3,5,3.75,0,0,0,0,0,无,中,待激活型：商单一般充电弱，需运营介入
326251695,PoorPlayers穷玩组,825390,科技,数码,4,5,3,3.75,0,0,0,0,0,无,中,待激活型：商单一般充电弱，需运营介入
14079696,Kimo桑,647527,影视,影视杂谈,2,5,3,3.25,0,0,0,0,0,无,中,待激活型：商单一般充电弱，需运营介入
53566696,阿么么么哒er,227589,时尚,美妆护肤,2,3,5,3.75,0,0,0,0,0,无,中,待激活型：商单一般充电弱，需运营介入
1058526577,许主任啊啊啊啊,660106,生活,搞笑,2,4,2,2.5,0,0,0,0,0,无,中,待激活型：商单一般充电弱，需运营介入
502925577,袁启聪,1244304,汽车,汽车生活,3,2,1,1.75,0,0,0,0,0,无,低,低活跃型：商单充电均弱，需评估内容潜力
480680646,阿萨Aza,1709376,动画,综合,3,5,3,3.5,0,0,0,0,0,无,中,待激活型：商单一般充电弱，需运营介入
356798697,游戏X博士,968799,游戏,网络游戏,3,4,3,3.25,0,0,0,0,0,无,中,待激活型：商单一般充电弱，需运营介入
1612935698,法兰西小欣欣,792116,知识,人文历史,3,3,1,2,0,0,0,0,0,无,低,低活跃型：商单充电均弱，需评估内容潜力
8365699,郭本尼,1284357,娱乐,综艺,3,5,3,3.5,0,0,0,0,0,无,中,待激活型：商单一般充电弱，需运营介入
95515699,粤知一二,4677748,生活,搞笑,4,3,1,2.25,0,0,0,0,0,无,低,商单衰退型：曾经商单强但趋势下行，充电转化黄金窗口
212345699,星辰趣味屋,1518108,知识,人文历史,4,5,4,4.25,0,0,0,0,0,无,高,商单依赖型：商单强且趋势好，短期转充电可能性极低
371846699,图灵的猫,1117052,科技,软件应用,4,4,2,3,0,0,0,0,0,无,中,待激活型：商单一般充电弱，需运营介入
66036700,林天气Oo,415216,生活,手工,2,2,2,2,0,0,0,0,0,无,低,低活跃型：商单充电均弱，需评估内容潜力
244235700,Q胖迪Q,1613099,生活,搞笑,3,2,4,3.25,0,0,0,0,0,无,中,待激活型：商单一般充电弱，需运营介入
382312979,李上好抽象,121704,生活,搞笑,2,5,2,2.75,0,0,0,0,0,无,中,待激活型：商单一般充电弱，需运营介入
1760360979,硬核妈妈丽洁,455958,生活,搞笑,2,2,0,1,0,0,0,0,0,无,低,低活跃型：商单充电均弱，需评估内容潜力
335692980,百万剪辑狮,2114707,影视,影视剪辑,3,3,1,2,0,0,0,0,0,无,低,低活跃型：商单充电均弱，需评估内容潜力
596842980,南翔,6957945,美食,美食制作,4,2,0,1.5,0,0,0,0,0,无,低,商单衰退型：曾经商单强但趋势下行，充电转化黄金窗口
1946939980,陶阳家电实验室,236609,生活,家居房产,4,5,5,4.75,0,0,0,0,0,无,高,商单依赖型：商单强且趋势好，短期转充电可能性极低
1947703980,三金的快乐日记,516593,汽车,汽车生活,2,1,3,2.25,0,0,0,0,0,无,低,低活跃型：商单充电均弱，需评估内容潜力
2013555,吉尔的小灯塔,296738,美食,美食制作,2,3,5,3.75,0,0,0,0,0,无,中,待激活型：商单一般充电弱，需运营介入
389400079,十三要和拳头,990076,汽车,出行,3,4,5,4.25,0,0,0,0,0,无,高,商单依赖型：商单强且趋势好，短期转充电可能性极低
350347646,主持人百克力,199725,生活,亲子,2,2,3,2.5,0,0,0,0,0,无,中,待激活型：商单一般充电弱，需运营介入
283060556,物理素衣,449784,游戏,网络游戏,2,3,2,2.25,0,0,0,0,0,无,低,低活跃型：商单充电均弱，需评估内容潜力
234022080,吴一斤斤,646289,影视,短片,2,2,1,1.5,0,0,0,0,0,无,低,低活跃型：商单充电均弱，需评估内容潜力
5427557,呱呱吔,74943,科技,数码,2,5,5,4.25,0,0,0,0,0,无,高,商单依赖型：商单强且趋势好，短期转充电可能性极低
27500557,梦轩dada,1772398,游戏,手机游戏,4,5,3,3.75,0,0,0,0,0,无,中,待激活型：商单一般充电弱，需运营介入
72270557,芳斯塔芙,4879926,知识,科学科普,4,3,5,4.25,0,0,0,0,0,无,高,商单依赖型：商单强且趋势好，短期转充电可能性极低
174902557,没啥用科技,2081693,科技,数码,4,3,5,4.25,0,0,0,0,0,无,高,商单依赖型：商单强且趋势好，短期转充电可能性极低
481774557,DannyData小丹尼,455739,知识,财经商业,3,2,0,1.25,0,0,0,0,0,无,低,低活跃型：商单充电均弱，需评估内容潜力
532741557,戴建业老师,5074295,知识,人文历史,4,3,1,2.25,0,0,0,0,0,无,低,商单衰退型：曾经商单强但趋势下行，充电转化黄金窗口
629096557,阿柒漫,198711,动画,国产原创相关,3,5,5,4.5,0,0,0,0,0,无,高,商单依赖型：商单强且趋势好，短期转充电可能性极低
96434081,科技阁,217252,科技,数码,3,4,5,4.25,0,0,0,0,0,无,高,商单依赖型：商单强且趋势好，短期转充电可能性极低
206085081,吾乃肆玖,471480,游戏,单机游戏,2,3,4,3.25,0,0,0,0,0,无,中,待激活型：商单一般充电弱，需运营介入
326803986,爱物为玩,111434,科技,数码,2,4,5,4,0,0,0,0,0,无,高,商单依赖型：商单强且趋势好，短期转充电可能性极低
431073645,你的影月月,9837140,游戏,手机游戏,4,5,1,2.75,0,0,0,0,0,无,中,待激活型：商单一般充电弱，需运营介入
2941854,逗比的预言家,689915,游戏,单机游戏,3,2,5,3.75,0,0,0,0,0,无,中,待激活型：商单一般充电弱，需运营介入
2948981,冷水煮乐器,1354424,生活,出行,2,3,5,3.75,0,0,0,0,0,无,中,待激活型：商单一般充电弱，需运营介入
527057981,叶子吖OHYEZI,1530616,美食,美食制作,3,3,0,1.5,0,0,0,0,0,无,低,低活跃型：商单充电均弱，需评估内容潜力
204408558,炉石东少,576162,游戏,桌游棋牌,2,5,5,4.25,0,0,0,0,0,无,高,商单依赖型：商单强且趋势好，短期转充电可能性极低
2146315558,李野王SG,218767,科技,数码,3,4,2,2.75,0,0,0,0,0,无,中,待激活型：商单一般充电弱，需运营介入
53246559,懒鱼才会胖,353431,时尚,穿搭,2,2,5,3.5,0,0,0,0,0,无,中,待激活型：商单一般充电弱，需运营介入
2336560,bonjour呼呼,433879,科技,数码,3,3,5,4,0,0,0,0,0,无,高,商单依赖型：商单强且趋势好，短期转充电可能性极低
396162560,开心一点啦123,333282,生活,亲子,2,4,4,3.5,0,0,0,0,0,无,中,待激活型：商单一般充电弱，需运营介入
251095082,满配小四,86668,美食,美食制作,2,3,5,3.75,0,0,0,0,0,无,中,待激活型：商单一般充电弱，需运营介入
25200645,狠人大肚,84521,科技,数码,2,4,5,4,0,0,0,0,0,无,高,商单依赖型：商单强且趋势好，短期转充电可能性极低
14781644,老烟斗官方,2275575,知识,人文历史,3,3,2,2.5,0,0,0,0,0,无,中,待激活型：商单一般充电弱，需运营介入
1543824466,老泰山_三角洲行动,122965,游戏,电子竞技,2,5,2,2.75,0,0,0,0,0,无,中,待激活型：商单一般充电弱，需运营介入
39366561,中元不练腿,261758,美食,美食记录,2,3,2,2.25,0,0,0,0,0,无,低,低活跃型：商单充电均弱，需评估内容潜力
338748561,喵喵折-好物清单,1665017,科技,数码,2,2,1,1.5,0,0,0,0,0,无,低,低活跃型：商单充电均弱，需评估内容潜力
490505561,郑郑得证,2136981,知识,人文历史,3,5,4,4,0,0,0,0,0,无,高,商单依赖型：商单强且趋势好，短期转充电可能性极低
220963083,爱吃年糕的阿泽,718401,生活,日常,2,2,2,2,0,0,0,0,0,无,低,低活跃型：商单充电均弱，需评估内容潜力
542507083,贝加尔阿楠,849127,生活,日常,3,2,0,1.25,0,0,0,0,0,无,低,低活跃型：商单充电均弱，需评估内容潜力
1975692083,军情巴朗,738624,知识,社科·法律·心理,2,5,5,4.25,0,0,0,0,0,无,高,商单依赖型：商单强且趋势好，短期转充电可能性极低
285881562,kenaide科技-三代,229645,科技,数码,2,3,5,3.75,0,0,0,0,0,无,中,待激活型：商单一般充电弱，需运营介入
300882562,限时理想-背带侠,436200,影视,小剧场,2,2,0,1,0,0,0,0,0,无,低,低活跃型：商单充电均弱，需评估内容潜力
9567084,郑安眠,938472,美食,美食侦探,2,4,5,4,0,0,0,0,0,无,高,商单依赖型：商单强且趋势好，短期转充电可能性极低
233224563,而立计划,222652,生活,出行,3,4,1,2.25,0,0,0,0,0,无,低,商单衰退型：曾经商单强但趋势下行，充电转化黄金窗口
702530563,五月妈院儿里的小流浪,1799693,动物圈,喵星人,3,4,4,3.75,0,0,0,0,0,无,中,待激活型：商单一般充电弱，需运营介入
32078085,曳尾菌,825808,知识,科学科普,3,4,4,3.75,0,0,0,0,0,无,中,待激活型：商单一般充电弱，需运营介入
352871085,李正不会飞,168083,影视,短片,2,2,3,2.5,0,0,0,0,0,无,中,待激活型：商单一般充电弱，需运营介入
698415564,雪球Core,49605,生活,家居房产,2,3,5,3.75,0,0,0,0,0,无,中,待激活型：商单一般充电弱，需运营介入
3178205,东方寒兔,372350,游戏,手机游戏,2,5,2,2.75,0,0,0,0,0,无,中,待激活型：商单一般充电弱，需运营介入
3291205,菜如哈士奇,68020,科技,数码,2,4,5,4,0,0,0,0,0,无,高,商单依赖型：商单强且趋势好，短期转充电可能性极低
283310205,韩路有点意思,557818,汽车,新能源车,4,2,3,3,0,0,0,0,0,无,中,待激活型：商单一般充电弱，需运营介入
322480205,造梦阿瑄,1592355,时尚,仿妆cos,2,3,5,3.75,0,0,0,0,0,无,中,待激活型：商单一般充电弱，需运营介入
2482644,氿氿ayumiko,642787,游戏,手机游戏,2,5,4,3.75,0,0,0,0,0,无,中,待激活型：商单一般充电弱，需运营介入
33721643,电视这个圈儿,457653,娱乐,综艺,2,5,4,3.75,0,0,0,0,0,无,中,待激活型：商单一般充电弱，需运营介入
13817466,菠萝柚王子,1079683,游戏,单机游戏,2,4,3,3,0,0,0,0,0,无,中,待激活型：商单一般充电弱，需运营介入
9673834,月飞大叔,119043,游戏,手机游戏,2,5,3,3.25,0,0,0,0,0,无,中,待激活型：商单一般充电弱，需运营介入
84706708,小鱼陪拉片,1324266,影视,影视杂谈,2,5,3,3.25,0,0,0,0,0,无,中,待激活型：商单一般充电弱，需运营介入
20247643,拉环儿_,587971,动画,同人·手书,2,3,1,1.75,0,0,0,0,0,无,低,低活跃型：商单充电均弱，需评估内容潜力
6739643,话很多的小姐姐们,2324101,影视,影视杂谈,3,4,4,3.75,0,0,0,0,0,无,中,待激活型：商单一般充电弱，需运营介入
395936853,了不起的八万二饼,1348786,美食,美食制作,3,3,1,2,0,0,0,0,0,无,低,低活跃型：商单充电均弱，需评估内容潜力
364510642,羊驼的睡衣,850169,科技,数码,4,4,2,3,0,0,0,0,0,无,中,待激活型：商单一般充电弱，需运营介入
390126641,主播蛋白i,2862903,游戏,单机游戏,3,2,0,1.25,0,0,0,0,0,无,低,低活跃型：商单充电均弱，需评估内容潜力
79577853,智能路障,4214893,游戏,人文历史,4,4,4,4,0,0,0,0,0,无,高,商单依赖型：商单强且趋势好，短期转充电可能性极低
1098173832,宋云生-,1577265,生活,搞笑,2,2,0,1,0,0,0,0,0,无,低,低活跃型：商单充电均弱，需评估内容潜力
8878641,有颜值的咸鱼君,286833,科技,数码,3,4,5,4.25,0,0,0,0,0,无,高,商单依赖型：商单强且趋势好，短期转充电可能性极低
8911570,枣枣向前跑,183673,美食,美食记录,2,4,3,3,0,0,0,0,0,无,中,待激活型：商单一般充电弱，需运营介入
1118188465,在下小狐兔,954531,知识,科学科普,3,3,2,2.5,0,0,0,0,0,无,中,待激活型：商单一般充电弱，需运营介入
17367640,尸菌菌qwq,2215487,时尚,仿妆cos,3,4,2,2.75,0,0,0,0,0,无,中,待激活型：商单一般充电弱，需运营介入
287795639,短的发布会,2608497,科技,数码,5,5,5,5,0,0,0,0,0,无,高,商单依赖型：商单强且趋势好，短期转充电可能性极低
425466465,解说老勤,734048,游戏,电子竞技,2,2,5,3.5,0,0,0,0,0,无,中,待激活型：商单一般充电弱，需运营介入
410303832,我是E噔,1179093,生活,搞笑,3,4,2,2.75,0,0,0,0,0,无,中,待激活型：商单一般充电弱，需运营介入
32598708,Bigger研究所,847534,生活,搞笑,4,5,5,4.75,0,0,0,0,0,无,高,商单依赖型：商单强且趋势好，短期转充电可能性极低
2030906413,_喵宝_,381473,科技,数码,3,3,2,2.5,0,0,0,0,0,无,中,待激活型：商单一般充电弱，需运营介入
43707221,4A广告提案网,1204837,生活,搞笑,2,2,4,3,0,0,0,0,0,无,中,待激活型：商单一般充电弱，需运营介入
177613639,无聊的开箱,1885076,科技,数码,4,2,3,3,0,0,0,0,0,无,中,待激活型：商单一般充电弱，需运营介入
40489639,球球特别大,1177493,鬼畜,鬼畜调教,2,3,2,2.25,0,0,0,0,0,无,低,低活跃型：商单充电均弱，需评估内容潜力
210501465,美院安迪看艺术,574641,生活,绘画,2,2,3,2.5,0,0,0,0,0,无,中,待激活型：商单一般充电弱，需运营介入
27775639,舒一北北,471678,生活,绘画,4,2,0,1.5,0,0,0,0,0,无,低,商单衰退型：曾经商单强但趋势下行，充电转化黄金窗口
490036638,姜生花_,613183,时尚,仿妆cos,2,3,1,1.75,0,0,0,0,0,无,低,低活跃型：商单充电均弱，需评估内容潜力
15527465,高璇Echo,217338,汽车,汽车生活,2,1,3,2.25,0,0,0,0,0,无,低,低活跃型：商单充电均弱，需评估内容潜力
107611832,少锴Sir,422100,游戏,单机游戏,3,3,5,4,0,0,0,0,0,无,高,商单依赖型：商单强且趋势好，短期转充电可能性极低
1984198637,西班牙陈挺,2496841,美食,美食记录,2,3,2,2.25,0,0,0,0,0,无,低,低活跃型：商单充电均弱，需评估内容潜力
46897637,白日梦实验室,585004,汽车,汽车生活,4,4,4,4,0,0,0,0,0,无,高,商单依赖型：商单强且趋势好，短期转充电可能性极低
888465,暗猫の祝福,2023090,动画,MAD·AMV,4,3,2,2.75,0,0,0,0,0,无,中,待激活型：商单一般充电弱，需运营介入
36271637,阿卢叔叔,95099,科技,数码,2,2,1,1.5,0,0,0,0,0,无,低,低活跃型：商单充电均弱，需评估内容潜力
490494088,动动枪DongDongGun,1605684,知识,社科·法律·心理,4,4,1,2.5,0,0,0,0,0,无,中,待激活型：商单一般充电弱，需运营介入
86027636,图仔Grense,100666,生活,日常,2,2,5,3.5,0,0,0,0,0,无,中,待激活型：商单一般充电弱，需运营介入
630874464,冷科普,1316239,知识,科学科普,2,4,4,3.5,0,0,0,0,0,无,中,待激活型：商单一般充电弱，需运营介入
19071708,潮汕好男人,2208918,鬼畜,鬼畜调教,3,3,0,1.5,0,0,0,0,0,无,低,低活跃型：商单充电均弱，需评估内容潜力
35888636,养胃的霖冬,912343,动画,搞笑,2,2,0,1,0,0,0,0,0,无,低,低活跃型：商单充电均弱，需评估内容潜力
11332884,Key725,1139683,游戏,网络游戏,2,4,3,3,0,0,0,0,0,无,中,待激活型：商单一般充电弱，需运营介入
86756464,还行小倪,153033,科技,软件应用,2,3,2,2.25,0,0,0,0,0,无,低,低活跃型：商单充电均弱，需评估内容潜力
248291635,小泽不是玛利亚o0,91861,生活,家居房产,3,4,5,4.25,0,0,0,0,0,无,高,商单依赖型：商单强且趋势好，短期转充电可能性极低
171086,肚子饱饱丶,191977,科技,数码,3,5,4,4,0,0,0,0,0,无,高,商单依赖型：商单强且趋势好，短期转充电可能性极低
96135086,皮儿威-,338558,生活,搞笑,2,4,3,3,0,0,0,0,0,无,中,待激活型：商单一般充电弱，需运营介入
93659087,小水水iii,329531,生活,日常,2,2,1,1.5,0,0,0,0,0,无,低,低活跃型：商单充电均弱，需评估内容潜力
17171565,蔡老板家的长工,2602055,影视,影视杂谈,2,3,4,3.25,0,0,0,0,0,无,中,待激活型：商单一般充电弱，需运营介入
1594567985,漂浪的星,79754,科技,数码,3,4,5,4.25,0,0,0,0,0,无,高,商单依赖型：商单强且趋势好，短期转充电可能性极低
454780088,慧小媛,1262770,生活,社科·法律·心理,3,2,2,2.25,0,0,0,0,0,无,低,低活跃型：商单充电均弱，需评估内容潜力
200935985,陈宸H,201060,动物圈,动物二创,3,4,5,4.25,0,0,0,0,0,无,高,商单依赖型：商单强且趋势好，短期转充电可能性极低
8993635,一只树奈奈啊,578220,生活,日常,3,4,5,4.25,0,0,0,0,0,无,高,商单依赖型：商单强且趋势好，短期转充电可能性极低
860464,少年五之歌,2371526,游戏,单机游戏,3,4,4,3.75,0,0,0,0,0,无,中,待激活型：商单一般充电弱，需运营介入
5395831,=-白以,1288955,生活,绘画,3,3,0,1.5,0,0,0,0,0,无,低,低活跃型：商单充电均弱，需评估内容潜力
11019566,毁HiFiの天木水,18353,科技,数码,2,4,2,2.5,0,0,0,0,0,无,中,待激活型：商单一般充电弱，需运营介入
82363089,小宇Boi,1243560,科技,软件应用,2,2,0,1,0,0,0,0,0,无,低,低活跃型：商单充电均弱，需评估内容潜力
489763089,毕的二阶导,2219405,知识,科学科普,5,5,4,4.5,0,0,0,0,0,无,高,商单依赖型：商单强且趋势好，短期转充电可能性极低
1772419089,YHiro博,53547,生活,家居房产,3,3,5,4,0,0,0,0,0,无,高,商单依赖型：商单强且趋势好，短期转充电可能性极低
2045577567,铁骨曾曾,1264463,生活,搞笑,2,2,2,2,0,0,0,0,0,无,低,低活跃型：商单充电均弱，需评估内容潜力
8060090,爪子drumdoll,1429780,音乐,演奏,2,3,2,2.25,0,0,0,0,0,无,低,低活跃型：商单充电均弱，需评估内容潜力
19739090,攻其不备螃蟹王,421452,游戏,网络游戏,2,5,2,2.75,0,0,0,0,0,无,中,待激活型：商单一般充电弱，需运营介入
20274090,钱韦德,169997,科技,数码,2,4,4,3.5,0,0,0,0,0,无,中,待激活型：商单一般充电弱，需运营介入
32618090,托宝_TORBJORN,713046,游戏,手机游戏,2,3,5,3.75,0,0,0,0,0,无,中,待激活型：商单一般充电弱，需运营介入
311871090,伟嘉gaara616,1101230,时尚,穿搭,4,3,4,3.75,0,0,0,0,0,无,中,待激活型：商单一般充电弱，需运营介入
1725303984,你的不秃头,620466,知识,野生技能协会,2,2,5,3.5,0,0,0,0,0,无,中,待激活型：商单一般充电弱，需运营介入
315846984,歌白说Geslook,1637421,知识,科学科普,3,3,3,3,0,0,0,0,0,无,中,待激活型：商单一般充电弱，需运营介入
11870568,拉宏桑,4474218,生活,日常,4,4,5,4.5,0,0,0,0,0,无,高,商单依赖型：商单强且趋势好，短期转充电可能性极低
511148568,冷却报告,837093,知识,科学科普,3,3,4,3.5,0,0,0,0,0,无,中,待激活型：商单一般充电弱，需运营介入
1026983568,啾啾太难辣,620638,游戏,电子竞技,2,2,1,1.5,0,0,0,0,0,无,低,低活跃型：商单充电均弱，需评估内容潜力
100764569,阿正很硬,242593,科技,数码,2,2,4,3,0,0,0,0,0,无,中,待激活型：商单一般充电弱，需运营介入
519552569,闹腾男孩KC,1362486,生活,搞笑,2,1,0,0.75,0,0,0,0,0,无,低,低活跃型：商单充电均弱，需评估内容潜力
384273570,家电夏洛克,101232,生活,家居房产,4,4,5,4.5,0,0,0,0,0,无,高,商单依赖型：商单强且趋势好，短期转充电可能性极低
517184570,画渣三查,1250780,生活,绘画,3,2,2,2.25,0,0,0,0,0,无,低,低活跃型：商单充电均弱，需评估内容潜力
5452571,胡大瑞Rae,53337,生活,家居房产,2,4,5,4,0,0,0,0,0,无,高,商单依赖型：商单强且趋势好，短期转充电可能性极低
20154571,骚骚的骚东,170964,科技,数码,2,4,5,4,0,0,0,0,0,无,高,商单依赖型：商单强且趋势好，短期转充电可能性极低
439064571,狗哥FastDog,638302,汽车,汽车生活,4,4,5,4.5,0,0,0,0,0,无,高,商单依赖型：商单强且趋势好，短期转充电可能性极低
5878572,核动力路灯,681171,鬼畜,鬼畜调教,3,4,1,2.25,0,0,0,0,0,无,低,商单衰退型：曾经商单强但趋势下行，充电转化黄金窗口
285749572,花楼楼-,91102,科技,数码,2,3,1,1.75,0,0,0,0,0,无,低,低活跃型：商单充电均弱，需评估内容潜力
371767572,Colin咔咔,253088,生活,家居房产,4,5,5,4.75,0,0,0,0,0,无,高,商单依赖型：商单强且趋势好，短期转充电可能性极低
1903016091,热爱干饭饭,2411924,知识,校园学习,2,2,4,3,0,0,0,0,0,无,中,待激活型：商单一般充电弱，需运营介入
94727573,科学认识论,852569,知识,科学科普,2,3,4,3.25,0,0,0,0,0,无,中,待激活型：商单一般充电弱，需运营介入
1116457573,Olga姐姐全网同名,163324,生活,搞笑,2,2,3,2.5,0,0,0,0,0,无,中,待激活型：商单一般充电弱，需运营介入
1140672573,小王Albert,5239125,知识,人文历史,4,4,5,4.5,0,0,0,0,0,无,高,商单依赖型：商单强且趋势好，短期转充电可能性极低
20668574,JJ大手哥,217314,科技,数码,2,2,2,2,0,0,0,0,0,无,低,低活跃型：商单充电均弱，需评估内容潜力
1914881574,想象研究所,336506,知识,科学科普,3,2,2,2.25,0,0,0,0,0,无,低,低活跃型：商单充电均弱，需评估内容潜力
107104575,大锤家电测评,220178,动物圈,喵星人,2,2,3,2.5,0,0,0,0,0,无,中,待激活型：商单一般充电弱，需运营介入
282468575,建筑生阿高,215076,知识,设计·创意,2,3,1,1.75,0,0,0,0,0,无,低,低活跃型：商单充电均弱，需评估内容潜力
18144984,咸鱼堡的医药海滩,537209,知识,财经商业,3,2,5,3.75,0,0,0,0,0,无,中,待激活型：商单一般充电弱，需运营介入
381927576,一袋儿盐,218134,生活,日常,2,2,3,2.5,0,0,0,0,0,无,中,待激活型：商单一般充电弱，需运营介入
473532576,好叫好伐,475422,生活,搞笑,2,2,1,1.5,0,0,0,0,0,无,低,低活跃型：商单充电均弱，需评估内容潜力
10674984,我是一颗梨,458595,美食,美食测评,2,3,4,3.25,0,0,0,0,0,无,中,待激活型：商单一般充电弱，需运营介入
470156882,小艾大叔,2577556,生活,家居房产,4,2,0,1.5,0,0,0,0,0,无,低,商单衰退型：曾经商单强但趋势下行，充电转化黄金窗口
1700135852,WGN家电指数,140124,汽车,汽车生活,3,4,4,3.75,0,0,0,0,0,无,中,待激活型：商单一般充电弱，需运营介入
75547577,下头男小柏,2414505,游戏,手机游戏,4,5,2,3.25,0,0,0,0,0,无,中,待激活型：商单一般充电弱，需运营介入
498505577,半只笨猪,380830,游戏,电子竞技,2,5,2,2.75,0,0,0,0,0,无,中,待激活型：商单一般充电弱，需运营介入
618226577,超级无敌螺旋老德玛,353443,游戏,电子竞技,2,4,1,2,0,0,0,0,0,无,低,商单衰退型：曾经商单强但趋势下行，充电转化黄金窗口
7312984,马可菠萝top,758395,知识,人文历史,2,4,2,2.5,0,0,0,0,0,无,中,待激活型：商单一般充电弱，需运营介入
12379882,蒜蒜蒜了八,458428,生活,家居房产,3,3,5,4,0,0,0,0,0,无,高,商单依赖型：商单强且趋势好，短期转充电可能性极低
1070980577,CoachGreg格教练,825479,运动,健身,2,3,5,3.75,0,0,0,0,0,无,中,待激活型：商单一般充电弱，需运营介入
17648578,ADBABY打你屁屁,500739,音乐,乐评盘点,2,5,4,3.75,0,0,0,0,0,无,中,待激活型：商单一般充电弱，需运营介入
53007578,反韭小队,49826,游戏,网络游戏,2,3,2,2.25,0,0,0,0,0,无,低,低活跃型：商单充电均弱，需评估内容潜力
629825579,猹泡饭233,562543,游戏,手机游戏,2,3,4,3.25,0,0,0,0,0,无,中,待激活型：商单一般充电弱，需运营介入
25503580,布锅锅,1874767,游戏,电子竞技,3,4,2,2.75,0,0,0,0,0,无,中,待激活型：商单一般充电弱，需运营介入
310611580,鹤灵Healing,625309,时尚,仿妆cos,3,2,3,2.75,0,0,0,0,0,无,中,待激活型：商单一般充电弱，需运营介入
357669580,萌萌战队,918085,知识,科学科普,2,5,3,3.25,0,0,0,0,0,无,中,待激活型：商单一般充电弱，需运营介入
86588581,三木説,883624,知识,人文历史,2,4,2,2.5,0,0,0,0,0,无,中,待激活型：商单一般充电弱，需运营介入
434157581,李格Greg,1847727,生活,日常,2,2,5,3.5,0,0,0,0,0,无,中,待激活型：商单一般充电弱，需运营介入
2119811581,峡谷混学家,982193,游戏,电子竞技,3,5,3,3.5,0,0,0,0,0,无,中,待激活型：商单一般充电弱，需运营介入
97228582,保罗车闻Cars01,34052,汽车,汽车生活,3,1,0,1,0,0,0,0,0,无,低,低活跃型：商单充电均弱，需评估内容潜力
207261582,晓观队长,2000485,时尚,日常,3,3,5,4,0,0,0,0,0,无,高,商单依赖型：商单强且趋势好，短期转充电可能性极低
318902582,好奇万花筒,151801,知识,科学科普,2,4,3,3,0,0,0,0,0,无,中,待激活型：商单一般充电弱，需运营介入
1234098582,好奇君PLUS,796339,生活,搞笑,3,4,4,3.75,0,0,0,0,0,无,中,待激活型：商单一般充电弱，需运营介入
7212583,设计师深海,1579206,知识,设计·创意,3,3,2,2.5,0,0,0,0,0,无,中,待激活型：商单一般充电弱，需运营介入
317992583,埃及南希,1094182,生活,日常,2,2,2,2,0,0,0,0,0,无,低,低活跃型：商单充电均弱，需评估内容潜力
193584,闻香识,740380,游戏,单机游戏,2,4,2,2.5,0,0,0,0,0,无,中,待激活型：商单一般充电弱，需运营介入
67991584,晓春哥XCG,604347,科技,数码,4,5,5,4.75,0,0,0,0,0,无,高,商单依赖型：商单强且趋势好，短期转充电可能性极低
443237317,野生11,579623,汽车,汽车生活,4,3,1,2.25,0,0,0,0,0,无,低,商单衰退型：曾经商单强但趋势下行，充电转化黄金窗口
34728585,极速拍档-NANA,1189788,汽车,汽车生活,4,3,5,4.25,0,0,0,0,0,无,高,商单依赖型：商单强且趋势好，短期转充电可能性极低
263817585,聪哥评测,42306,科技,数码,2,5,3,3.25,0,0,0,0,0,无,中,待激活型：商单一般充电弱，需运营介入
174890586,魔鬼厨房Neo,2851973,美食,美食制作,2,2,3,2.5,0,0,0,0,0,无,中,待激活型：商单一般充电弱，需运营介入
636571316,正经的知识,1477522,知识,科学科普,2,2,3,2.5,0,0,0,0,0,无,中,待激活型：商单一般充电弱，需运营介入
1982668634,徐大花xudahua,2227847,生活,手工,2,3,0,1.25,0,0,0,0,0,无,低,低活跃型：商单充电均弱，需评估内容潜力
430402851,像素脉动-PixelPulse,125996,舞蹈,颜值·网红舞,3,4,5,4.25,0,0,0,0,0,无,高,商单依赖型：商单强且趋势好，短期转充电可能性极低
406514830,Leo叔叔爱摄影,248818,科技,数码,2,3,5,3.75,0,0,0,0,0,无,中,待激活型：商单一般充电弱，需运营介入
549772707,摆货小天才,1190041,生活,搞笑,2,2,3,2.5,0,0,0,0,0,无,中,待激活型：商单一般充电弱，需运营介入
33878413,睿哥有点小食力,385711,美食,美食侦探,2,4,3,3,0,0,0,0,0,无,中,待激活型：商单一般充电弱，需运营介入
26376587,吃瓜郭昱麟,1026103,娱乐,娱乐杂谈,2,5,2,2.75,0,0,0,0,0,无,中,待激活型：商单一般充电弱，需运营介入
627630587,嘎嘎好物君,11048,时尚,美妆护肤,3,4,5,4.25,0,0,0,0,0,无,高,商单依赖型：商单强且趋势好，短期转充电可能性极低
6314588,极地手记,692643,科技,数码,2,2,2,2,0,0,0,0,0,无,低,低活跃型：商单充电均弱，需评估内容潜力
15232589,白木哒哒哒,1280120,动画,同人·手书,2,4,5,4,0,0,0,0,0,无,高,商单依赖型：商单强且趋势好，短期转充电可能性极低
212669589,老单喜欢当cs,229591,游戏,电子竞技,2,5,2,2.75,0,0,0,0,0,无,中,待激活型：商单一般充电弱，需运营介入
12590,epcdiy,900091,科技,数码,4,4,2,3,0,0,0,0,0,无,中,待激活型：商单一般充电弱，需运营介入
326335590,南柯一梦Jay,217352,科技,数码,3,5,5,4.5,0,0,0,0,0,无,高,商单依赖型：商单强且趋势好，短期转充电可能性极低
82429591,超大只的小软,222501,游戏,电子竞技,3,4,4,3.75,0,0,0,0,0,无,中,待激活型：商单一般充电弱，需运营介入
430641591,爱探宅,315813,生活,家居房产,2,2,3,2.5,0,0,0,0,0,无,中,待激活型：商单一般充电弱，需运营介入
520814591,谈三圈,794323,科技,科工机械,4,3,2,2.75,0,0,0,0,0,无,中,待激活型：商单一般充电弱，需运营介入
163637592,老师好我叫何同学,12741710,科技,数码,5,5,3,4,0,0,0,0,0,无,高,商单依赖型：商单强且趋势好，短期转充电可能性极低
1628708592,瞎通不设计了,370192,生活,家居房产,2,3,2,2.25,0,0,0,0,0,无,低,低活跃型：商单充电均弱，需评估内容潜力
13430593,1ng_萌心,735557,游戏,单机游戏,2,3,3,2.75,0,0,0,0,0,无,中,待激活型：商单一般充电弱，需运营介入
236165593,火花狐狸,193269,鬼畜,鬼畜剧场,2,5,2,2.75,0,0,0,0,0,无,中,待激活型：商单一般充电弱，需运营介入
510666593,极速来电,120897,科技,数码,3,3,2,2.5,0,0,0,0,0,无,中,待激活型：商单一般充电弱，需运营介入
171368594,六二二同学w,2240639,生活,日常,4,4,2,3,0,0,0,0,0,无,中,待激活型：商单一般充电弱，需运营介入
478720594,少吃点布洛芬,585017,生活,日常,2,3,1,1.75,0,0,0,0,0,无,低,低活跃型：商单充电均弱，需评估内容潜力
605484316,李汎的健身日志,791451,运动,健身,3,4,4,3.75,0,0,0,0,0,无,中,待激活型：商单一般充电弱，需运营介入
38347595,风云熊,487204,鬼畜,鬼畜剧场,2,2,5,3.5,0,0,0,0,0,无,中,待激活型：商单一般充电弱，需运营介入
1230170596,暴走星号键,223646,科技,数码,3,4,4,3.75,0,0,0,0,0,无,中,待激活型：商单一般充电弱，需运营介入
590842316,小陈在农村,1298648,动物圈,小宠异宠,3,5,1,2.5,0,0,0,0,0,无,中,待激活型：商单一般充电弱，需运营介入
701734634,-维C动物园-,3515489,动物圈,野生动物,3,4,2,2.75,0,0,0,0,0,无,中,待激活型：商单一般充电弱，需运营介入
177699597,ENZO1204,512291,运动,运动文化,3,4,2,2.75,0,0,0,0,0,无,中,待激活型：商单一般充电弱，需运营介入
391892597,青松聊,199633,时尚,穿搭,2,3,5,3.75,0,0,0,0,0,无,中,待激活型：商单一般充电弱，需运营介入
688535597,迈得丘MadQ,247046,生活,出行,2,4,5,4,0,0,0,0,0,无,高,商单依赖型：商单强且趋势好，短期转充电可能性极低
1709850597,咕叽小蘑菇,148744,影视,小剧场,2,3,2,2.25,0,0,0,0,0,无,低,低活跃型：商单充电均弱，需评估内容潜力
28626598,有山先生,2630436,知识,人文历史,3,2,0,1.25,0,0,0,0,0,无,低,低活跃型：商单充电均弱，需评估内容潜力
470806599,睡不醒的潇儿,443410,生活,日常,2,3,3,2.75,0,0,0,0,0,无,中,待激活型：商单一般充电弱，需运营介入
20048600,神牛教丶教主,564178,游戏,电子竞技,2,5,3,3.25,0,0,0,0,0,无,中,待激活型：商单一般充电弱，需运营介入
650533600,空间一号X,348228,知识,科学科普,2,3,2,2.25,0,0,0,0,0,无,低,低活跃型：商单充电均弱，需评估内容潜力
703186600,麻薯波比呀,3354222,知识,社科·法律·心理,4,5,5,4.75,0,0,0,0,0,无,高,商单依赖型：商单强且趋势好，短期转充电可能性极低
14546601,Muc虚空之翼,1050041,游戏,手机游戏,3,4,5,4.25,0,0,0,0,0,无,高,商单依赖型：商单强且趋势好，短期转充电可能性极低
274440601,朱炜强,225293,知识,出行,2,2,0,1,0,0,0,0,0,无,低,低活跃型：商单充电均弱，需评估内容潜力
383793601,小猪Kevon,296787,知识,野生技能协会,3,4,5,4.25,0,0,0,0,0,无,高,商单依赖型：商单强且趋势好，短期转充电可能性极低
495224316,一只萧包子,1476328,知识,人文历史,3,2,1,1.75,0,0,0,0,0,无,低,低活跃型：商单充电均弱，需评估内容潜力
1027792602,马晕测,114555,科技,数码,2,4,4,3.5,0,0,0,0,0,无,中,待激活型：商单一般充电弱，需运营介入
1699496602,李什么闯啊,1064968,生活,搞笑,3,4,5,4.25,0,0,0,0,0,无,高,商单依赖型：商单强且趋势好，短期转充电可能性极低
42182603,韩力寅,334688,游戏,手机游戏,2,5,3,3.25,0,0,0,0,0,无,中,待激活型：商单一般充电弱，需运营介入
167456603,口口医生在这里,595372,知识,科学科普,2,2,5,3.5,0,0,0,0,0,无,中,待激活型：商单一般充电弱，需运营介入
50763604,第五人格温柔,121046,游戏,手机游戏,2,5,4,3.75,0,0,0,0,0,无,中,待激活型：商单一般充电弱，需运营介入
3946987,小砍丶,3073512,游戏,单机游戏,3,3,1,2,0,0,0,0,0,无,低,低活跃型：商单充电均弱，需评估内容潜力
10206987,自然卷阿怪,869012,游戏,单机游戏,2,3,5,3.75,0,0,0,0,0,无,中,待激活型：商单一般充电弱，需运营介入
306771987,科技超先锋,52261,运动,运动综合,2,2,3,2.5,0,0,0,0,0,无,中,待激活型：商单一般充电弱，需运营介入
692988,小软iris,340185,生活,出行,2,2,4,3,0,0,0,0,0,无,中,待激活型：商单一般充电弱，需运营介入
3032988,密子君,3616632,美食,美食侦探,2,1,0,0.75,0,0,0,0,0,无,低,低活跃型：商单充电均弱，需评估内容潜力
574646988,爱打灭霸的响指君,347841,动物圈,喵星人,3,3,1,2,0,0,0,0,0,无,低,低活跃型：商单充电均弱，需评估内容潜力
18706318,龙女之声,1927239,知识,科学科普,3,4,2,2.75,0,0,0,0,0,无,中,待激活型：商单一般充电弱，需运营介入
58409989,牛奶是只猫-,1046807,动物圈,喵星人,3,4,5,4.25,0,0,0,0,0,无,高,商单依赖型：商单强且趋势好，短期转充电可能性极低
358223989,安坤哒,458854,游戏,单机游戏,2,4,1,2,0,0,0,0,0,无,低,商单衰退型：曾经商单强但趋势下行，充电转化黄金窗口
1405515989,The梁某人,1340456,动画,动漫杂谈,3,5,2,3,0,0,0,0,0,无,中,待激活型：商单一般充电弱，需运营介入
1834713989,超级天下无敌炒鸡蛋,818309,生活,日常,2,4,1,2,0,0,0,0,0,无,低,商单衰退型：曾经商单强但趋势下行，充电转化黄金窗口
504453319,评测臻选,745348,科技,数码,3,4,3,3.25,0,0,0,0,0,无,中,待激活型：商单一般充电弱，需运营介入
327757321,摸鱼事务所,2133381,生活,搞笑,4,5,5,4.75,0,0,0,0,0,无,高,商单依赖型：商单强且趋势好，短期转充电可能性极低
472461321,贪吃的纯子,184187,美食,美食制作,2,4,1,2,0,0,0,0,0,无,低,商单衰退型：曾经商单强但趋势下行，充电转化黄金窗口
692586321,闫紫境GwAwa,282459,科技,数码,2,1,3,2.25,0,0,0,0,0,无,低,低活跃型：商单充电均弱，需评估内容潜力
52502322,小管同學,178449,生活,搞笑,2,5,3,3.25,0,0,0,0,0,无,中,待激活型：商单一般充电弱，需运营介入
59001322,你好李涵,279058,生活,日常,2,3,3,2.75,0,0,0,0,0,无,中,待激活型：商单一般充电弱，需运营介入
2000794322,真的蓝日西,579314,生活,日常,2,5,1,2.25,0,0,0,0,0,无,低,商单衰退型：曾经商单强但趋势下行，充电转化黄金窗口
24323,国家建筑师Cthuwork,1122118,游戏,单机游戏,3,3,5,4,0,0,0,0,0,无,高,商单依赖型：商单强且趋势好，短期转充电可能性极低
4848323,数字游牧人,384517,科技,计算机技术,4,4,5,4.5,0,0,0,0,0,无,高,商单依赖型：商单强且趋势好，短期转充电可能性极低
15840324,大脸猫多多酱,268157,美食,美食测评,2,3,3,2.75,0,0,0,0,0,无,中,待激活型：商单一般充电弱，需运营介入
18223324,ArKun阿鲲,442094,游戏,单机游戏,2,2,2,2,0,0,0,0,0,无,低,低活跃型：商单充电均弱，需评估内容潜力
44648324,摄影师大元,1146853,生活,日常,2,2,0,1,0,0,0,0,0,无,低,低活跃型：商单充电均弱，需评估内容潜力
57214324,小芃路子野,1684180,生活,搞笑,3,2,0,1.25,0,0,0,0,0,无,低,低活跃型：商单充电均弱，需评估内容潜力
1159873315,大豪夫妇,906494,生活,出行,3,4,4,3.75,0,0,0,0,0,无,中,待激活型：商单一般充电弱，需运营介入
298054634,马哥巨离谱,1459349,运动,健身,4,4,4,4,0,0,0,0,0,无,高,商单依赖型：商单强且趋势好，短期转充电可能性极低
429741851,大老师Sam,2871820,游戏,手机游戏,4,5,2,3.25,0,0,0,0,0,无,中,待激活型：商单一般充电弱，需运营介入
491168990,藏藏财经,184467,知识,财经商业,2,4,3,3,0,0,0,0,0,无,中,待激活型：商单一般充电弱，需运营介入
550515990,_风过大泽,1278234,影视,影视杂谈,2,5,1,2.25,0,0,0,0,0,无,低,商单衰退型：曾经商单强但趋势下行，充电转化黄金窗口
587182990,秋田早上好,472114,知识,人文历史,2,4,2,2.5,0,0,0,0,0,无,中,待激活型：商单一般充电弱，需运营介入
3433092,狂阿弥_,2108936,影视,影视杂谈,4,3,5,4.25,0,0,0,0,0,无,高,商单依赖型：商单强且趋势好，短期转充电可能性极低
640495315,kaokaoniao,584499,生活,搞笑,2,3,5,3.75,0,0,0,0,0,无,中,待激活型：商单一般充电弱，需运营介入
371677092,小雨和雄大,740581,生活,日常,2,2,4,3,0,0,0,0,0,无,中,待激活型：商单一般充电弱，需运营介入
543338092,TXDN,370751,科技,数码,3,5,3,3.5,0,0,0,0,0,无,中,待激活型：商单一般充电弱，需运营介入
693447092,超离谱科技,1416219,科技,数码,3,3,0,1.5,0,0,0,0,0,无,低,低活跃型：商单充电均弱，需评估内容潜力
70093,12dora,337872,游戏,单机游戏,2,5,2,2.75,0,0,0,0,0,无,中,待激活型：商单一般充电弱，需运营介入
194484313,Asaki大人,1847984,游戏,单机游戏,4,5,0,2.25,0,0,0,0,0,无,低,商单衰退型：曾经商单强但趋势下行，充电转化黄金窗口
412590881,hellotina陈甜甜,374834,生活,日常,3,5,5,4.5,0,0,0,0,0,无,高,商单依赖型：商单强且趋势好，短期转充电可能性极低
40963093,小吕斯基,25822,汽车,新能源车,2,1,0,0.75,0,0,0,0,0,无,低,低活跃型：商单充电均弱，需评估内容潜力
54256094,杰克大魔王jack,2281901,动画,同人·手书,3,2,0,1.25,0,0,0,0,0,无,低,低活跃型：商单充电均弱，需评估内容潜力
392288094,欣欣不怕水,5758,科技,数码,2,3,5,3.75,0,0,0,0,0,无,中,待激活型：商单一般充电弱，需运营介入
395991094,电影迷小雅,2173983,影视,影视杂谈,3,5,1,2.5,0,0,0,0,0,无,中,待激活型：商单一般充电弱，需运营介入
672328094,嘉然今天吃什么,1853615,动画,综合,2,3,2,2.25,0,0,0,0,0,无,低,低活跃型：商单充电均弱，需评估内容潜力
85649095,张子zi,558442,游戏,单机游戏,3,5,5,4.5,0,0,0,0,0,无,高,商单依赖型：商单强且趋势好，短期转充电可能性极低
112924325,爱黏人的圆子哔___,888016,时尚,日常,2,2,0,1,0,0,0,0,0,无,低,低活跃型：商单充电均弱，需评估内容潜力
274459325,方山厨子,1775660,生活,搞笑,3,4,1,2.25,0,0,0,0,0,无,低,商单衰退型：曾经商单强但趋势下行，充电转化黄金窗口
481575325,干饭了田田圈,453277,生活,日常,2,3,5,3.75,0,0,0,0,0,无,中,待激活型：商单一般充电弱，需运营介入
16322326,丝言不吃包子,1044765,生活,日常,3,4,1,2.25,0,0,0,0,0,无,低,商单衰退型：曾经商单强但趋势下行，充电转化黄金窗口
47423326,小V的奇幻旅程,165364,生活,出行,3,4,5,4.25,0,0,0,0,0,无,高,商单依赖型：商单强且趋势好，短期转充电可能性极低
405083326,AI-Talk,145227,科技,计算机技术,2,1,0,0.75,0,0,0,0,0,无,低,低活跃型：商单充电均弱，需评估内容潜力
4778327,田同学Tino,117495,科技,软件应用,2,4,4,3.5,0,0,0,0,0,无,中,待激活型：商单一般充电弱，需运营介入
30879313,直面泰山,397078,游戏,网络游戏,2,5,2,2.75,0,0,0,0,0,无,中,待激活型：商单一般充电弱，需运营介入
124735327,-柠萌菌-,1264525,动画,MAD·AMV,2,4,2,2.5,0,0,0,0,0,无,中,待激活型：商单一般充电弱，需运营介入
336772327,一个萌二_,197872,知识,校园学习,2,2,3,2.5,0,0,0,0,0,无,中,待激活型：商单一般充电弱，需运营介入
478578327,林贰三,326246,时尚,美妆护肤,2,3,5,3.75,0,0,0,0,0,无,中,待激活型：商单一般充电弱，需运营介入
612932327,老石谈芯,559138,科技,科工机械,2,2,3,2.5,0,0,0,0,0,无,中,待激活型：商单一般充电弱，需运营介入
77669328,许跃腾腾,529559,生活,日常,2,3,4,3.25,0,0,0,0,0,无,中,待激活型：商单一般充电弱，需运营介入
25996096,不寻常的阿尔,975212,动画,同人·手书,3,3,5,4,0,0,0,0,0,无,高,商单依赖型：商单强且趋势好，短期转充电可能性极低
240852096,爱养鱼的卓林,302197,动物圈,动物综合,2,5,4,3.75,0,0,0,0,0,无,中,待激活型：商单一般充电弱，需运营介入
271280096,大羽玩AI,54992,生活,野生技能协会,2,4,5,4,0,0,0,0,0,无,高,商单依赖型：商单强且趋势好，短期转充电可能性极低
284520096,鸦魔人咔咔,446327,游戏,单机游戏,2,3,1,1.75,0,0,0,0,0,无,低,低活跃型：商单充电均弱，需评估内容潜力
4995329,曦彤Asuna,333856,科技,数码,3,3,5,4,0,0,0,0,0,无,高,商单依赖型：商单强且趋势好，短期转充电可能性极低
5460329,守拙君,1696449,游戏,单机游戏,2,3,2,2.25,0,0,0,0,0,无,低,低活跃型：商单充电均弱，需评估内容潜力
688489329,混饭达人,965600,娱乐,娱乐杂谈,2,3,5,3.75,0,0,0,0,0,无,中,待激活型：商单一般充电弱，需运营介入
6014992,叫我棉被,2030109,游戏,手机游戏,4,5,3,3.75,0,0,0,0,0,无,中,待激活型：商单一般充电弱，需运营介入
21855992,屈大将,369273,生活,搞笑,2,2,1,1.5,0,0,0,0,0,无,低,低活跃型：商单充电均弱，需评估内容潜力
515993,枪弹轨迹,3982830,鬼畜,鬼畜调教,3,3,4,3.5,0,0,0,0,0,无,中,待激活型：商单一般充电弱，需运营介入
31438993,小桑菜奈,1939244,时尚,美妆护肤,3,3,3,3,0,0,0,0,0,无,中,待激活型：商单一般充电弱，需运营介入
1074636993,老懂是我了_DongGaming,419432,游戏,手机游戏,2,5,3,3.25,0,0,0,0,0,无,中,待激活型：商单一般充电弱，需运营介入
1619097,柞木不朽,515443,游戏,手机游戏,2,3,5,3.75,0,0,0,0,0,无,中,待激活型：商单一般充电弱，需运营介入
96781097,诡计从不拖更,305366,生活,家居房产,2,2,3,2.5,0,0,0,0,0,无,中,待激活型：商单一般充电弱，需运营介入
15892313,知名相声演员BBBBB大王,3069132,时尚,美妆护肤,4,4,1,2.5,0,0,0,0,0,无,中,待激活型：商单一般充电弱，需运营介入
372296881,就想吃潮饼,123617,动画,同人·手书,3,3,1,2,0,0,0,0,0,无,低,低活跃型：商单充电均弱，需评估内容潜力
319762851,平圆方中Lebannen,1159886,时尚,穿搭,3,3,1,2,0,0,0,0,0,无,低,低活跃型：商单充电均弱，需评估内容潜力
222198830,图图老司,379957,科技,数码,2,4,5,4,0,0,0,0,0,无,高,商单依赖型：商单强且趋势好，短期转充电可能性极低
10558098,黑镖客梦回,4609506,游戏,单机游戏,3,2,0,1.25,0,0,0,0,0,无,低,低活跃型：商单充电均弱，需评估内容潜力
18343098,河野华,3249237,时尚,仿妆cos,4,3,1,2.25,0,0,0,0,0,无,低,商单衰退型：曾经商单强但趋势下行，充电转化黄金窗口
81437098,王卡卡Ken,81397,科技,数码,3,5,4,4,0,0,0,0,0,无,高,商单依赖型：商单强且趋势好，短期转充电可能性极低
660049098,显眼包小涛,107667,生活,搞笑,2,2,4,3,0,0,0,0,0,无,中,待激活型：商单一般充电弱，需运营介入
1317825098,一只广宇,550924,美食,美食侦探,2,2,1,1.5,0,0,0,0,0,无,低,低活跃型：商单充电均弱，需评估内容潜力
32172331,-战场原-,578481,动画,MAD·AMV,3,4,2,2.75,0,0,0,0,0,无,中,待激活型：商单一般充电弱，需运营介入
499391331,有趣的小罐书,259095,影视,小剧场,2,3,2,2.25,0,0,0,0,0,无,低,低活跃型：商单充电均弱，需评估内容潜力
1232542331,伶舟梨,390068,游戏,单机游戏,2,3,2,2.25,0,0,0,0,0,无,低,低活跃型：商单充电均弱，需评估内容潜力
399336332,溜溜没了吧,158375,时尚,美妆护肤,2,4,4,3.5,0,0,0,0,0,无,中,待激活型：商单一般充电弱，需运营介入
1581713332,赛博茶室,133013,游戏,单机游戏,2,3,2,2.25,0,0,0,0,0,无,低,低活跃型：商单充电均弱，需评估内容潜力
259333,矮乐多Aliga,1910689,生活,日常,3,4,2,2.75,0,0,0,0,0,无,中,待激活型：商单一般充电弱，需运营介入
140458333,狙击手麦克,2095941,游戏,手机游戏,2,2,5,3.5,0,0,0,0,0,无,中,待激活型：商单一般充电弱，需运营介入
1629467333,夜莲Annbbers,943887,游戏,网络游戏,2,5,1,2.25,0,0,0,0,0,无,低,商单衰退型：曾经商单强但趋势下行，充电转化黄金窗口
282994,泠鸢yousa,3422104,动画,综合,2,2,1,1.5,0,0,0,0,0,无,低,低活跃型：商单充电均弱，需评估内容潜力
35814994,借我300去洗牙,786423,生活,日常,2,3,5,3.75,0,0,0,0,0,无,中,待激活型：商单一般充电弱，需运营介入
249448995,龍_晨,580487,游戏,单机游戏,2,3,2,2.25,0,0,0,0,0,无,低,低活跃型：商单充电均弱，需评估内容潜力
570996,海轩大总统,1019875,游戏,单机游戏,2,3,2,2.25,0,0,0,0,0,无,低,低活跃型：商单充电均弱，需评估内容潜力
275163312,奋斗的王大刀,431907,科技,数码,4,5,5,4.75,0,0,0,0,0,无,高,商单依赖型：商单强且趋势好，短期转充电可能性极低
258602881,科技大班,79029,科技,数码,2,2,3,2.5,0,0,0,0,0,无,中,待激活型：商单一般充电弱，需运营介入
19696996,小猪姐姐zzreal,1239326,时尚,美妆护肤,3,3,1,2,0,0,0,0,0,无,低,低活跃型：商单充电均弱，需评估内容潜力
39026997,疯膜哥,56607,汽车,新能源车,2,3,5,3.75,0,0,0,0,0,无,中,待激活型：商单一般充电弱，需运营介入
1087542997,硬件侠,200179,科技,数码,2,3,2,2.25,0,0,0,0,0,无,低,低活跃型：商单充电均弱，需评估内容潜力
243566998,挖沟连彭沟长,1767334,影视,影视杂谈,3,5,4,4,0,0,0,0,0,无,高,商单依赖型：商单强且趋势好，短期转充电可能性极低
39564334,打不死的喂小强,467629,科技,数码,2,3,5,3.75,0,0,0,0,0,无,中,待激活型：商单一般充电弱，需运营介入
326427334,星球研究所,5250048,知识,科学科普,4,3,5,4.25,0,0,0,0,0,无,高,商单依赖型：商单强且趋势好，短期转充电可能性极低
755999,MaxJanice,125403,生活,日常,3,4,4,3.75,0,0,0,0,0,无,中,待激活型：商单一般充电弱，需运营介入
7057999,牛掰的瑶子,205245,生活,手工,2,4,2,2.5,0,0,0,0,0,无,中,待激活型：商单一般充电弱，需运营介入
156858999,曼巴yelomamba,295057,运动,健身,2,3,5,3.75,0,0,0,0,0,无,中,待激活型：商单一般充电弱，需运营介入
1747335,老着急的小两居,560395,生活,家居房产,2,2,2,2,0,0,0,0,0,无,低,低活跃型：商单充电均弱，需评估内容潜力
3220335,二色彩虹,891456,游戏,手机游戏,2,4,5,4,0,0,0,0,0,无,高,商单依赖型：商单强且趋势好，短期转充电可能性极低
5898335,取个啥岷,362611,生活,日常,2,3,5,3.75,0,0,0,0,0,无,中,待激活型：商单一般充电弱，需运营介入
16547335,猫菇椰汁,591087,动画,同人·手书,2,3,5,3.75,0,0,0,0,0,无,中,待激活型：商单一般充电弱，需运营介入
113362335,宝剑嫂,4875880,时尚,美妆护肤,4,5,2,3.25,0,0,0,0,0,无,中,待激活型：商单一般充电弱，需运营介入
11978336,林喵喵吖,211258,生活,搞笑,3,3,5,4,0,0,0,0,0,无,高,商单依赖型：商单强且趋势好，短期转充电可能性极低
35781336,韭菜实验室-家电版,85294,科技,数码,3,3,5,4,0,0,0,0,0,无,高,商单依赖型：商单强且趋势好，短期转充电可能性极低
479622337,云吞它爹,1473016,生活,搞笑,3,3,0,1.5,0,0,0,0,0,无,低,低活跃型：商单充电均弱，需评估内容潜力
504835337,大老湿gg,386820,科技,软件应用,3,4,2,2.75,0,0,0,0,0,无,中,待激活型：商单一般充电弱，需运营介入
586789337,我叫孙火旺,2489103,生活,搞笑,3,4,1,2.25,0,0,0,0,0,无,低,商单衰退型：曾经商单强但趋势下行，充电转化黄金窗口
1552078337,诺千金姐姐,567906,知识,校园学习,2,3,5,3.75,0,0,0,0,0,无,中,待激活型：商单一般充电弱，需运营介入
13357338,小巨人猪大星,419210,鬼畜,鬼畜调教,2,3,5,3.75,0,0,0,0,0,无,中,待激活型：商单一般充电弱，需运营介入
160457338,这里有垫狐星儿,364638,游戏,网络游戏,2,5,2,2.75,0,0,0,0,0,无,中,待激活型：商单一般充电弱，需运营介入
173323339,天空岛的愚者,305214,游戏,手机游戏,2,5,2,2.75,0,0,0,0,0,无,中,待激活型：商单一般充电弱，需运营介入
503557339,奶牛猫Channel,54402,科技,数码,2,4,2,2.5,0,0,0,0,0,无,中,待激活型：商单一般充电弱，需运营介入
8542312,箱庭计划,520123,科技,数码,3,4,5,4.25,0,0,0,0,0,无,高,商单依赖型：商单强且趋势好，短期转充电可能性极低
85540340,努力摆烂的白寒酥,314855,游戏,手机游戏,2,4,2,2.5,0,0,0,0,0,无,中,待激活型：商单一般充电弱，需运营介入
492456340,公子龙龙龙,186911,科技,计算机技术,3,4,2,2.75,0,0,0,0,0,无,中,待激活型：商单一般充电弱，需运营介入
1958342,水无月菌,2724830,游戏,单机游戏,4,4,5,4.5,0,0,0,0,0,无,高,商单依赖型：商单强且趋势好，短期转充电可能性极低
324086342,蕾儿乔什看世界,1189661,生活,出行,2,3,2,2.25,0,0,0,0,0,无,低,低活跃型：商单充电均弱，需评估内容潜力
96967343,大喜唠嗑家,1215687,影视,影视杂谈,3,4,1,2.25,0,0,0,0,0,无,低,商单衰退型：曾经商单强但趋势下行，充电转化黄金窗口
290014343,李论科学,1500680,知识,科学科普,3,5,5,4.5,0,0,0,0,0,无,高,商单依赖型：商单强且趋势好，短期转充电可能性极低
410526343,阿良在户外,46575,生活,出行,3,1,3,2.5,0,0,0,0,0,无,中,待激活型：商单一般充电弱，需运营介入
415897343,初九Haimon,1723449,时尚,仿妆cos,3,2,4,3.25,0,0,0,0,0,无,中,待激活型：商单一般充电弱，需运营介入
1382820343,圣甲虫爱开车,72763,汽车,汽车生活,2,1,3,2.25,0,0,0,0,0,无,低,低活跃型：商单充电均弱，需评估内容潜力
16523099,梦格尔_,715859,动画,同人·手书,2,2,0,1,0,0,0,0,0,无,低,低活跃型：商单充电均弱，需评估内容潜力
78021099,社恐呆里克,260771,生活,出行,2,3,4,3.25,0,0,0,0,0,无,中,待激活型：商单一般充电弱，需运营介入
448165099,军情D7处,1322372,知识,人文历史,3,5,4,4,0,0,0,0,0,无,高,商单依赖型：商单强且趋势好，短期转充电可能性极低
1895195099,江寻千,5147771,美食,美食制作,4,2,0,1.5,0,0,0,0,0,无,低,商单衰退型：曾经商单强但趋势下行，充电转化黄金窗口
281120100,我是阿众,570382,科技,软件应用,3,4,4,3.75,0,0,0,0,0,无,中,待激活型：商单一般充电弱，需运营介入
538142100,圆圆的智子,678885,动物圈,喵星人,4,5,4,4.25,0,0,0,0,0,无,高,商单依赖型：商单强且趋势好，短期转充电可能性极低
1791101,鲁过一世,1577179,动画,动漫杂谈,3,3,3,3,0,0,0,0,0,无,中,待激活型：商单一般充电弱，需运营介入
297153101,一杯气泡猹,501584,游戏,单机游戏,3,5,4,4,0,0,0,0,0,无,高,商单依赖型：商单强且趋势好，短期转充电可能性极低
1145726101,老周搞机社,531666,运动,健身,2,4,3,3,0,0,0,0,0,无,中,待激活型：商单一般充电弱，需运营介入
5626102,科技宅小明,845852,科技,数码,4,5,5,4.75,0,0,0,0,0,无,高,商单依赖型：商单强且趋势好，短期转充电可能性极低
107242102,大沛沛沛吖,724667,时尚,美妆护肤,2,2,3,2.5,0,0,0,0,0,无,中,待激活型：商单一般充电弱，需运营介入
1582635102,夏天妹妹,1289033,影视,短片,3,2,0,1.25,0,0,0,0,0,无,低,低活跃型：商单充电均弱，需评估内容潜力
2072577982,卑鄙的老曹,1292722,生活,日常,3,4,1,2.25,0,0,0,0,0,无,低,商单衰退型：曾经商单强但趋势下行，充电转化黄金窗口
667277633,虾哥方程式,284875,汽车,赛车,3,2,3,2.75,0,0,0,0,0,无,中,待激活型：商单一般充电弱，需运营介入
42561463,浑元Rysn,4453155,音乐,演奏,4,5,2,3.25,0,0,0,0,0,无,中,待激活型：商单一般充电弱，需运营介入
7875104,千户长生,1203592,时尚,美妆护肤,3,2,0,1.25,0,0,0,0,0,无,低,低活跃型：商单充电均弱，需评估内容潜力
39392104,食影双修,939628,影视,影视杂谈,3,5,3,3.5,0,0,0,0,0,无,中,待激活型：商单一般充电弱，需运营介入
111522104,接二连珊妄想症,1130634,娱乐,娱乐杂谈,3,5,4,4,0,0,0,0,0,无,高,商单依赖型：商单强且趋势好，短期转充电可能性极低
317783104,超正经的小李,1013933,生活,搞笑,2,2,0,1,0,0,0,0,0,无,低,低活跃型：商单充电均弱，需评估内容潜力
18202105,绵羊料理,12000874,美食,美食制作,4,4,0,2,0,0,0,0,0,无,低,商单衰退型：曾经商单强但趋势下行，充电转化黄金窗口
270105105,赖皮猴爱美食,2341031,美食,美食制作,3,2,4,3.25,0,0,0,0,0,无,中,待激活型：商单一般充电弱，需运营介入
483311105,先看评测,2572463,科技,数码,5,5,3,4,0,0,0,0,0,无,高,商单依赖型：商单强且趋势好，短期转充电可能性极低
49827106,明哥奇趣,1713103,知识,科学科普,2,5,1,2.25,0,0,0,0,0,无,低,商单衰退型：曾经商单强但趋势下行，充电转化黄金窗口
178690106,搞机所,2521363,科技,数码,5,5,4,4.5,0,0,0,0,0,无,高,商单依赖型：商单强且趋势好，短期转充电可能性极低
597349106,白鲸测评,73471,知识,人文历史,2,3,1,1.75,0,0,0,0,0,无,低,低活跃型：商单充电均弱，需评估内容潜力
289706107,淘沙博士,650998,知识,财经商业,2,3,2,2.25,0,0,0,0,0,无,低,低活跃型：商单充电均弱，需评估内容潜力
454228982,贤良淑德列克星敦太太,1282695,游戏,网络游戏,2,3,1,1.75,0,0,0,0,0,无,低,低活跃型：商单充电均弱，需评估内容潜力
198984982,泠代Lulu,652677,游戏,手机游戏,3,5,4,4,0,0,0,0,0,无,高,商单依赖型：商单强且趋势好，短期转充电可能性极低
348656633,迪仔Dizzz,304250,科技,数码,2,2,3,2.5,0,0,0,0,0,无,中,待激活型：商单一般充电弱，需运营介入
2125857107,李大可爱玩,442682,科技,软件应用,2,2,5,3.5,0,0,0,0,0,无,中,待激活型：商单一般充电弱，需运营介入
39780108,我是多肉动物,122087,生活,日常,2,4,4,3.5,0,0,0,0,0,无,中,待激活型：商单一般充电弱，需运营介入
1420982,黑猫厨房,4808066,美食,美食制作,3,3,0,1.5,0,0,0,0,0,无,低,低活跃型：商单充电均弱，需评估内容潜力
156138633,麦克斯MAXD,51618,科技,数码,2,3,2,2.25,0,0,0,0,0,无,低,低活跃型：商单充电均弱，需评估内容潜力
498957850,勇敢哥特,1533023,生活,搞笑,3,3,5,4,0,0,0,0,0,无,高,商单依赖型：商单强且趋势好，短期转充电可能性极低
29959830,Topbook,913962,知识,野生技能协会,2,2,5,3.5,0,0,0,0,0,无,中,待激活型：商单一般充电弱，需运营介入
1867759108,大鹏快开车,734918,汽车,新能源车,4,3,3,3.25,0,0,0,0,0,无,中,待激活型：商单一般充电弱，需运营介入
2071294108,家电player,204118,生活,数码,4,4,5,4.5,0,0,0,0,0,无,高,商单依赖型：商单强且趋势好，短期转充电可能性极低
64391344,51972,571868,科技,数码,3,3,5,4,0,0,0,0,0,无,高,商单依赖型：商单强且趋势好，短期转充电可能性极低
471278344,WHYLAB,665148,科技,数码,4,5,3,3.75,0,0,0,0,0,无,中,待激活型：商单一般充电弱，需运营介入
18668109,彼岸的水坑-,1167676,时尚,穿搭,2,2,0,1,0,0,0,0,0,无,低,低活跃型：商单充电均弱，需评估内容潜力
649413109,三角洲蛋少,172617,知识,科学科普,2,4,1,2,0,0,0,0,0,无,低,商单衰退型：曾经商单强但趋势下行，充电转化黄金窗口
33824345,M木糖M,2983844,游戏,单机游戏,2,2,1,1.5,0,0,0,0,0,无,低,低活跃型：商单充电均弱，需评估内容潜力
285877345,性能计划,136436,汽车,汽车生活,2,3,5,3.75,0,0,0,0,0,无,中,待激活型：商单一般充电弱，需运营介入
310268345,阿甘体验,385061,科技,数码,2,4,3,3,0,0,0,0,0,无,中,待激活型：商单一般充电弱，需运营介入
406937345,怕黑的胶泥J,36830,科技,数码,2,5,2,2.75,0,0,0,0,0,无,中,待激活型：商单一般充电弱，需运营介入
7594110,烽火湛蓝,457583,游戏,GMV,3,5,1,2.5,0,0,0,0,0,无,中,待激活型：商单一般充电弱，需运营介入
367923110,思远的南阁子,255687,知识,社科·法律·心理,2,2,0,1,0,0,0,0,0,无,低,低活跃型：商单充电均弱，需评估内容潜力
423865110,一只油皮岛民,141404,时尚,美妆护肤,2,3,5,3.75,0,0,0,0,0,无,中,待激活型：商单一般充电弱，需运营介入
435203110,村长托马斯,487291,汽车,赛车,2,3,1,1.75,0,0,0,0,0,无,低,低活跃型：商单充电均弱，需评估内容潜力
1833524110,含亮老师,1579822,运动,运动综合,3,4,5,4.25,0,0,0,0,0,无,高,商单依赖型：商单强且趋势好，短期转充电可能性极低
14068111,黝黑蜗壳天眼老师,1374353,运动,篮球,2,4,3,3,0,0,0,0,0,无,中,待激活型：商单一般充电弱，需运营介入
24393111,龙大井,269877,游戏,网络游戏,3,4,1,2.25,0,0,0,0,0,无,低,商单衰退型：曾经商单强但趋势下行，充电转化黄金窗口
447317111,Meetfood觅食,5397250,美食,美食侦探,4,3,1,2.25,0,0,0,0,0,无,低,商单衰退型：曾经商单强但趋势下行，充电转化黄金窗口
604805111,MOMO是只嘤嘤怪,185276,动物圈,汪星人,2,4,5,4,0,0,0,0,0,无,高,商单依赖型：商单强且趋势好，短期转充电可能性极低
403943112,这知识好冷,1521099,知识,科学科普,3,3,5,4,0,0,0,0,0,无,高,商单依赖型：商单强且趋势好，短期转充电可能性极低
2146925112,乱小世,451731,生活,搞笑,3,4,2,2.75,0,0,0,0,0,无,中,待激活型：商单一般充电弱，需运营介入
32426113,肖恩看,654825,生活,出行,3,2,2,2.25,0,0,0,0,0,无,低,低活跃型：商单充电均弱，需评估内容潜力
14871346,硬件茶谈,3895344,科技,数码,4,5,5,4.75,0,0,0,0,0,无,高,商单依赖型：商单强且趋势好，短期转充电可能性极低
97747346,查大本事,1544368,生活,搞笑,3,4,1,2.25,0,0,0,0,0,无,低,商单衰退型：曾经商单强但趋势下行，充电转化黄金窗口
32187114,改-放,600525,游戏,手机游戏,2,4,4,3.5,0,0,0,0,0,无,中,待激活型：商单一般充电弱，需运营介入
36965114,来电科技,202376,美食,美食测评,3,3,3,3,0,0,0,0,0,无,中,待激活型：商单一般充电弱，需运营介入
287348114,主人必须屎,246229,动物圈,喵星人,2,2,3,2.5,0,0,0,0,0,无,中,待激活型：商单一般充电弱，需运营介入
408672114,噬元兽影视,569463,影视,影视杂谈,3,5,5,4.5,0,0,0,0,0,无,高,商单依赖型：商单强且趋势好，短期转充电可能性极低
1767112114,史上醉,1081681,游戏,电子竞技,2,2,2,2,0,0,0,0,0,无,低,低活跃型：商单充电均弱，需评估内容潜力
1691347,大橙橙橙子,2845036,游戏,单机游戏,2,4,1,2,0,0,0,0,0,无,低,商单衰退型：曾经商单强但趋势下行，充电转化黄金窗口
326783347,NMNP陈璟,723602,汽车,改装玩车,4,4,5,4.5,0,0,0,0,0,无,高,商单依赖型：商单强且趋势好，短期转充电可能性极低
384425347,老油条说,382156,游戏,网络游戏,3,3,5,4,0,0,0,0,0,无,高,商单依赖型：商单强且趋势好，短期转充电可能性极低
436368347,东方日出哇,1152329,游戏,单机游戏,2,4,2,2.5,0,0,0,0,0,无,中,待激活型：商单一般充电弱，需运营介入
2022881347,史馆思答夫,319854,影视,影视杂谈,2,5,3,3.25,0,0,0,0,0,无,中,待激活型：商单一般充电弱，需运营介入
12115115,黎落千夜,323646,动画,同人·手书,2,4,5,4,0,0,0,0,0,无,高,商单依赖型：商单强且趋势好，短期转充电可能性极低
12750115,谢谢艺,792063,生活,日常,3,3,5,4,0,0,0,0,0,无,高,商单依赖型：商单强且趋势好，短期转充电可能性极低
62896115,科技闯祸王,74314,生活,搞笑,2,3,2,2.25,0,0,0,0,0,无,低,低活跃型：商单充电均弱，需评估内容潜力
420843115,泰哥是只小暖猫,317717,动物圈,喵星人,2,3,4,3.25,0,0,0,0,0,无,中,待激活型：商单一般充电弱，需运营介入
50660116,上班族的便当,3373813,美食,美食制作,3,4,1,2.25,0,0,0,0,0,无,低,商单衰退型：曾经商单强但趋势下行，充电转化黄金窗口
290982,zcy902,536286,动画,同人·手书,2,3,3,2.75,0,0,0,0,0,无,中,待激活型：商单一般充电弱，需运营介入
343348,口袋迷ag,1211967,游戏,单机游戏,2,5,2,2.75,0,0,0,0,0,无,中,待激活型：商单一般充电弱，需运营介入
1146388214,Aleks_Kost,1763517,生活,搞笑,2,1,3,2.25,0,0,0,0,0,无,低,低活跃型：商单充电均弱，需评估内容潜力
6179633,诗篇里的落花,114212,科技,数码,2,3,3,2.75,0,0,0,0,0,无,中,待激活型：商单一般充电弱，需运营介入
522116348,韭皇最前线,296302,生活,家居房产,3,3,5,4,0,0,0,0,0,无,高,商单依赖型：商单强且趋势好，短期转充电可能性极低
523494348,包子三角洲行动,414565,游戏,单机游戏,2,3,2,2.25,0,0,0,0,0,无,低,低活跃型：商单充电均弱，需评估内容潜力
1177893348,匠人集,1028653,知识,人文历史,3,2,4,3.25,0,0,0,0,0,无,中,待激活型：商单一般充电弱，需运营介入
1924209348,食物星球,459509,生活,日常,2,2,2,2,0,0,0,0,0,无,低,低活跃型：商单充电均弱，需评估内容潜力
7349,STN工作室,2549634,游戏,单机游戏,4,4,2,3,0,0,0,0,0,无,中,待激活型：商单一般充电弱，需运营介入
490818349,-陨风-,1335622,游戏,单机游戏,2,2,0,1,0,0,0,0,0,无,低,低活跃型：商单充电均弱，需评估内容潜力
1046210349,迂磨二公子,851095,生活,搞笑,2,4,1,2,0,0,0,0,0,无,低,商单衰退型：曾经商单强但趋势下行，充电转化黄金窗口
1298429349,阿东乐园,493773,动物圈,动物综合,2,4,3,3,0,0,0,0,0,无,中,待激活型：商单一般充电弱，需运营介入
1759259349,YOLO先生啊,41068,科技,数码,3,4,5,4.25,0,0,0,0,0,无,高,商单依赖型：商单强且趋势好，短期转充电可能性极低
2177350,时光之光,49956,科技,数码,2,5,2,2.75,0,0,0,0,0,无,中,待激活型：商单一般充电弱，需运营介入
15472350,降B_大调,323653,娱乐,娱乐杂谈,2,5,3,3.25,0,0,0,0,0,无,中,待激活型：商单一般充电弱，需运营介入
22683350,-不灵-,284255,动画,MMD·3D,2,4,2,2.5,0,0,0,0,0,无,中,待激活型：商单一般充电弱，需运营介入
285376350,万能小维,133661,生活,出行,2,4,5,4,0,0,0,0,0,无,高,商单依赖型：商单强且趋势好，短期转充电可能性极低
471303350,大狸子切切里,2726460,科技,数码,5,5,5,5,0,0,0,0,0,无,高,商单依赖型：商单强且趋势好，短期转充电可能性极低
433351,EdmundDZhang,3179649,游戏,单机游戏,3,5,2,3,0,0,0,0,0,无,中,待激活型：商单一般充电弱，需运营介入
15161351,越with霓虹鸡,493568,生活,其他,2,2,1,1.5,0,0,0,0,0,无,低,低活跃型：商单充电均弱，需评估内容潜力
6768352,粥粥的奇妙冒险,1551475,动画,同人·手书,3,4,2,2.75,0,0,0,0,0,无,中,待激活型：商单一般充电弱，需运营介入
282067352,小仙-三角洲行动,877691,游戏,电子竞技,3,5,1,2.5,0,0,0,0,0,无,中,待激活型：商单一般充电弱，需运营介入
1613630352,北斗星阿帅,538920,影视,短片,3,3,1,2,0,0,0,0,0,无,低,低活跃型：商单充电均弱，需评估内容潜力
8372353,大米评测,1431061,科技,数码,3,2,5,3.75,0,0,0,0,0,无,中,待激活型：商单一般充电弱，需运营介入
13689353,久远丶酱,843076,动画,综合,3,4,2,2.75,0,0,0,0,0,无,中,待激活型：商单一般充电弱，需运营介入
492303353,王左导演,885768,知识,人文历史,3,2,0,1.25,0,0,0,0,0,无,低,低活跃型：商单充电均弱，需评估内容潜力
538596213,罗永浩的十字路口,951230,生活,搞笑,2,5,5,4.25,0,0,0,0,0,无,高,商单依赖型：商单强且趋势好，短期转充电可能性极低
12019354,ToTo文翰,282844,汽车,汽车生活,4,3,4,3.75,0,0,0,0,0,无,中,待激活型：商单一般充电弱，需运营介入
15725354,花跃社,3718,音乐,原创音乐,2,3,3,2.75,0,0,0,0,0,无,中,待激活型：商单一般充电弱，需运营介入
385786354,何香蓓Betty,1552018,生活,出行,2,1,0,0.75,0,0,0,0,0,无,低,低活跃型：商单充电均弱，需评估内容潜力
506761354,快乐的苏胖,905571,美食,美食侦探,3,3,4,3.5,0,0,0,0,0,无,中,待激活型：商单一般充电弱，需运营介入
591610354,Gray格雷老师,445983,游戏,校园学习,3,4,2,2.75,0,0,0,0,0,无,中,待激活型：商单一般充电弱，需运营介入
73415355,GM的秘密基地,2013334,生活,手工,3,3,3,3,0,0,0,0,0,无,中,待激活型：商单一般充电弱，需运营介入
398129212,咋拍好ZPH,233499,科技,数码,2,3,5,3.75,0,0,0,0,0,无,中,待激活型：商单一般充电弱，需运营介入
1962633,Yui柯基大聪明,1364040,生活,其他,4,4,2,3,0,0,0,0,0,无,中,待激活型：商单一般充电弱，需运营介入
178029850,杜海皇,6471356,生活,搞笑,5,5,1,3,0,0,0,0,0,无,中,待激活型：商单一般充电弱，需运营介入
84130356,夏天y,1924757,游戏,单机游戏,2,2,0,1,0,0,0,0,0,无,低,低活跃型：商单充电均弱，需评估内容潜力
6272357,o小庄o,1518564,时尚,美妆护肤,3,3,2,2.5,0,0,0,0,0,无,中,待激活型：商单一般充电弱，需运营介入
23404357,万魔寺,51722,科技,数码,2,5,5,4.25,0,0,0,0,0,无,高,商单依赖型：商单强且趋势好，短期转充电可能性极低
1618410357,吃不饱仨战士,2606729,美食,美食侦探,2,4,1,2,0,0,0,0,0,无,低,商单衰退型：曾经商单强但趋势下行，充电转化黄金窗口
14232358,李老师Leo,405243,游戏,单机游戏,2,3,5,3.75,0,0,0,0,0,无,中,待激活型：商单一般充电弱，需运营介入
23785358,羊阿闹,59672,科技,数码,2,4,3,3,0,0,0,0,0,无,中,待激活型：商单一般充电弱，需运营介入
59412358,房叔叨叨叨,507666,知识,科学科普,2,4,2,2.5,0,0,0,0,0,无,中,待激活型：商单一般充电弱，需运营介入
9321359,FUN科技,1622704,科技,数码,4,5,3,3.75,0,0,0,0,0,无,中,待激活型：商单一般充电弱，需运营介入
15874359,大阪流浪社长,580140,美食,美食侦探,2,4,5,4,0,0,0,0,0,无,高,商单依赖型：商单强且趋势好，短期转充电可能性极低
474702359,自来卷三木,3019230,生活,搞笑,4,5,2,3.25,0,0,0,0,0,无,中,待激活型：商单一般充电弱，需运营介入
544827359,Beryl-老绿,113818,游戏,手机游戏,3,3,2,2.5,0,0,0,0,0,无,中,待激活型：商单一般充电弱，需运营介入
1051357359,只因宝宝儿,891362,生活,搞笑,2,3,2,2.25,0,0,0,0,0,无,低,低活跃型：商单充电均弱，需评估内容潜力
1653167359,设计师小罗,61947,生活,家居房产,2,3,2,2.25,0,0,0,0,0,无,低,低活跃型：商单充电均弱，需评估内容潜力
8985360,安饺辣,288130,时尚,美妆护肤,2,3,2,2.25,0,0,0,0,0,无,低,低活跃型：商单充电均弱，需评估内容潜力
10680360,老八捌,799049,时尚,美妆护肤,2,2,3,2.5,0,0,0,0,0,无,中,待激活型：商单一般充电弱，需运营介入
36082360,阅路山,138809,生活,出行,2,3,1,1.75,0,0,0,0,0,无,低,低活跃型：商单充电均弱，需评估内容潜力
107873360,莱昂凯shyeark,453720,游戏,电子竞技,2,3,1,1.75,0,0,0,0,0,无,低,低活跃型：商单充电均弱，需评估内容潜力
382894360,庭树沐年,1252096,生活,日常,3,2,1,1.75,0,0,0,0,0,无,低,低活跃型：商单充电均弱，需评估内容潜力
331514361,苏醒游戏解说,2097192,游戏,手机游戏,2,2,3,2.5,0,0,0,0,0,无,中,待激活型：商单一般充电弱，需运营介入
10462362,天天卡牌,2297381,游戏,电子竞技,3,5,2,3,0,0,0,0,0,无,中,待激活型：商单一般充电弱，需运营介入
447297362,青年门派,394366,知识,财经商业,2,2,3,2.5,0,0,0,0,0,无,中,待激活型：商单一般充电弱，需运营介入
2755363,熊人族嗷非秀,165924,游戏,单机游戏,2,5,5,4.25,0,0,0,0,0,无,高,商单依赖型：商单强且趋势好，短期转充电可能性极低
6875363,不是的的是のの,1749179,游戏,手机游戏,3,4,5,4.25,0,0,0,0,0,无,高,商单依赖型：商单强且趋势好，短期转充电可能性极低
406303364,杨道理不吵架,823226,游戏,手机游戏,2,5,5,4.25,0,0,0,0,0,无,高,商单依赖型：商单强且趋势好，短期转充电可能性极低
137429365,火山哥哥,1940131,游戏,单机游戏,3,2,5,3.75,0,0,0,0,0,无,中,待激活型：商单一般充电弱，需运营介入
486236365,刺猬厂长,52285,科技,数码,2,4,2,2.5,0,0,0,0,0,无,中,待激活型：商单一般充电弱，需运营介入
10897366,小精灵real,1149757,生活,原创音乐,4,3,1,2.25,0,0,0,0,0,无,低,商单衰退型：曾经商单强但趋势下行，充电转化黄金窗口
38561366,家居大魔王,57762,动物圈,小宠异宠,2,3,1,1.75,0,0,0,0,0,无,低,低活跃型：商单充电均弱，需评估内容潜力
280011366,西瓜酥Su,441604,游戏,手机游戏,2,4,2,2.5,0,0,0,0,0,无,中,待激活型：商单一般充电弱，需运营介入
519585366,游戏BBQ,1323234,游戏,电子竞技,3,5,1,2.5,0,0,0,0,0,无,中,待激活型：商单一般充电弱，需运营介入
14848367,Xuan_酱,536014,科技,计算机技术,4,4,2,3,0,0,0,0,0,无,中,待激活型：商单一般充电弱，需运营介入
40011367,彪哥椅子评测,33784,生活,家居房产,2,4,5,4,0,0,0,0,0,无,高,商单依赖型：商单强且趋势好，短期转充电可能性极低
278761367,唯一讲述者,1917449,知识,社科·法律·心理,3,5,2,3,0,0,0,0,0,无,中,待激活型：商单一般充电弱，需运营介入
348989367,沫子瞪片,2795006,影视,影视杂谈,4,5,4,4.25,0,0,0,0,0,无,高,商单依赖型：商单强且趋势好，短期转充电可能性极低
1594681367,铁铁铁柱_,552616,影视,影视杂谈,2,4,2,2.5,0,0,0,0,0,无,中,待激活型：商单一般充电弱，需运营介入
236590368,时睦华,17410,汽车,新能源车,3,1,3,2.5,0,0,0,0,0,无,中,待激活型：商单一般充电弱，需运营介入
17134369,司墨尧smile,3085030,音乐,原创音乐,4,4,1,2.5,0,0,0,0,0,无,中,待激活型：商单一般充电弱，需运营介入
100825369,十万个品牌故事,821710,知识,财经商业,2,2,5,3.5,0,0,0,0,0,无,中,待激活型：商单一般充电弱，需运营介入
328499369,交流分量,77929,科技,数码,2,3,3,2.75,0,0,0,0,0,无,中,待激活型：商单一般充电弱，需运营介入
385670211,秋芝2046,918140,科技,软件应用,3,3,5,4,0,0,0,0,0,无,高,商单依赖型：商单强且趋势好，短期转充电可能性极低
310991371,绵羊小料,299017,生活,搞笑,2,1,0,0.75,0,0,0,0,0,无,低,低活跃型：商单充电均弱，需评估内容潜力
403637371,老飞宇66,4112905,游戏,网络游戏,4,4,2,3,0,0,0,0,0,无,中,待激活型：商单一般充电弱，需运营介入
406871371,捏碳碳碳碳,1883742,动画,同人·手书,3,2,0,1.25,0,0,0,0,0,无,低,低活跃型：商单充电均弱，需评估内容潜力
343086372,江鸽北主任,3365203,游戏,单机游戏,3,3,5,4,0,0,0,0,0,无,高,商单依赖型：商单强且趋势好，短期转充电可能性极低
605373,日石rs终极大魔头,552228,游戏,桌游棋牌,2,2,5,3.5,0,0,0,0,0,无,中,待激活型：商单一般充电弱，需运营介入
15084373,-万游引力-,227839,游戏,单机游戏,2,5,3,3.25,0,0,0,0,0,无,中,待激活型：商单一般充电弱，需运营介入
1151638210,搞事明天玩什么生活版,764605,美食,美食记录,3,5,3,3.5,0,0,0,0,0,无,中,待激活型：商单一般充电弱，需运营介入
667710632,三个猪鼓励,1666185,生活,搞笑,3,2,1,1.75,0,0,0,0,0,无,低,低活跃型：商单充电均弱，需评估内容潜力
491593210,姬一元,2333290,美食,美食测评,2,3,5,3.75,0,0,0,0,0,无,中,待激活型：商单一般充电弱，需运营介入
126085374,Ziwwwwwuuu,1345294,动画,同人·手书,2,2,5,3.5,0,0,0,0,0,无,中,待激活型：商单一般充电弱，需运营介入
16054375,自动鬼畜中的WZ,1808970,鬼畜,鬼畜调教,4,4,2,3,0,0,0,0,0,无,中,待激活型：商单一般充电弱，需运营介入
2048450375,亦周真体验,189479,科技,数码,2,4,5,4,0,0,0,0,0,无,高,商单依赖型：商单强且趋势好，短期转充电可能性极低
2702376,阿Miao今天马枪了吗,116735,游戏,单机游戏,2,5,5,4.25,0,0,0,0,0,无,高,商单依赖型：商单强且趋势好，短期转充电可能性极低
12160376,Crazy和弦,439669,美食,美食记录,2,4,5,4,0,0,0,0,0,无,高,商单依赖型：商单强且趋势好，短期转充电可能性极低
130914376,江灵夏草,333244,科技,数码,2,2,2,2,0,0,0,0,0,无,低,低活跃型：商单充电均弱，需评估内容潜力
1347373376,GeekLogic,250358,科技,数码,2,2,4,3,0,0,0,0,0,无,中,待激活型：商单一般充电弱，需运营介入
1745356376,维亚德,1343278,运动,健身,2,3,5,3.75,0,0,0,0,0,无,中,待激活型：商单一般充电弱，需运营介入
2371377,斑鸠鸭,368386,影视,影视杂谈,2,4,1,2,0,0,0,0,0,无,低,商单衰退型：曾经商单强但趋势下行，充电转化黄金窗口
1037287377,望远镜-Telescope,64695,汽车,新能源车,3,3,3,3,0,0,0,0,0,无,中,待激活型：商单一般充电弱，需运营介入
271894378,你溜溜哥,653428,汽车,改装玩车,4,2,3,3,0,0,0,0,0,无,中,待激活型：商单一般充电弱，需运营介入
442264378,大锤LBX,258157,生活,手工,2,1,0,0.75,0,0,0,0,0,无,低,低活跃型：商单充电均弱，需评估内容潜力
1351379,赫萝老师,978336,动画,动漫杂谈,3,4,2,2.75,0,0,0,0,0,无,中,待激活型：商单一般充电弱，需运营介入
7788379,兔叭咯,8111018,知识,科学科普,4,4,5,4.5,0,0,0,0,0,无,高,商单依赖型：商单强且趋势好，短期转充电可能性极低
20841379,7鲸尾,1127368,生活,搞笑,4,4,3,3.5,0,0,0,0,0,无,中,待激活型：商单一般充电弱，需运营介入
380060379,大姚和他的朋友们,41062,汽车,汽车生活,2,1,0,0.75,0,0,0,0,0,无,低,低活跃型：商单充电均弱，需评估内容潜力
27380,钻头V会长,441808,游戏,手机游戏,2,3,2,2.25,0,0,0,0,0,无,低,低活跃型：商单充电均弱，需评估内容潜力
349516380,森树Tree,317588,科技,数码,3,3,2,2.5,0,0,0,0,0,无,中,待激活型：商单一般充电弱，需运营介入
393919380,S学姐shadow,93186,运动,健身,2,3,5,3.75,0,0,0,0,0,无,中,待激活型：商单一般充电弱，需运营介入
11706381,布丁的猫meme,525828,生活,日常,2,4,1,2,0,0,0,0,0,无,低,商单衰退型：曾经商单强但趋势下行，充电转化黄金窗口
488818381,科技体验派,333956,科技,数码,4,5,2,3.25,0,0,0,0,0,无,中,待激活型：商单一般充电弱，需运营介入
506739381,润泽想学习学习,34233,运动,运动文化,2,2,3,2.5,0,0,0,0,0,无,中,待激活型：商单一般充电弱，需运营介入
254420382,在下易某很细,1284759,游戏,电子竞技,3,4,2,2.75,0,0,0,0,0,无,中,待激活型：商单一般充电弱，需运营介入
1599697382,玩车日志CarsJournal,603667,汽车,汽车生活,4,3,5,4.25,0,0,0,0,0,无,高,商单依赖型：商单强且趋势好，短期转充电可能性极低
436159383,二十四伎乐,245401,音乐,演奏,2,1,0,0.75,0,0,0,0,0,无,低,低活跃型：商单充电均弱，需评估内容潜力
299732210,-TS映画-,1013046,动画,MAD·AMV,3,4,4,3.75,0,0,0,0,0,无,中,待激活型：商单一般充电弱，需运营介入
28047632,太吾车神,414952,运动,篮球,2,5,3,3.25,0,0,0,0,0,无,中,待激活型：商单一般充电弱，需运营介入
224731462,嗨大兴,855024,游戏,单机游戏,3,5,3,3.5,0,0,0,0,0,无,中,待激活型：商单一般充电弱，需运营介入
21917830,橙絮搅拌机,490822,游戏,网络游戏,2,3,0,1.25,0,0,0,0,0,无,低,低活跃型：商单充电均弱，需评估内容潜力
696899383,评说,130407,科技,数码,2,3,5,3.75,0,0,0,0,0,无,中,待激活型：商单一般充电弱，需运营介入
26798384,柴知道,1619183,知识,科学科普,4,4,2,3,0,0,0,0,0,无,中,待激活型：商单一般充电弱，需运营介入
1565940384,貓木匠,206136,生活,手工,2,3,1,1.75,0,0,0,0,0,无,低,低活跃型：商单充电均弱，需评估内容潜力
244100385,小B的中间世界,432766,美食,美食测评,2,4,5,4,0,0,0,0,0,无,高,商单依赖型：商单强且趋势好，短期转充电可能性极低
447212385,豆豆豆豆逗是我,412803,生活,搞笑,3,4,4,3.75,0,0,0,0,0,无,中,待激活型：商单一般充电弱，需运营介入
4036386,麦驼oat,849030,娱乐,娱乐杂谈,3,5,2,3,0,0,0,0,0,无,中,待激活型：商单一般充电弱，需运营介入
14626386,任评测,780464,游戏,单机游戏,3,4,4,3.75,0,0,0,0,0,无,中,待激活型：商单一般充电弱，需运营介入
397490386,肝帝董佳宁,1706074,知识,社科·法律·心理,4,5,4,4.25,0,0,0,0,0,无,高,商单依赖型：商单强且趋势好，短期转充电可能性极低
11280389,一只玄九尘,918412,知识,人文历史,2,3,5,3.75,0,0,0,0,0,无,中,待激活型：商单一般充电弱，需运营介入
23793390,帝玖管弦乐团,297936,生活,日常,2,1,0,0.75,0,0,0,0,0,无,低,低活跃型：商单充电均弱，需评估内容潜力
2083634390,一条闲木鱼,1680152,知识,人文历史,3,3,2,2.5,0,0,0,0,0,无,中,待激活型：商单一般充电弱，需运营介入
361556391,庄子HD,835934,生活,出行,4,3,2,2.75,0,0,0,0,0,无,中,待激活型：商单一般充电弱，需运营介入
1148291391,极度测评,81265,生活,家居房产,4,5,5,4.75,0,0,0,0,0,无,高,商单依赖型：商单强且趋势好，短期转充电可能性极低
31922392,考拉上校,119702,科技,数码,2,3,2,2.25,0,0,0,0,0,无,低,低活跃型：商单充电均弱，需评估内容潜力
505274392,飞羽社,609024,科技,科工机械,2,3,5,3.75,0,0,0,0,0,无,中,待激活型：商单一般充电弱，需运营介入
64514393,锦匠制作,164385,科技,数码,2,3,5,3.75,0,0,0,0,0,无,中,待激活型：商单一般充电弱，需运营介入
287993209,無界科技,251733,科技,数码,2,3,3,2.75,0,0,0,0,0,无,中,待激活型：商单一般充电弱，需运营介入
349670393,青山摄影,859843,知识,野生技能协会,2,3,5,3.75,0,0,0,0,0,无,中,待激活型：商单一般充电弱，需运营介入
1959209,逆狱。,615885,科技,数码,4,4,4,4,0,0,0,0,0,无,高,商单依赖型：商单强且趋势好，短期转充电可能性极低
20955632,啦伊萨,93863,科技,数码,3,5,5,4.5,0,0,0,0,0,无,高,商单依赖型：商单强且趋势好，短期转充电可能性极低
96070394,推背兔の,1743284,鬼畜,鬼畜剧场,4,4,3,3.5,0,0,0,0,0,无,中,待激活型：商单一般充电弱，需运营介入
393709394,一串大福,2971066,生活,搞笑,3,4,2,2.75,0,0,0,0,0,无,中,待激活型：商单一般充电弱，需运营介入
7770395,咖米狸,531566,游戏,单机游戏,2,5,2,2.75,0,0,0,0,0,无,中,待激活型：商单一般充电弱，需运营介入
17202395,小鹏HiTech,474354,科技,数码,3,3,5,4,0,0,0,0,0,无,高,商单依赖型：商单强且趋势好，短期转充电可能性极低
49746395,GenJi是真想教会你,3308940,付费,综合,4,4,5,4.5,0,0,0,0,0,无,高,商单依赖型：商单强且趋势好，短期转充电可能性极低
77660396,女编剧就要写女主角,541816,影视,影视杂谈,2,5,1,2.25,0,0,0,0,0,无,低,商单衰退型：曾经商单强但趋势下行，充电转化黄金窗口
1544008396,梗百科,2282351,生活,搞笑,3,4,5,4.25,0,0,0,0,0,无,高,商单依赖型：商单强且趋势好，短期转充电可能性极低
2040085396,大琢磨,129092,科技,极客DIY,2,3,5,3.75,0,0,0,0,0,无,中,待激活型：商单一般充电弱，需运营介入
2516397,小敖不小了,128755,汽车,新能源车,2,1,0,0.75,0,0,0,0,0,无,低,低活跃型：商单充电均弱，需评估内容潜力
10753397,一岸舟,409999,影视,影视剪辑,3,5,2,3,0,0,0,0,0,无,中,待激活型：商单一般充电弱，需运营介入
202346397,小短腿Duby,348409,动物圈,汪星人,2,4,2,2.5,0,0,0,0,0,无,中,待激活型：商单一般充电弱，需运营介入
205030397,米粒_mini,566558,美食,美食制作,2,3,3,2.75,0,0,0,0,0,无,中,待激活型：商单一般充电弱，需运营介入
356619397,识食务者,73978,生活,家居房产,3,4,5,4.25,0,0,0,0,0,无,高,商单依赖型：商单强且趋势好，短期转充电可能性极低
472229397,张森的下班料理,1342805,美食,美食制作,3,4,5,4.25,0,0,0,0,0,无,高,商单依赖型：商单强且趋势好，短期转充电可能性极低
226398,门之匙Silve,819558,时尚,仿妆cos,2,2,4,3,0,0,0,0,0,无,中,待激活型：商单一般充电弱，需运营介入
23244398,三口草莓,1038960,知识,人文历史,2,1,3,2.25,0,0,0,0,0,无,低,低活跃型：商单充电均弱，需评估内容潜力
39861398,核电波,141943,游戏,单机游戏,4,3,5,4.25,0,0,0,0,0,无,高,商单依赖型：商单强且趋势好，短期转充电可能性极低
475443398,黑毛羊驼,1081196,知识,科学科普,3,5,2,3,0,0,0,0,0,无,中,待激活型：商单一般充电弱，需运营介入
35734399,小橙子姐姐解说,2984374,游戏,单机游戏,3,5,1,2.5,0,0,0,0,0,无,中,待激活型：商单一般充电弱，需运营介入
2025400,康贱猫,38119,汽车,赛车,4,3,2,2.75,0,0,0,0,0,无,中,待激活型：商单一般充电弱，需运营介入
4249401,20岁了还没去过星巴克,1172279,生活,出行,3,3,5,4,0,0,0,0,0,无,高,商单依赖型：商单强且趋势好，短期转充电可能性极低
126082401,黑漫君,1029526,生活,日常,3,2,2,2.25,0,0,0,0,0,无,低,低活跃型：商单充电均弱，需评估内容潜力
699441401,麻子讲故事,116873,游戏,手机游戏,2,3,5,3.75,0,0,0,0,0,无,中,待激活型：商单一般充电弱，需运营介入
25356402,Junn杰俊,919246,生活,日常,2,2,3,2.5,0,0,0,0,0,无,中,待激活型：商单一般充电弱，需运营介入
346210208,我叫杂工哥特,156136,科技,数码,3,5,5,4.5,0,0,0,0,0,无,高,商单依赖型：商单强且趋势好，短期转充电可能性极低
2959632,Tdogegg,314316,游戏,单机游戏,2,4,5,4,0,0,0,0,0,无,高,商单依赖型：商单强且趋势好，短期转充电可能性极低
523780849,粗中有细的计数板,670414,动画,动漫杂谈,3,5,5,4.5,0,0,0,0,0,无,高,商单依赖型：商单强且趋势好，短期转充电可能性极低
129240403,燃茶哥哥在此,1970488,游戏,手机游戏,3,2,5,3.75,0,0,0,0,0,无,中,待激活型：商单一般充电弱，需运营介入
1945347403,-冰源-,306678,游戏,单机游戏,2,5,4,3.75,0,0,0,0,0,无,中,待激活型：商单一般充电弱，需运营介入
13030404,妧雪呀,299944,时尚,穿搭,2,3,5,3.75,0,0,0,0,0,无,中,待激活型：商单一般充电弱，需运营介入
304815404,流心影者,553477,影视,影视杂谈,2,5,1,2.25,0,0,0,0,0,无,低,商单衰退型：曾经商单强但趋势下行，充电转化黄金窗口
393163404,科技侠来了,348826,科技,软件应用,3,3,4,3.5,0,0,0,0,0,无,中,待激活型：商单一般充电弱，需运营介入
39737405,学过石油的语文老师,10183233,知识,校园学习,3,3,1,2,0,0,0,0,0,无,低,低活跃型：商单充电均弱，需评估内容潜力
40433405,科技狐,838511,科技,数码,4,3,1,2.25,0,0,0,0,0,无,低,商单衰退型：曾经商单强但趋势下行，充电转化黄金窗口
263090405,猫不理咖啡,1663658,动物圈,喵星人,3,2,5,3.75,0,0,0,0,0,无,中,待激活型：商单一般充电弱，需运营介入
57699407,MrBean荷兰豆,64769,科技,数码,2,4,2,2.5,0,0,0,0,0,无,中,待激活型：商单一般充电弱，需运营介入
94602207,闫闯说车,224134,汽车,汽车生活,3,1,0,1,0,0,0,0,0,无,低,低活跃型：商单充电均弱，需评估内容潜力
38061207,Git源宝,1096005,知识,校园学习,4,4,3,3.5,0,0,0,0,0,无,中,待激活型：商单一般充电弱，需运营介入
1379165407,-超级小能猫-,3358660,生活,搞笑,2,5,2,2.75,0,0,0,0,0,无,中,待激活型：商单一般充电弱，需运营介入
25637408,全嘻嘻,1562208,生活,日常,3,4,5,4.25,0,0,0,0,0,无,高,商单依赖型：商单强且趋势好，短期转充电可能性极低
52717408,Always聪聪,1615751,游戏,网络游戏,4,5,3,3.75,0,0,0,0,0,无,中,待激活型：商单一般充电弱，需运营介入
17329409,坚果小哥哥,395853,时尚,穿搭,2,3,5,3.75,0,0,0,0,0,无,中,待激活型：商单一般充电弱，需运营介入
352431409,那就叫王师傅吧,1391431,生活,日常,2,2,5,3.5,0,0,0,0,0,无,中,待激活型：商单一般充电弱，需运营介入
5342410,布陆,184992,音乐,乐评盘点,2,3,5,3.75,0,0,0,0,0,无,中,待激活型：商单一般充电弱，需运营介入
5818410,芦苇十三少,3137702,动画,同人·手书,3,3,1,2,0,0,0,0,0,无,低,低活跃型：商单充电均弱，需评估内容潜力
429632410,RGB工具人,658479,科技,数码,4,4,4,4,0,0,0,0,0,无,高,商单依赖型：商单强且趋势好，短期转充电可能性极低
1012581410,小万科普君,68800,知识,科学科普,2,4,2,2.5,0,0,0,0,0,无,中,待激活型：商单一般充电弱，需运营介入
472110205,科普小姐姐,356514,知识,科学科普,2,3,5,3.75,0,0,0,0,0,无,中,待激活型：商单一般充电弱，需运营介入
406511630,小杰加电,78089,科技,数码,2,5,5,4.25,0,0,0,0,0,无,高,商单依赖型：商单强且趋势好，短期转充电可能性极低
12119849,红星小学中队长,80018,生活,家居房产,2,3,2,2.25,0,0,0,0,0,无,低,低活跃型：商单充电均弱，需评估内容潜力
13447830,知日wit,392550,时尚,美妆护肤,2,2,5,3.5,0,0,0,0,0,无,中,待激活型：商单一般充电弱，需运营介入
233585707,王者荣耀二锅头qaq,1151800,游戏,电子竞技,2,3,1,1.75,0,0,0,0,0,无,低,低活跃型：商单充电均弱，需评估内容潜力
7514413,小强凌凌柒,391145,游戏,手机游戏,3,4,5,4.25,0,0,0,0,0,无,高,商单依赖型：商单强且趋势好，短期转充电可能性极低
30935221,爱发呆的小鲁,87721,科技,数码,2,2,0,1,0,0,0,0,0,无,低,低活跃型：商单充电均弱，需评估内容潜力
421178217,月亮猹-,423883,生活,手工,2,3,5,3.75,0,0,0,0,0,无,中,待激活型：商单一般充电弱，需运营介入
434334701,七海Nana7mi,1107764,动画,综合,3,5,5,4.5,0,0,0,0,0,无,高,商单依赖型：商单强且趋势好，短期转充电可能性极低
110916701,是啊呦没错,30378,科技,数码,2,4,5,4,0,0,0,0,0,无,高,商单依赖型：商单强且趋势好，短期转充电可能性极低
12874701,石玺彤彤彤彤,433999,音乐,翻唱,3,2,3,2.75,0,0,0,0,0,无,中,待激活型：商单一般充电弱，需运营介入
